trip_id,truck_id,driver_id,origin,destination,route,distance_km,trip_date,cargo_weight_tons,cargo_utilization_pct,fuel_consumed_litres,fuel_price_per_litre,fuel_cost,revenue,driver_allowance,tolls,other_operating_cost,maintenance_allocation,operating_cost,profit,planned_duration_hours,duration_hours,loading_time_hours,has_delay,delay_minutes,road_condition,road_condition_score,weather_condition,weather_risk_score,route_risk_score,border_crossing_flag,border_crossing
TRP00001,TRK018,DRV029,Harare,Gweru,Harare → Gweru,275,2026-01-24,15.4,55.8,97.8,1.72,168.22,395.32,65.25,15.19,52.11,17.46,318.23,77.09,8.9,9.8,3.8,True,52,Poor,0.92,Clear,0.0,0.25,0,None
TRP00002,TRK025,DRV022,Mutare,Chirundu,Mutare → Chirundu,598,2025-10-06,11.2,50.5,239.9,1.81,434.22,737.27,151.57,59.77,119.51,39.77,804.84,-67.57,13.8,14.7,2.8,True,60,Fair,0.35,Cloudy,0.25,0.68,1,Chirundu Border Post
TRP00003,TRK021,DRV012,Gweru,Masvingo,Gweru → Masvingo,160,2026-05-29,15.7,67.7,58.25,1.74,101.36,213.12,62.79,17.88,31.83,10.4,224.26,-11.14,5.9,5.9,3.3,False,0,Good,0.0,Clear,0.0,0.25,0,None
TRP00004,TRK023,DRV017,Bulawayo,Mutare,Bulawayo → Mutare,500,2026-03-15,17.7,65.6,163.9,1.75,286.82,637.27,124.19,18.18,98.18,28.75,556.12,81.15,11.6,11.5,2.8,False,0,Poor,0.92,Clear,0.0,0.25,0,None
TRP00005,TRK018,DRV036,Bulawayo,Masvingo,Bulawayo → Masvingo,260,2025-09-27,26.2,94.9,95.01,1.71,162.47,355.46,66.72,24.5,43.2,16.51,313.4,42.06,9.4,9.7,4.0,False,0,Fair,0.35,Cloudy,0.25,0.25,0,None
TRP00006,TRK013,DRV006,Gweru,Beitbridge,Gweru → Beitbridge,375,2026-01-23,11.8,51.3,148.83,1.89,281.29,462.31,96.83,26.93,61.06,22.12,488.23,-25.92,10.3,13.2,3.1,True,167,Poor,0.92,Clear,0.0,0.52,1,Beitbridge Border Post
TRP00007,TRK032,DRV036,Mutare,Beitbridge,Mutare → Beitbridge,630,2026-01-23,12.0,65.6,254.21,1.77,449.95,834.71,153.6,71.07,103.14,40.01,817.77,16.94,13.9,13.9,3.8,False,0,Good,0.0,Cloudy,0.25,0.7,1,Beitbridge Border Post
TRP00008,TRK032,DRV029,Gweru,Masvingo,Gweru → Masvingo,160,2025-09-30,12.5,68.3,70.16,1.76,123.48,186.43,56.16,1.56,31.78,10.16,223.14,-36.71,7.6,7.7,4.9,False,0,Good,0.0,Clear,0.0,0.25,0,None
TRP00009,TRK019,DRV015,Harare,Gweru,Harare → Gweru,275,2026-04-17,11.7,42.2,91.12,1.61,146.7,394.2,74.98,16.08,50.15,15.81,303.72,90.48,8.3,8.3,3.6,False,0,Fair,0.35,Clear,0.0,0.25,0,None
TRP00010,TRK020,DRV043,Bulawayo,Gweru,Bulawayo → Gweru,165,2026-07-16,25.4,93.4,53.92,1.74,93.82,237.77,59.94,11.03,29.12,9.73,203.64,34.13,5.6,5.4,2.8,False,0,Good,0.0,Clear,0.0,0.25,0,None
TRP00011,TRK031,DRV036,Mutare,Gweru,Mutare → Gweru,365,2026-06-20,13.9,64.7,139.4,1.69,235.59,464.93,97.5,25.46,68.56,23.73,450.84,14.09,9.3,9.6,3.6,False,0,Good,0.0,Cloudy,0.25,0.25,0,None
TRP00012,TRK028,DRV036,Mutare,Gweru,Mutare → Gweru,365,2026-03-10,19.6,83.4,140.91,1.65,232.5,572.69,95.65,18.43,60.5,22.08,429.16,143.53,9.8,9.9,3.9,False,0,Good,0.0,Clear,0.0,0.25,0,None
TRP00013,TRK030,DRV018,Mutare,Gweru,Mutare → Gweru,365,2026-02-25,19.5,95.1,151.76,1.71,259.51,559.79,91.81,28.38,62.79,22.63,465.12,94.67,11.8,12.1,4.7,False,0,Fair,0.35,Clear,0.0,0.25,0,None
TRP00014,TRK015,DRV008,Bulawayo,Masvingo,Bulawayo → Masvingo,260,2025-12-29,12.7,50.6,93.2,1.84,171.49,374.37,74.27,14.76,48.29,15.73,324.54,49.83,7.1,7.2,2.9,False,0,Fair,0.35,Clear,0.0,0.25,0,None
TRP00015,TRK008,DRV035,Bulawayo,Chirundu,Bulawayo → Chirundu,775,2026-09-10,14.4,60.5,269.7,1.87,504.34,1102.49,190.84,73.9,148.95,50.38,968.41,134.08,16.3,16.2,3.9,False,0,Good,0.0,Clear,0.0,0.72,1,Chirundu Border Post
TRP00016,TRK013,DRV014,Harare,Chirundu,Harare → Chirundu,335,2026-05-27,17.1,74.3,126.58,1.7,215.19,446.41,96.11,53.18,66.69,19.77,450.94,-4.53,9.0,8.9,3.4,False,0,Good,0.0,Cloudy,0.25,0.45,1,Chirundu Border Post
TRP00017,TRK034,DRV039,Bulawayo,Masvingo,Bulawayo → Masvingo,260,2026-02-13,19.5,73.3,102.23,1.85,189.13,406.45,71.17,3.66,48.18,15.34,327.48,78.97,9.0,9.1,4.3,False,0,Poor,0.92,Clear,0.0,0.25,0,None
TRP00018,TRK013,DRV019,Harare,Masvingo,Harare → Masvingo,292,2026-01-16,14.4,62.6,121.61,1.56,189.71,370.33,81.86,23.44,48.58,17.23,360.82,9.51,9.3,9.2,3.6,False,0,Fair,0.35,Rain,0.65,0.25,0,None
TRP00019,TRK012,DRV020,Mutare,Gweru,Mutare → Gweru,365,2025-09-29,8.7,33.0,116.38,1.77,205.99,490.68,99.1,26.91,59.55,19.89,411.44,79.24,8.5,8.4,3.0,False,0,Good,0.0,Clear,0.0,0.25,0,None
TRP00020,TRK009,DRV018,Gweru,Chirundu,Gweru → Chirundu,610,2025-10-15,12.1,58.7,254.91,1.8,458.84,684.23,153.35,56.36,118.18,38.73,825.46,-141.23,13.7,13.7,3.4,False,0,Good,0.0,Cloudy,0.25,0.62,1,Chirundu Border Post
TRP00021,TRK019,DRV045,Harare,Mutare,Harare → Mutare,263,2025-11-25,12.8,46.2,83.6,1.79,149.64,387.05,72.51,3.75,47.86,15.12,288.88,98.17,6.3,6.5,1.9,False,0,Fair,0.35,Clear,0.0,0.25,0,None
TRP00022,TRK032,DRV007,Beitbridge,Chirundu,Beitbridge → Chirundu,830,2025-09-28,16.8,91.8,366.64,1.66,608.62,1218.83,206.2,56.69,136.25,52.7,1060.46,158.37,21.9,24.7,4.3,True,168,Poor,0.8,Clear,0.0,0.78,1,Chirundu Border Post
TRP00023,TRK019,DRV031,Masvingo,Beitbridge,Masvingo → Beitbridge,215,2026-05-25,14.8,53.4,71.31,1.54,109.82,287.73,64.44,58.18,39.7,12.36,284.5,3.23,7.1,9.3,3.6,True,145,Fair,0.35,Clear,0.0,0.58,1,Beitbridge Border Post
TRP00024,TRK022,DRV012,Mutare,Chirundu,Mutare → Chirundu,598,2025-10-18,18.2,75.8,221.12,1.57,347.16,743.64,145.9,44.24,108.1,33.49,678.89,64.75,14.6,14.7,4.6,False,0,Fair,0.35,Clear,0.0,0.68,1,Chirundu Border Post
TRP00025,TRK031,DRV008,Bulawayo,Masvingo,Bulawayo → Masvingo,260,2025-10-25,20.4,94.9,109.28,1.83,199.98,359.35,68.03,6.53,48.18,16.9,339.62,19.73,9.0,9.0,4.3,False,0,Good,0.0,Clear,0.0,0.25,0,None
TRP00026,TRK032,DRV005,Mutare,Masvingo,Mutare → Masvingo,380,2026-07-14,9.5,51.9,161.3,1.91,308.08,522.43,97.18,19.57,66.32,24.13,515.28,7.15,9.5,9.5,3.1,False,0,Fair,0.35,Rain,0.65,0.25,0,None
TRP00027,TRK004,DRV010,Beitbridge,Chirundu,Beitbridge → Chirundu,830,2025-12-07,16.7,64.5,313.02,1.72,538.39,1280.23,200.5,50.22,151.56,48.97,989.64,290.59,18.5,19.6,4.2,True,53,Poor,0.92,Rain,0.65,0.78,1,Chirundu Border Post
TRP00028,TRK020,DRV006,Masvingo,Beitbridge,Masvingo → Beitbridge,215,2026-01-27,15.6,57.4,68.8,1.79,123.15,263.79,66.98,64.56,34.96,12.68,302.33,-38.54,7.4,8.1,3.7,True,37,Poor,0.92,Clear,0.0,0.58,1,Beitbridge Border Post
TRP00029,TRK027,DRV039,Harare,Masvingo,Harare → Masvingo,292,2026-07-24,10.1,38.1,88.42,1.81,160.04,433.74,91.34,23.16,50.9,15.91,341.35,92.39,6.9,6.5,2.2,False,0,Good,0.0,Clear,0.0,0.25,0,None
TRP00030,TRK015,DRV034,Masvingo,Chirundu,Masvingo → Chirundu,627,2026-04-04,19.4,77.3,223.72,1.73,387.04,791.69,149.5,70.18,126.13,37.93,770.78,20.91,13.6,14.8,3.0,True,68,Good,0.0,Clear,0.0,0.64,1,Chirundu Border Post
TRP00031,TRK029,DRV020,Mutare,Chirundu,Mutare → Chirundu,598,2026-07-20,12.7,54.3,232.7,1.7,395.59,858.94,147.85,48.16,100.44,37.97,730.01,128.93,11.9,12.1,2.9,False,0,Good,0.0,Clear,0.0,0.68,1,Chirundu Border Post
TRP00032,TRK020,DRV037,Mutare,Beitbridge,Mutare → Beitbridge,630,2026-08-05,14.9,54.8,197.61,1.56,308.27,853.03,149.67,34.62,123.11,37.17,652.84,200.19,13.3,13.4,3.2,False,0,Good,0.0,Cloudy,0.25,0.7,1,Beitbridge Border Post
TRP00033,TRK007,DRV014,Harare,Mutare,Harare → Mutare,263,2026-08-08,18.3,73.8,94.77,1.7,161.11,348.91,74.79,14.48,50.61,14.73,315.72,33.19,8.3,8.4,3.7,False,0,Fair,0.35,Clear,0.0,0.25,0,None
TRP00034,TRK017,DRV043,Bulawayo,Mutare,Bulawayo → Mutare,500,2025-11-02,25.0,95.1,165.11,1.64,270.78,714.07,126.67,18.92,84.51,27.25,528.13,185.94,13.9,13.7,4.2,False,0,Fair,0.35,Clear,0.0,0.25,0,None
TRP00035,TRK016,DRV012,Harare,Chirundu,Harare → Chirundu,335,2026-07-01,22.2,84.4,114.3,1.65,188.59,449.85,84.2,58.03,67.29,18.76,416.87,32.98,10.7,11.5,4.5,True,47,Poor,0.8,Clear,0.0,0.45,1,Chirundu Border Post
TRP00036,TRK011,DRV001,Harare,Gweru,Harare → Gweru,275,2026-04-19,17.7,91.2,118.18,1.76,208.0,425.44,79.07,21.97,49.34,17.46,375.84,49.6,10.5,10.4,4.9,False,0,Good,0.0,Cloudy,0.25,0.25,0,None
TRP00037,TRK031,DRV019,Mutare,Chirundu,Mutare → Chirundu,598,2025-10-08,12.2,56.7,258.32,1.6,413.31,680.07,144.44,49.38,120.21,38.87,766.21,-86.14,13.6,13.4,3.6,False,0,Fair,0.35,Clear,0.0,0.68,1,Chirundu Border Post
TRP00038,TRK019,DRV019,Bulawayo,Gweru,Bulawayo → Gweru,165,2026-09-16,20.5,74.0,59.95,1.66,99.52,265.45,55.11,1.11,29.17,9.49,194.4,71.05,5.7,5.6,2.9,False,0,Fair,0.35,Cloudy,0.25,0.25,0,None
TRP00039,TRK005,DRV044,Mutare,Chirundu,Mutare → Chirundu,598,2026-01-19,18.6,78.8,224.63,1.58,354.92,915.04,147.77,34.07,111.6,34.38,682.74,232.3,13.5,13.3,3.4,False,0,Good,0.0,Cloudy,0.25,0.68,1,Chirundu Border Post
TRP00040,TRK013,DRV028,Bulawayo,Masvingo,Bulawayo → Masvingo,260,2025-11-19,14.5,63.0,96.44,1.66,160.09,370.23,67.0,25.58,45.7,15.34,313.71,56.52,7.8,7.7,3.6,False,0,Good,0.0,Clear,0.0,0.25,0,None
TRP00041,TRK015,DRV042,Gweru,Chirundu,Gweru → Chirundu,610,2025-12-07,23.8,94.8,219.17,1.69,370.4,776.47,151.82,63.06,118.32,36.91,740.51,35.96,15.7,15.5,4.1,False,0,Fair,0.35,Cloudy,0.25,0.62,1,Chirundu Border Post
TRP00042,TRK010,DRV005,Bulawayo,Masvingo,Bulawayo → Masvingo,260,2025-10-22,21.4,95.1,106.52,1.71,182.15,383.42,73.02,27.46,47.24,16.12,345.99,37.43,8.8,8.6,4.4,False,0,Good,0.0,Clear,0.0,0.25,0,None
TRP00043,TRK020,DRV039,Harare,Chirundu,Harare → Chirundu,335,2026-07-10,18.3,67.3,99.25,1.78,176.66,445.13,87.08,77.55,64.25,19.77,425.31,19.82,10.0,10.1,4.6,False,0,Good,0.0,Clear,0.0,0.45,1,Chirundu Border Post
TRP00044,TRK029,DRV008,Bulawayo,Beitbridge,Bulawayo → Beitbridge,270,2026-05-19,13.0,55.6,103.96,1.55,161.14,387.38,78.32,59.21,46.94,17.14,362.75,24.63,8.3,8.2,3.2,False,0,Fair,0.35,Cloudy,0.25,0.55,1,Beitbridge Border Post
TRP00045,TRK026,DRV018,Bulawayo,Beitbridge,Bulawayo → Beitbridge,270,2026-06-05,13.8,48.9,96.32,1.96,188.79,355.97,77.53,79.68,50.95,17.14,414.09,-58.12,8.4,8.3,3.7,False,0,Fair,0.35,Rain,0.65,0.55,1,Beitbridge Border Post
TRP00046,TRK032,DRV029,Gweru,Chirundu,Gweru → Chirundu,610,2025-11-02,11.5,62.8,265.4,1.87,496.3,786.87,153.96,77.59,101.31,38.73,867.89,-81.02,14.0,14.1,3.3,False,0,Fair,0.35,Clear,0.0,0.62,1,Chirundu Border Post
TRP00047,TRK003,DRV028,Masvingo,Chirundu,Masvingo → Chirundu,627,2026-03-06,13.2,57.4,218.95,1.63,356.89,737.63,152.66,23.63,118.91,35.11,687.2,50.43,13.2,15.1,2.2,True,118,Fair,0.35,Cloudy,0.25,0.64,1,Chirundu Border Post
TRP00048,TRK017,DRV002,Masvingo,Chirundu,Masvingo → Chirundu,627,2025-11-07,14.6,55.5,193.48,1.78,344.39,850.69,146.86,39.99,112.28,34.17,677.69,173.0,14.5,16.0,3.7,True,89,Fair,0.35,Cloudy,0.25,0.64,1,Chirundu Border Post
TRP00049,TRK002,DRV044,Bulawayo,Gweru,Bulawayo → Gweru,165,2026-02-06,15.1,64.5,57.62,1.83,105.44,205.41,52.71,27.91,27.05,10.23,223.34,-17.93,6.2,6.0,3.1,False,0,Good,0.0,Clear,0.0,0.25,0,None
TRP00050,TRK003,DRV012,Masvingo,Beitbridge,Masvingo → Beitbridge,215,2026-05-20,12.0,52.2,74.15,1.77,131.25,257.04,66.34,26.64,40.11,12.04,276.38,-19.34,7.1,7.1,3.6,False,0,Good,0.0,Clear,0.0,0.58,1,Beitbridge Border Post
TRP00051,TRK029,DRV018,Gweru,Beitbridge,Gweru → Beitbridge,375,2025-12-23,20.1,85.9,144.76,1.53,221.48,476.07,95.64,71.33,64.53,23.81,476.79,-0.72,11.4,11.7,4.7,False,0,Fair,0.35,Clear,0.0,0.52,1,Beitbridge Border Post
TRP00052,TRK028,DRV041,Masvingo,Beitbridge,Masvingo → Beitbridge,215,2026-05-31,15.3,65.1,90.21,1.9,171.4,319.81,64.51,32.98,38.36,13.01,320.26,-0.45,6.6,6.7,3.1,False,0,Fair,0.35,Clear,0.0,0.58,1,Beitbridge Border Post
TRP00053,TRK031,DRV023,Harare,Gweru,Harare → Gweru,275,2026-04-19,17.6,81.9,118.28,1.54,182.15,406.34,84.14,9.51,54.24,17.88,347.92,58.42,9.3,9.1,4.4,False,0,Good,0.0,Rain,0.65,0.25,0,None
TRP00054,TRK021,DRV043,Bulawayo,Chirundu,Bulawayo → Chirundu,775,2025-11-14,21.3,91.8,311.94,1.61,502.22,939.12,185.1,79.59,143.49,50.38,960.78,-21.66,18.0,20.4,4.2,True,159,Fair,0.35,Clear,0.0,0.72,1,Chirundu Border Post
TRP00055,TRK022,DRV027,Harare,Chirundu,Harare → Chirundu,335,2026-09-12,16.8,70.0,120.37,1.7,204.63,475.46,91.26,59.82,65.36,18.76,439.83,35.63,9.8,9.7,3.9,False,0,Good,0.0,Clear,0.0,0.45,1,Chirundu Border Post
TRP00056,TRK019,DRV043,Gweru,Masvingo,Gweru → Masvingo,160,2026-04-15,18.8,67.9,55.9,1.82,101.74,217.15,52.1,21.77,29.51,9.2,214.32,2.83,6.8,6.7,4.2,False,0,Good,0.0,Clear,0.0,0.25,0,None
TRP00057,TRK003,DRV030,Gweru,Chirundu,Gweru → Chirundu,610,2025-11-06,15.6,67.8,229.2,1.74,398.81,808.94,146.06,73.38,108.36,34.16,760.77,48.17,14.3,14.4,3.0,False,0,Fair,0.35,Rain,0.65,0.62,1,Chirundu Border Post
TRP00058,TRK017,DRV021,Bulawayo,Chirundu,Bulawayo → Chirundu,775,2025-11-20,19.4,73.8,251.63,1.67,420.22,994.91,174.92,64.01,152.51,42.24,853.9,141.01,17.9,18.0,4.0,False,0,Poor,0.92,Cloudy,0.25,0.72,1,Chirundu Border Post
TRP00059,TRK033,DRV001,Mutare,Masvingo,Mutare → Masvingo,380,2026-08-24,15.9,70.7,164.39,1.45,238.37,584.99,94.84,23.94,63.06,25.27,445.48,139.51,10.0,9.8,3.7,False,0,Good,0.0,Cloudy,0.25,0.25,0,None
TRP00060,TRK030,DRV027,Gweru,Chirundu,Gweru → Chirundu,610,2025-10-19,19.0,92.7,277.77,1.91,530.54,808.85,165.09,54.86,108.7,37.82,897.01,-88.16,17.0,19.8,5.2,True,170,Fair,0.35,Rain,0.65,0.62,1,Chirundu Border Post
TRP00061,TRK034,DRV024,Bulawayo,Mutare,Bulawayo → Mutare,500,2026-08-06,22.7,85.3,197.8,1.81,358.02,648.34,127.12,10.18,99.91,29.5,624.73,23.61,13.7,13.7,3.9,False,0,Poor,0.8,Cloudy,0.25,0.25,0,None
TRP00062,TRK029,DRV004,Gweru,Masvingo,Gweru → Masvingo,160,2026-01-04,12.7,54.3,58.58,1.73,101.34,214.45,47.28,7.78,26.21,10.16,192.77,21.68,5.3,5.1,2.6,False,0,Good,0.0,Clear,0.0,0.25,0,None
TRP00063,TRK009,DRV019,Bulawayo,Masvingo,Bulawayo → Masvingo,260,2026-05-04,11.1,53.9,105.46,1.53,161.35,369.23,72.06,27.05,52.26,16.51,329.23,40.0,8.4,8.4,3.8,False,0,Good,0.0,Clear,0.0,0.25,0,None
TRP00064,TRK008,DRV002,Gweru,Masvingo,Gweru → Masvingo,160,2026-08-10,12.4,52.1,61.33,1.75,107.33,235.16,46.03,16.27,26.97,10.4,207.0,28.16,5.4,5.1,2.7,False,0,Poor,0.8,Cloudy,0.25,0.25,0,None
TRP00065,TRK016,DRV011,Masvingo,Chirundu,Masvingo → Chirundu,627,2026-02-28,18.6,70.7,209.93,1.65,346.38,851.91,153.45,66.34,106.71,35.11,707.99,143.92,15.0,17.5,3.6,True,163,Fair,0.35,Clear,0.0,0.64,1,Chirundu Border Post
TRP00066,TRK001,DRV036,Gweru,Chirundu,Gweru → Chirundu,610,2026-04-18,12.5,59.8,251.5,1.59,399.89,788.96,151.98,34.72,115.98,41.48,744.05,44.91,14.5,14.4,4.6,False,0,Good,0.0,Clear,0.0,0.62,1,Chirundu Border Post
TRP00067,TRK015,DRV008,Harare,Gweru,Harare → Gweru,275,2026-05-16,22.2,88.4,104.19,1.86,193.79,444.08,72.64,15.53,49.89,16.64,348.49,95.59,10.1,10.0,4.9,False,0,Good,0.0,Clear,0.0,0.25,0,None
TRP00068,TRK010,DRV032,Harare,Masvingo,Harare → Masvingo,292,2026-02-18,15.1,67.1,118.46,1.73,204.94,452.5,80.79,16.63,49.71,18.1,370.17,82.33,9.0,9.2,3.9,False,0,Good,0.0,Rain,0.65,0.25,0,None
TRP00069,TRK018,DRV027,Gweru,Beitbridge,Gweru → Beitbridge,375,2026-05-27,18.9,68.5,137.72,1.74,239.63,510.07,95.72,31.23,75.43,23.81,465.82,44.25,10.4,10.6,4.2,False,0,Fair,0.35,Clear,0.0,0.52,1,Beitbridge Border Post
TRP00070,TRK016,DRV030,Gweru,Masvingo,Gweru → Masvingo,160,2026-07-01,20.0,76.0,49.82,1.77,88.18,215.55,47.78,18.68,30.68,8.96,194.28,21.27,4.8,4.7,1.9,False,0,Poor,0.8,Clear,0.0,0.25,0,None
TRP00071,TRK025,DRV013,Harare,Beitbridge,Harare → Beitbridge,582,2026-07-25,17.0,76.6,248.13,1.62,401.97,695.02,147.66,27.74,97.79,38.7,713.86,-18.84,15.2,17.0,4.8,True,111,Good,0.0,Rain,0.65,0.65,1,Beitbridge Border Post
TRP00072,TRK009,DRV005,Gweru,Beitbridge,Gweru → Beitbridge,375,2026-02-10,14.1,68.4,160.06,1.62,259.3,520.9,99.72,77.0,65.84,23.81,525.67,-4.77,10.3,10.3,3.8,False,0,Good,0.0,Clear,0.0,0.52,1,Beitbridge Border Post
TRP00073,TRK022,DRV033,Mutare,Beitbridge,Mutare → Beitbridge,630,2026-02-05,17.7,73.8,231.48,1.78,412.03,918.65,157.95,76.85,111.2,35.28,793.31,125.34,15.5,15.5,4.2,False,0,Good,0.0,Clear,0.0,0.7,1,Beitbridge Border Post
TRP00074,TRK019,DRV020,Harare,Bulawayo,Harare → Bulawayo,440,2026-07-19,25.2,91.0,164.86,1.8,296.75,679.32,108.15,12.24,78.95,25.3,521.39,157.93,12.2,12.3,4.1,False,0,Fair,0.35,Cloudy,0.25,0.25,0,None
TRP00075,TRK032,DRV010,Masvingo,Beitbridge,Masvingo → Beitbridge,215,2026-05-08,12.8,69.9,90.94,1.68,152.78,259.69,59.8,71.64,36.93,13.65,334.8,-75.11,7.3,10.1,3.9,True,179,Good,0.0,Clear,0.0,0.58,1,Beitbridge Border Post
TRP00076,TRK031,DRV023,Gweru,Chirundu,Gweru → Chirundu,610,2026-03-11,11.5,53.5,242.1,1.69,409.15,729.6,152.28,62.08,121.84,39.65,785.0,-55.4,13.4,13.5,3.4,False,0,Good,0.0,Rain,0.65,0.62,1,Chirundu Border Post
TRP00077,TRK035,DRV025,Gweru,Chirundu,Gweru → Chirundu,610,2026-05-13,7.3,34.9,238.15,1.82,433.43,659.62,146.56,72.51,113.56,37.82,803.88,-144.26,12.4,12.3,3.0,False,0,Fair,0.35,Clear,0.0,0.62,1,Chirundu Border Post
TRP00078,TRK013,DRV045,Bulawayo,Chirundu,Bulawayo → Chirundu,775,2026-01-22,14.0,60.9,302.8,1.62,490.54,960.88,182.81,75.43,151.43,45.72,945.93,14.95,16.7,18.2,4.0,True,94,Good,0.0,Rain,0.65,0.72,1,Chirundu Border Post
TRP00079,TRK025,DRV015,Masvingo,Beitbridge,Masvingo → Beitbridge,215,2026-04-20,17.1,77.0,91.32,1.73,157.98,310.54,64.36,35.47,39.82,14.3,311.93,-1.39,6.6,6.8,3.2,False,0,Fair,0.35,Cloudy,0.25,0.58,1,Beitbridge Border Post
TRP00080,TRK021,DRV031,Harare,Mutare,Harare → Mutare,263,2026-09-18,15.7,67.7,98.05,1.83,179.43,392.36,80.09,4.15,50.67,17.1,331.44,60.92,9.2,11.1,4.5,True,123,Fair,0.35,Clear,0.0,0.25,0,None
TRP00081,TRK025,DRV043,Mutare,Masvingo,Mutare → Masvingo,380,2026-08-21,11.6,52.3,142.13,1.63,231.67,568.08,105.78,2.09,63.64,25.27,428.45,139.63,9.5,9.9,3.2,False,0,Fair,0.35,Clear,0.0,0.25,0,None
TRP00082,TRK032,DRV003,Harare,Beitbridge,Harare → Beitbridge,582,2025-11-25,14.1,77.0,255.05,1.68,428.48,765.7,140.06,50.05,110.1,36.96,765.65,0.05,15.2,15.3,3.9,False,0,Fair,0.35,Cloudy,0.25,0.65,1,Beitbridge Border Post
TRP00083,TRK022,DRV007,Gweru,Beitbridge,Gweru → Beitbridge,375,2026-05-05,17.5,72.9,147.73,1.88,277.73,513.92,100.57,23.09,70.73,21.0,493.12,20.8,9.8,10.0,3.4,False,0,Fair,0.35,Clear,0.0,0.52,1,Beitbridge Border Post
TRP00084,TRK034,DRV030,Harare,Masvingo,Harare → Masvingo,292,2025-09-29,13.9,52.3,94.09,1.64,154.31,429.41,73.48,26.79,48.97,17.23,320.78,108.63,8.1,8.3,3.7,False,0,Good,0.0,Clear,0.0,0.25,0,None
TRP00085,TRK027,DRV042,Harare,Beitbridge,Harare → Beitbridge,582,2025-12-10,18.9,71.3,182.44,1.76,321.09,886.15,142.12,59.14,113.25,31.72,667.32,218.83,15.1,16.0,4.4,True,60,Fair,0.35,Clear,0.0,0.65,1,Beitbridge Border Post
TRP00086,TRK031,DRV017,Harare,Gweru,Harare → Gweru,275,2026-03-14,14.7,68.4,100.54,1.63,163.88,360.33,81.94,7.72,52.74,17.88,324.16,36.17,8.3,8.5,3.6,False,0,Good,0.0,Cloudy,0.25,0.25,0,None
TRP00087,TRK026,DRV042,Masvingo,Chirundu,Masvingo → Chirundu,627,2025-11-02,19.3,68.4,231.47,1.49,344.89,778.79,155.31,30.58,105.93,39.81,676.52,102.27,15.2,15.6,3.7,True,25,Good,0.0,Clear,0.0,0.64,1,Chirundu Border Post
TRP00088,TRK035,DRV025,Bulawayo,Chirundu,Bulawayo → Chirundu,775,2026-03-03,18.1,86.6,332.21,1.75,581.37,1239.33,173.25,31.54,132.33,48.05,966.54,272.79,18.2,21.0,4.2,True,168,Good,0.0,Cloudy,0.25,0.72,1,Chirundu Border Post
TRP00089,TRK032,DRV035,Beitbridge,Chirundu,Beitbridge → Chirundu,830,2025-10-10,11.7,63.9,319.34,1.62,517.33,934.89,195.78,56.09,150.44,52.7,972.34,-37.45,18.0,18.3,3.5,False,0,Good,0.0,Cloudy,0.25,0.78,1,Chirundu Border Post
TRP00090,TRK005,DRV016,Masvingo,Chirundu,Masvingo → Chirundu,627,2026-08-11,16.1,68.2,232.69,1.56,363.0,865.32,146.34,53.85,118.37,36.05,717.61,147.71,14.6,16.1,3.2,True,86,Good,0.0,Rain,0.65,0.64,1,Chirundu Border Post
TRP00091,TRK015,DRV006,Bulawayo,Beitbridge,Bulawayo → Beitbridge,270,2026-05-02,20.1,80.1,92.13,1.69,155.7,379.86,73.12,23.57,46.04,16.34,314.77,65.09,8.5,11.3,4.0,True,156,Good,0.0,Clear,0.0,0.55,1,Beitbridge Border Post
TRP00092,TRK007,DRV029,Harare,Masvingo,Harare → Masvingo,292,2025-12-16,23.6,95.2,116.4,1.87,217.67,383.12,78.73,25.81,51.01,16.35,389.57,-6.45,10.3,12.9,3.6,True,163,Poor,0.92,Rain,0.65,0.25,0,None
TRP00093,TRK002,DRV003,Bulawayo,Beitbridge,Bulawayo → Beitbridge,270,2026-03-07,13.7,58.5,106.78,1.75,186.87,317.7,67.51,26.92,50.36,16.74,348.4,-30.7,7.4,9.8,3.0,True,149,Fair,0.35,Clear,0.0,0.55,1,Beitbridge Border Post
TRP00094,TRK019,DRV023,Harare,Mutare,Harare → Mutare,263,2026-04-01,14.1,50.9,88.3,1.85,163.35,343.58,76.5,28.46,48.61,15.12,332.04,11.54,8.4,8.3,4.0,False,0,Fair,0.35,Cloudy,0.25,0.25,0,None
TRP00095,TRK010,DRV016,Mutare,Beitbridge,Mutare → Beitbridge,630,2026-06-20,17.8,79.1,241.52,1.6,386.43,775.29,156.45,31.59,104.64,39.06,718.17,57.12,14.2,14.1,3.6,False,0,Good,0.0,Clear,0.0,0.7,1,Beitbridge Border Post
TRP00096,TRK012,DRV011,Mutare,Beitbridge,Mutare → Beitbridge,630,2025-12-20,23.9,90.5,271.25,1.67,452.99,1044.05,152.74,39.76,113.31,34.34,793.14,250.91,15.3,18.0,3.6,True,163,Poor,0.92,Clear,0.0,0.7,1,Beitbridge Border Post
TRP00097,TRK025,DRV040,Harare,Gweru,Harare → Gweru,275,2026-09-06,20.9,94.1,126.15,1.65,208.15,343.15,73.09,21.69,48.79,18.29,370.01,-26.86,9.3,9.3,3.8,False,0,Fair,0.35,Rain,0.65,0.25,0,None
TRP00098,TRK032,DRV038,Bulawayo,Gweru,Bulawayo → Gweru,165,2025-12-04,15.1,82.5,68.96,1.71,117.92,235.98,58.98,28.37,29.29,10.48,245.04,-9.06,6.7,6.8,3.8,False,0,Good,0.0,Clear,0.0,0.25,0,None
TRP00099,TRK030,DRV041,Bulawayo,Gweru,Bulawayo → Gweru,165,2026-01-30,15.6,76.1,76.49,1.66,126.97,242.18,40.45,14.89,29.77,10.23,222.31,19.87,6.5,6.4,3.5,False,0,Poor,0.92,Cloudy,0.25,0.25,0,None
TRP00100,TRK017,DRV043,Mutare,Chirundu,Mutare → Chirundu,598,2025-09-26,18.7,71.1,185.62,1.72,319.27,909.07,135.91,52.19,119.74,32.59,659.7,249.37,13.8,14.3,3.9,True,34,Fair,0.35,Rain,0.65,0.68,1,Chirundu Border Post
TRP00101,TRK019,DRV044,Mutare,Chirundu,Mutare → Chirundu,598,2026-06-28,12.4,44.8,181.62,1.62,294.22,870.35,150.33,53.86,120.13,34.38,652.92,217.43,12.4,12.1,2.8,False,0,Good,0.0,Cloudy,0.25,0.68,1,Chirundu Border Post
TRP00102,TRK005,DRV029,Harare,Chirundu,Harare → Chirundu,335,2026-03-17,12.8,54.2,112.18,1.69,189.58,416.59,91.53,72.46,54.59,19.26,427.42,-10.83,10.7,10.6,4.1,False,0,Poor,0.92,Clear,0.0,0.45,1,Chirundu Border Post
TRP00103,TRK020,DRV041,Masvingo,Beitbridge,Masvingo → Beitbridge,215,2026-04-27,20.7,76.1,73.12,1.64,119.92,262.68,67.14,51.34,36.65,12.68,287.73,-25.05,6.9,6.7,3.1,False,0,Good,0.0,Cloudy,0.25,0.58,1,Beitbridge Border Post
TRP00104,TRK030,DRV020,Bulawayo,Masvingo,Bulawayo → Masvingo,260,2026-01-01,13.9,67.8,101.55,1.61,163.5,401.07,74.54,19.55,51.09,16.12,324.8,76.27,8.4,8.5,4.1,False,0,Fair,0.35,Clear,0.0,0.25,0,None
TRP00105,TRK031,DRV007,Mutare,Masvingo,Mutare → Masvingo,380,2026-01-21,14.3,66.5,153.52,1.76,270.2,440.03,94.94,9.05,75.15,24.7,474.04,-34.01,9.6,10.0,3.2,False,0,Good,0.0,Clear,0.0,0.25,0,None
TRP00106,TRK023,DRV037,Mutare,Masvingo,Mutare → Masvingo,380,2026-02-20,17.8,65.9,114.33,1.76,201.22,596.37,96.55,11.92,68.26,21.85,399.8,196.57,10.0,9.9,4.0,False,0,Fair,0.35,Clear,0.0,0.25,0,None
TRP00107,TRK002,DRV043,Bulawayo,Beitbridge,Bulawayo → Beitbridge,270,2026-04-12,19.8,84.6,103.89,1.68,174.54,425.11,79.2,69.8,54.17,16.74,394.45,30.66,7.7,7.9,3.1,False,0,Good,0.0,Cloudy,0.25,0.55,1,Beitbridge Border Post
TRP00108,TRK001,DRV037,Bulawayo,Masvingo,Bulawayo → Masvingo,260,2026-09-08,16.0,76.6,113.18,1.76,199.2,408.07,78.33,14.49,46.82,17.68,356.52,51.55,7.3,7.4,3.0,False,0,Good,0.0,Cloudy,0.25,0.25,0,None
TRP00109,TRK032,DRV019,Harare,Mutare,Harare → Mutare,263,2026-01-17,12.3,67.2,111.75,1.84,205.62,395.36,80.25,1.06,44.25,16.7,347.88,47.48,7.5,7.4,2.7,False,0,Fair,0.35,Clear,0.0,0.25,0,None
TRP00110,TRK023,DRV015,Masvingo,Chirundu,Masvingo → Chirundu,627,2026-08-13,10.8,40.0,196.42,1.7,333.91,706.35,151.92,23.8,106.42,36.05,652.1,54.25,14.3,14.5,4.1,False,0,Fair,0.35,Cloudy,0.25,0.64,1,Chirundu Border Post
TRP00111,TRK017,DRV044,Bulawayo,Mutare,Bulawayo → Mutare,500,2026-08-25,21.3,81.0,169.7,1.72,291.88,796.26,131.3,10.44,82.79,27.25,543.66,252.6,12.9,13.3,4.1,False,0,Fair,0.35,Cloudy,0.25,0.25,0,None
TRP00112,TRK007,DRV041,Harare,Beitbridge,Harare → Beitbridge,582,2026-08-18,23.6,95.2,223.41,1.72,384.27,801.57,143.95,60.37,104.3,32.59,725.48,76.09,15.0,15.1,4.8,False,0,Good,0.0,Clear,0.0,0.65,1,Beitbridge Border Post
TRP00113,TRK020,DRV029,Harare,Mutare,Harare → Mutare,263,2025-10-09,23.0,84.6,88.08,1.69,148.86,383.95,72.44,13.1,52.97,15.52,302.89,81.06,9.1,8.9,4.4,False,0,Good,0.0,Clear,0.0,0.25,0,None
TRP00114,TRK024,DRV009,Masvingo,Beitbridge,Masvingo → Beitbridge,215,2025-11-07,12.3,50.0,63.05,1.76,110.97,245.59,73.93,48.14,42.46,11.72,287.22,-41.63,7.8,8.9,3.9,True,67,Good,0.0,Rain,0.65,0.58,1,Beitbridge Border Post
TRP00115,TRK021,DRV027,Bulawayo,Beitbridge,Bulawayo → Beitbridge,270,2025-12-20,14.0,60.3,107.5,1.71,183.82,378.25,83.33,59.75,50.92,17.55,395.37,-17.12,8.3,10.2,3.3,True,96,Fair,0.35,Rain,0.65,0.55,1,Beitbridge Border Post
TRP00116,TRK009,DRV035,Bulawayo,Mutare,Bulawayo → Mutare,500,2026-03-28,12.0,58.3,218.49,1.82,397.65,603.33,116.16,3.93,84.93,31.75,634.42,-31.09,11.7,11.5,3.0,False,0,Fair,0.35,Cloudy,0.25,0.25,0,None
TRP00117,TRK033,DRV018,Gweru,Beitbridge,Gweru → Beitbridge,375,2025-12-15,15.7,69.8,155.24,1.7,263.91,464.4,99.75,51.76,73.86,24.94,514.22,-49.82,8.4,8.3,2.5,False,0,Fair,0.35,Clear,0.0,0.52,1,Beitbridge Border Post
TRP00118,TRK031,DRV019,Bulawayo,Masvingo,Bulawayo → Masvingo,260,2026-03-14,16.2,75.3,104.47,1.81,189.09,335.57,72.09,16.51,49.38,16.9,343.97,-8.4,9.2,9.3,4.3,False,0,Fair,0.35,Clear,0.0,0.25,0,None
TRP00119,TRK030,DRV005,Harare,Masvingo,Harare → Masvingo,292,2025-12-03,13.2,64.4,121.37,1.6,194.19,359.11,85.87,5.29,52.71,18.1,356.16,2.95,7.6,7.5,3.0,False,0,Good,0.0,Clear,0.0,0.25,0,None
TRP00120,TRK026,DRV036,Bulawayo,Gweru,Bulawayo → Gweru,165,2026-03-28,22.0,78.0,58.56,1.92,112.44,223.04,41.31,7.08,31.72,10.48,203.03,20.01,5.6,5.7,2.8,False,0,Good,0.0,Cloudy,0.25,0.25,0,None
TRP00121,TRK026,DRV001,Harare,Gweru,Harare → Gweru,275,2026-02-04,16.5,58.5,102.62,1.53,157.01,426.05,73.38,13.83,45.43,17.46,307.11,118.94,10.0,10.0,4.2,False,0,Poor,0.92,Rain,0.65,0.25,0,None
TRP00122,TRK008,DRV030,Gweru,Chirundu,Gweru → Chirundu,610,2026-03-29,16.0,67.2,247.44,1.78,440.44,734.36,144.4,67.58,119.3,39.65,811.37,-77.01,13.0,12.8,2.5,False,0,Good,0.0,Rain,0.65,0.62,1,Chirundu Border Post
TRP00123,TRK025,DRV041,Bulawayo,Masvingo,Bulawayo → Masvingo,260,2026-03-31,12.2,55.0,109.81,1.8,197.66,391.37,63.3,16.71,45.17,17.29,340.13,51.24,8.9,9.1,4.2,False,0,Poor,0.92,Clear,0.0,0.25,0,None
TRP00124,TRK015,DRV031,Harare,Masvingo,Harare → Masvingo,292,2025-10-04,19.2,76.5,110.15,1.66,182.85,371.67,83.1,24.36,50.36,17.67,358.34,13.33,8.6,8.5,3.0,False,0,Poor,0.8,Clear,0.0,0.25,0,None
TRP00125,TRK021,DRV040,Masvingo,Chirundu,Masvingo → Chirundu,627,2026-01-13,14.8,63.8,249.26,1.61,401.31,788.12,156.59,45.95,107.86,40.76,752.47,35.65,16.9,18.8,3.7,True,124,Poor,0.92,Rain,0.65,0.64,1,Chirundu Border Post
TRP00126,TRK005,DRV041,Beitbridge,Chirundu,Beitbridge → Chirundu,830,2026-05-17,15.7,66.5,296.42,1.57,465.38,972.11,203.55,51.13,161.08,47.72,928.86,43.25,18.5,20.1,3.9,True,114,Good,0.0,Clear,0.0,0.78,1,Chirundu Border Post
TRP00127,TRK027,DRV008,Bulawayo,Beitbridge,Bulawayo → Beitbridge,270,2025-12-02,15.6,58.9,76.07,1.49,113.34,366.2,67.35,58.54,51.12,14.72,305.07,61.13,7.7,7.6,3.4,False,0,Good,0.0,Cloudy,0.25,0.55,1,Beitbridge Border Post
TRP00128,TRK003,DRV020,Harare,Mutare,Harare → Mutare,263,2026-06-01,17.5,76.1,99.61,1.74,173.32,319.43,79.18,6.02,44.54,14.73,317.79,1.64,8.4,8.4,4.1,False,0,Fair,0.35,Clear,0.0,0.25,0,None
TRP00129,TRK007,DRV016,Harare,Masvingo,Harare → Masvingo,292,2026-06-24,22.7,91.5,115.52,1.7,196.38,390.64,79.63,28.31,51.95,16.35,372.62,18.02,10.3,10.2,4.5,False,0,Fair,0.35,Rain,0.65,0.25,0,None
TRP00130,TRK025,DRV030,Harare,Beitbridge,Harare → Beitbridge,582,2026-03-30,21.1,95.0,249.24,1.64,408.75,757.33,144.0,71.06,113.84,38.7,776.35,-19.02,13.1,13.2,3.3,False,0,Good,0.0,Clear,0.0,0.65,1,Beitbridge Border Post
TRP00131,TRK027,DRV038,Gweru,Chirundu,Gweru → Chirundu,610,2025-12-10,25.2,95.1,229.42,1.6,367.07,979.05,154.62,63.7,109.48,33.25,728.12,250.93,17.6,19.5,4.5,True,114,Poor,0.92,Cloudy,0.25,0.62,1,Chirundu Border Post
TRP00132,TRK007,DRV032,Mutare,Beitbridge,Mutare → Beitbridge,630,2026-08-03,17.4,70.2,212.81,1.77,376.67,874.56,159.45,43.71,121.69,35.28,736.8,137.76,16.1,19.1,3.6,True,178,Fair,0.35,Clear,0.0,0.7,1,Beitbridge Border Post
TRP00133,TRK018,DRV003,Mutare,Beitbridge,Mutare → Beitbridge,630,2026-09-10,17.1,62.0,227.9,1.68,382.87,995.02,157.36,75.07,126.61,40.01,781.92,213.1,15.5,16.6,4.3,True,62,Fair,0.35,Cloudy,0.25,0.7,1,Beitbridge Border Post
TRP00134,TRK014,DRV029,Mutare,Gweru,Mutare → Gweru,365,2026-05-07,15.0,52.3,133.77,1.84,246.14,462.57,91.81,11.48,73.29,20.99,443.71,18.86,9.8,9.8,3.3,False,0,Fair,0.35,Cloudy,0.25,0.25,0,None
TRP00135,TRK024,DRV007,Bulawayo,Gweru,Bulawayo → Gweru,165,2026-09-08,17.8,72.4,49.82,1.56,77.72,195.7,43.8,21.36,30.41,8.99,182.28,13.42,6.6,6.5,4.0,False,0,Good,0.0,Clear,0.0,0.25,0,None
TRP00136,TRK035,DRV042,Mutare,Gweru,Mutare → Gweru,365,2026-03-24,18.7,89.5,160.41,1.67,267.88,440.36,87.44,26.0,69.91,22.63,473.86,-33.5,10.5,10.6,3.8,False,0,Fair,0.35,Cloudy,0.25,0.25,0,None
TRP00137,TRK026,DRV018,Harare,Mutare,Harare → Mutare,263,2025-12-28,20.5,72.7,102.62,1.67,171.38,427.03,70.39,19.07,50.35,16.7,327.89,99.14,7.6,7.6,3.1,False,0,Poor,0.92,Cloudy,0.25,0.25,0,None
TRP00138,TRK030,DRV006,Harare,Masvingo,Harare → Masvingo,292,2026-08-27,15.1,73.7,123.31,1.75,215.79,378.41,82.44,4.23,58.55,18.1,379.11,-0.7,9.8,9.7,4.9,False,0,Fair,0.35,Clear,0.0,0.25,0,None
TRP00139,TRK002,DRV004,Bulawayo,Mutare,Bulawayo → Mutare,500,2026-03-11,16.9,72.2,182.55,1.78,324.94,598.57,134.61,2.22,83.62,31.0,576.39,22.18,13.1,12.9,3.5,False,0,Fair,0.35,Cloudy,0.25,0.25,0,None
TRP00140,TRK009,DRV037,Bulawayo,Gweru,Bulawayo → Gweru,165,2026-01-05,11.3,54.9,70.43,1.72,121.14,231.24,48.72,10.38,29.79,10.48,220.51,10.73,6.0,5.9,3.1,False,0,Fair,0.35,Cloudy,0.25,0.25,0,None
TRP00141,TRK014,DRV038,Harare,Gweru,Harare → Gweru,275,2026-01-10,19.2,66.9,96.08,1.68,161.41,409.16,71.63,2.33,52.88,15.81,304.06,105.1,7.6,7.5,3.2,False,0,Good,0.0,Rain,0.65,0.25,0,None
TRP00142,TRK022,DRV010,Bulawayo,Gweru,Bulawayo → Gweru,165,2026-07-24,14.9,62.1,56.19,1.66,93.28,227.64,59.85,18.31,30.8,9.24,211.48,16.16,6.9,7.1,4.1,False,0,Good,0.0,Clear,0.0,0.25,0,None
TRP00143,TRK018,DRV010,Harare,Bulawayo,Harare → Bulawayo,440,2025-11-27,19.6,71.0,145.86,1.66,242.13,541.69,116.01,13.23,84.22,27.94,483.53,58.16,10.8,10.8,3.1,False,0,Good,0.0,Clear,0.0,0.25,0,None
TRP00144,TRK017,DRV012,Gweru,Chirundu,Gweru → Chirundu,610,2025-11-17,16.5,62.7,179.38,1.89,339.03,846.47,143.59,64.25,100.56,33.25,680.68,165.79,13.5,13.3,3.6,False,0,Fair,0.35,Clear,0.0,0.62,1,Chirundu Border Post
TRP00145,TRK009,DRV001,Harare,Bulawayo,Harare → Bulawayo,440,2026-03-24,14.7,71.4,181.7,1.79,325.24,537.16,116.88,2.86,71.29,27.94,544.21,-7.05,9.6,9.4,2.4,False,0,Fair,0.35,Clear,0.0,0.25,0,None
TRP00146,TRK021,DRV002,Bulawayo,Gweru,Bulawayo → Gweru,165,2025-12-20,17.3,74.6,56.38,1.69,95.28,204.98,51.1,9.79,30.92,10.72,197.81,7.17,6.5,6.4,3.7,False,0,Good,0.0,Clear,0.0,0.25,0,None
TRP00147,TRK004,DRV009,Bulawayo,Masvingo,Bulawayo → Masvingo,260,2026-04-25,16.4,63.3,84.53,1.77,149.62,412.44,62.33,8.61,44.7,15.34,280.6,131.84,7.9,8.1,3.6,False,0,Good,0.0,Cloudy,0.25,0.25,0,None
TRP00148,TRK008,DRV005,Gweru,Beitbridge,Gweru → Beitbridge,375,2026-05-23,17.3,72.7,153.53,1.81,277.89,588.82,103.61,51.71,73.12,24.38,530.71,58.11,9.9,9.6,3.5,False,0,Fair,0.35,Clear,0.0,0.52,1,Beitbridge Border Post
TRP00149,TRK024,DRV033,Mutare,Chirundu,Mutare → Chirundu,598,2026-07-22,19.9,80.9,201.64,1.63,328.67,799.31,148.63,53.65,108.85,32.59,672.39,126.92,15.0,15.0,4.5,False,0,Good,0.0,Cloudy,0.25,0.68,1,Chirundu Border Post
TRP00150,TRK029,DRV033,Harare,Masvingo,Harare → Masvingo,292,2026-01-13,17.2,73.5,120.62,1.63,196.61,447.81,72.69,6.84,56.08,18.54,350.76,97.05,8.8,9.0,3.7,False,0,Good,0.0,Cloudy,0.25,0.25,0,None
TRP00151,TRK003,DRV043,Masvingo,Chirundu,Masvingo → Chirundu,627,2026-06-15,12.0,52.2,229.88,1.66,381.6,850.54,152.1,70.93,105.43,35.11,745.17,105.37,13.5,15.8,3.1,True,132,Fair,0.35,Clear,0.0,0.64,1,Chirundu Border Post
TRP00152,TRK030,DRV042,Bulawayo,Beitbridge,Bulawayo → Beitbridge,270,2025-10-07,9.8,47.8,105.86,1.86,196.9,315.5,77.79,52.97,45.34,16.74,389.74,-74.24,7.9,7.9,3.6,False,0,Fair,0.35,Clear,0.0,0.55,1,Beitbridge Border Post
TRP00153,TRK031,DRV026,Harare,Mutare,Harare → Mutare,263,2026-04-28,18.0,83.7,114.54,1.6,183.26,363.76,79.99,6.73,43.08,17.1,330.16,33.6,9.2,9.3,3.7,False,0,Poor,0.8,Cloudy,0.25,0.25,0,None
TRP00154,TRK032,DRV029,Harare,Masvingo,Harare → Masvingo,292,2025-10-29,17.0,92.9,124.89,1.52,189.83,442.07,81.95,3.08,52.8,18.54,346.2,95.87,9.0,9.0,4.0,False,0,Good,0.0,Clear,0.0,0.25,0,None
TRP00155,TRK021,DRV039,Harare,Gweru,Harare → Gweru,275,2025-12-06,12.0,51.7,98.2,1.66,163.01,400.35,72.73,6.04,54.67,17.88,314.33,86.02,7.1,7.0,2.2,False,0,Good,0.0,Cloudy,0.25,0.25,0,None
TRP00156,TRK009,DRV018,Harare,Gweru,Harare → Gweru,275,2026-08-07,14.0,68.0,108.15,1.72,186.02,424.15,78.05,2.34,53.8,17.46,337.67,86.48,8.5,8.6,4.0,False,0,Good,0.0,Clear,0.0,0.25,0,None
TRP00157,TRK021,DRV025,Beitbridge,Chirundu,Beitbridge → Chirundu,830,2026-07-24,20.7,89.2,334.23,1.82,608.3,1266.22,187.99,48.35,151.22,53.95,1049.81,216.41,18.8,19.2,2.5,True,35,Poor,0.8,Clear,0.0,0.78,1,Chirundu Border Post
TRP00158,TRK019,DRV030,Gweru,Beitbridge,Gweru → Beitbridge,375,2026-06-07,14.1,50.9,120.38,1.81,217.89,541.92,90.75,71.57,66.37,21.56,468.14,73.78,9.2,11.4,3.0,True,138,Fair,0.35,Cloudy,0.25,0.52,1,Beitbridge Border Post
TRP00159,TRK028,DRV007,Masvingo,Chirundu,Masvingo → Chirundu,627,2026-09-16,12.1,51.5,218.17,1.59,346.89,740.58,143.93,60.45,110.01,37.93,699.21,41.37,13.0,12.7,3.0,False,0,Good,0.0,Clear,0.0,0.64,1,Chirundu Border Post
TRP00160,TRK014,DRV028,Harare,Masvingo,Harare → Masvingo,292,2026-05-11,16.1,56.1,95.42,1.74,166.03,442.7,83.78,28.59,54.83,16.79,350.02,92.68,9.7,9.7,4.5,False,0,Good,0.0,Clear,0.0,0.25,0,None
TRP00161,TRK027,DRV022,Bulawayo,Gweru,Bulawayo → Gweru,165,2026-05-12,16.1,60.8,49.87,1.69,84.28,211.25,50.86,13.23,29.44,8.99,186.8,24.45,6.5,6.5,3.6,False,0,Fair,0.35,Clear,0.0,0.25,0,None
TRP00162,TRK027,DRV007,Mutare,Masvingo,Mutare → Masvingo,380,2026-03-01,17.6,66.4,118.01,1.89,223.04,448.21,106.48,13.7,67.49,20.71,431.42,16.79,10.4,10.1,3.5,False,0,Good,0.0,Cloudy,0.25,0.25,0,None
TRP00163,TRK021,DRV043,Mutare,Beitbridge,Mutare → Beitbridge,630,2026-01-30,14.2,61.2,242.84,1.64,398.26,828.99,146.8,66.97,125.57,40.95,778.55,50.44,15.2,16.7,3.6,True,97,Fair,0.35,Rain,0.65,0.7,1,Beitbridge Border Post
TRP00164,TRK010,DRV044,Mutare,Gweru,Mutare → Gweru,365,2026-05-22,16.6,73.8,151.59,1.76,266.8,577.22,93.04,13.35,67.04,22.63,462.86,114.36,10.7,10.6,4.4,False,0,Fair,0.35,Clear,0.0,0.25,0,None
TRP00165,TRK006,DRV006,Harare,Gweru,Harare → Gweru,275,2025-11-08,19.8,73.9,99.4,1.71,169.97,386.39,84.39,14.25,45.98,17.46,332.05,54.34,8.0,8.1,3.1,False,0,Good,0.0,Clear,0.0,0.25,0,None
TRP00166,TRK007,DRV024,Mutare,Beitbridge,Mutare → Beitbridge,630,2025-11-27,18.0,72.6,222.24,1.78,395.59,812.09,153.25,71.57,113.24,35.28,768.93,43.16,14.5,14.4,3.8,False,0,Fair,0.35,Clear,0.0,0.7,1,Beitbridge Border Post
TRP00167,TRK004,DRV038,Gweru,Chirundu,Gweru → Chirundu,610,2026-07-06,20.5,79.2,223.38,1.67,373.04,838.41,152.88,60.8,103.2,35.99,725.91,112.5,12.1,14.3,2.5,True,135,Good,0.0,Clear,0.0,0.62,1,Chirundu Border Post
TRP00168,TRK022,DRV043,Gweru,Chirundu,Gweru → Chirundu,610,2025-11-23,13.0,54.2,220.49,1.79,394.68,902.97,152.5,32.83,120.56,34.16,734.73,168.24,12.6,12.4,3.6,False,0,Good,0.0,Clear,0.0,0.62,1,Chirundu Border Post
TRP00169,TRK023,DRV043,Mutare,Beitbridge,Mutare → Beitbridge,630,2026-04-26,14.0,51.9,186.75,1.84,343.62,928.73,151.14,56.39,119.78,36.22,707.15,221.58,13.2,13.2,3.8,False,0,Fair,0.35,Cloudy,0.25,0.7,1,Beitbridge Border Post
TRP00170,TRK019,DRV039,Harare,Mutare,Harare → Mutare,263,2026-02-28,14.5,52.3,91.11,1.75,159.44,368.06,72.7,27.83,45.36,15.12,320.45,47.61,6.7,6.7,2.6,False,0,Good,0.0,Clear,0.0,0.25,0,None
TRP00171,TRK007,DRV037,Mutare,Gweru,Mutare → Gweru,365,2026-06-08,16.0,64.5,118.86,1.69,200.87,482.16,84.52,9.84,60.43,20.44,376.1,106.06,9.1,9.1,2.8,False,0,Fair,0.35,Clear,0.0,0.25,0,None
TRP00172,TRK010,DRV043,Bulawayo,Mutare,Bulawayo → Mutare,500,2026-05-26,17.1,76.0,202.13,1.82,367.88,651.58,127.34,22.94,97.72,31.0,646.88,4.7,11.3,11.2,3.2,False,0,Good,0.0,Clear,0.0,0.25,0,None
TRP00173,TRK007,DRV023,Bulawayo,Gweru,Bulawayo → Gweru,165,2026-07-03,17.9,72.2,60.19,1.8,108.34,264.74,52.58,2.8,31.02,9.24,203.98,60.76,7.0,6.7,4.2,False,0,Fair,0.35,Clear,0.0,0.25,0,None
TRP00174,TRK008,DRV018,Mutare,Gweru,Mutare → Gweru,365,2026-07-12,19.6,82.4,141.71,1.86,263.58,501.54,97.78,13.45,62.96,23.73,461.5,40.04,10.6,10.6,3.9,False,0,Good,0.0,Cloudy,0.25,0.25,0,None
TRP00175,TRK028,DRV036,Bulawayo,Gweru,Bulawayo → Gweru,165,2026-08-06,18.3,77.9,65.21,1.73,112.81,230.59,47.25,7.72,30.01,9.98,207.77,22.82,6.7,6.8,3.8,False,0,Fair,0.35,Clear,0.0,0.25,0,None
TRP00176,TRK002,DRV039,Masvingo,Chirundu,Masvingo → Chirundu,627,2026-08-24,17.1,73.1,235.91,1.76,415.2,943.12,154.56,70.29,105.1,38.87,784.02,159.1,16.0,17.6,5.0,True,72,Poor,0.8,Clear,0.0,0.64,1,Chirundu Border Post
TRP00177,TRK002,DRV012,Bulawayo,Masvingo,Bulawayo → Masvingo,260,2026-02-08,17.3,73.9,95.67,1.85,176.99,367.15,68.6,1.77,48.28,16.12,311.76,55.39,8.8,9.2,4.3,False,0,Good,0.0,Cloudy,0.25,0.25,0,None
TRP00178,TRK022,DRV023,Bulawayo,Beitbridge,Bulawayo → Beitbridge,270,2025-09-25,20.4,85.0,103.86,1.71,177.6,346.37,76.06,55.26,51.42,15.12,375.46,-29.09,8.6,10.0,3.9,True,87,Fair,0.35,Clear,0.0,0.55,1,Beitbridge Border Post
TRP00179,TRK010,DRV037,Harare,Chirundu,Harare → Chirundu,335,2026-08-24,13.1,58.2,128.75,1.85,238.19,394.1,80.15,76.85,58.45,20.77,474.41,-80.31,8.7,8.9,3.2,False,0,Fair,0.35,Clear,0.0,0.45,1,Chirundu Border Post
TRP00180,TRK005,DRV010,Mutare,Masvingo,Mutare → Masvingo,380,2026-08-12,13.3,56.4,140.91,1.6,225.46,440.45,101.62,19.61,66.66,21.85,435.2,5.25,9.5,9.6,2.8,False,0,Fair,0.35,Rain,0.65,0.25,0,None
TRP00181,TRK006,DRV034,Harare,Bulawayo,Harare → Bulawayo,440,2026-01-10,19.8,73.9,149.63,1.55,231.93,596.77,114.54,8.91,72.34,27.94,455.66,141.11,10.5,10.4,2.8,False,0,Fair,0.35,Clear,0.0,0.25,0,None
TRP00182,TRK027,DRV030,Mutare,Masvingo,Mutare → Masvingo,380,2026-03-15,14.3,54.0,117.35,1.53,179.55,488.42,95.9,23.16,67.26,20.71,386.58,101.84,9.9,9.8,3.4,False,0,Fair,0.35,Clear,0.0,0.25,0,None
TRP00183,TRK024,DRV020,Harare,Chirundu,Harare → Chirundu,335,2026-03-07,19.6,79.7,106.36,1.67,177.62,501.87,93.6,47.5,55.5,18.26,392.48,109.39,10.3,13.1,4.5,True,171,Good,0.0,Rain,0.65,0.45,1,Chirundu Border Post
TRP00184,TRK006,DRV004,Masvingo,Beitbridge,Masvingo → Beitbridge,215,2025-12-10,15.0,56.0,80.39,1.71,137.47,302.12,62.73,70.55,42.23,13.65,326.63,-24.51,7.8,7.8,3.4,False,0,Poor,0.92,Rain,0.65,0.58,1,Beitbridge Border Post
TRP00185,TRK004,DRV044,Harare,Chirundu,Harare → Chirundu,335,2025-11-02,19.1,73.7,123.29,1.94,239.18,447.47,96.61,32.26,55.51,19.77,443.33,4.14,9.4,9.3,3.9,False,0,Good,0.0,Clear,0.0,0.45,1,Chirundu Border Post
TRP00186,TRK029,DRV043,Bulawayo,Masvingo,Bulawayo → Masvingo,260,2026-04-27,16.2,69.2,94.38,1.69,159.5,335.49,74.66,1.19,49.62,16.51,301.48,34.01,7.8,7.5,3.7,False,0,Good,0.0,Clear,0.0,0.25,0,None
TRP00187,TRK029,DRV027,Gweru,Masvingo,Gweru → Masvingo,160,2026-02-08,13.6,58.1,64.48,1.62,104.46,210.43,44.29,15.65,28.65,10.16,203.21,7.22,6.1,5.8,3.4,False,0,Fair,0.35,Clear,0.0,0.25,0,None
TRP00188,TRK033,DRV008,Bulawayo,Mutare,Bulawayo → Mutare,500,2026-03-17,19.7,87.6,186.31,1.64,305.55,659.93,128.04,22.92,90.83,33.25,580.59,79.34,12.9,13.0,4.4,False,0,Good,0.0,Clear,0.0,0.25,0,None
TRP00189,TRK008,DRV019,Mutare,Beitbridge,Mutare → Beitbridge,630,2026-09-04,14.9,62.6,228.81,1.78,407.28,775.0,150.87,49.88,116.54,40.95,765.52,9.48,13.9,15.1,3.8,True,86,Good,0.0,Cloudy,0.25,0.7,1,Beitbridge Border Post
TRP00190,TRK032,DRV034,Masvingo,Beitbridge,Masvingo → Beitbridge,215,2026-08-29,12.8,69.9,90.72,1.77,160.57,292.47,54.4,30.22,35.42,13.65,294.26,-1.79,7.9,8.2,4.3,False,0,Good,0.0,Cloudy,0.25,0.58,1,Beitbridge Border Post
TRP00191,TRK003,DRV015,Bulawayo,Beitbridge,Bulawayo → Beitbridge,270,2026-04-12,20.5,89.1,108.77,1.81,196.87,327.39,71.95,71.22,46.25,15.12,401.41,-74.02,8.2,8.1,3.9,False,0,Fair,0.35,Clear,0.0,0.55,1,Beitbridge Border Post
TRP00192,TRK004,DRV001,Masvingo,Chirundu,Masvingo → Chirundu,627,2026-01-04,16.3,62.9,237.75,1.91,454.1,949.01,154.34,48.66,123.58,36.99,817.67,131.34,15.7,15.8,3.8,False,0,Poor,0.92,Cloudy,0.25,0.64,1,Chirundu Border Post
TRP00193,TRK014,DRV009,Bulawayo,Beitbridge,Bulawayo → Beitbridge,270,2026-01-30,22.4,78.0,96.11,1.76,169.15,369.04,80.1,35.05,47.64,15.52,347.46,21.58,8.5,8.5,4.1,False,0,Fair,0.35,Cloudy,0.25,0.55,1,Beitbridge Border Post
TRP00194,TRK021,DRV008,Bulawayo,Beitbridge,Bulawayo → Beitbridge,270,2025-09-25,18.2,78.4,108.12,1.74,188.13,336.01,74.23,22.84,51.89,17.55,354.64,-18.63,7.0,6.8,2.7,False,0,Good,0.0,Clear,0.0,0.55,1,Beitbridge Border Post
TRP00195,TRK028,DRV012,Gweru,Masvingo,Gweru → Masvingo,160,2025-11-27,22.3,94.9,69.23,1.8,124.61,195.95,54.26,29.74,27.55,9.68,245.84,-49.89,7.5,7.2,4.7,False,0,Fair,0.35,Cloudy,0.25,0.25,0,None
TRP00196,TRK035,DRV015,Mutare,Masvingo,Mutare → Masvingo,380,2026-06-05,12.3,58.9,157.17,1.79,281.33,551.77,87.67,16.68,66.04,23.56,475.28,76.49,10.6,10.6,4.3,False,0,Good,0.0,Rain,0.65,0.25,0,None
TRP00197,TRK023,DRV005,Gweru,Chirundu,Gweru → Chirundu,610,2026-04-13,24.1,89.3,219.68,1.62,355.88,784.53,154.8,51.66,100.45,35.07,697.86,86.67,16.2,16.6,5.0,False,0,Fair,0.35,Clear,0.0,0.62,1,Chirundu Border Post
TRP00198,TRK028,DRV002,Harare,Mutare,Harare → Mutare,263,2026-05-15,19.4,82.6,107.97,1.71,184.63,321.18,69.36,18.95,50.49,15.91,339.34,-18.16,8.0,7.6,3.4,False,0,Poor,0.8,Clear,0.0,0.25,0,None
TRP00199,TRK021,DRV037,Harare,Gweru,Harare → Gweru,275,2026-04-29,15.2,65.5,95.16,1.67,158.92,393.1,81.12,22.68,55.41,17.88,336.01,57.09,8.6,8.3,4.1,False,0,Good,0.0,Cloudy,0.25,0.25,0,None
TRP00200,TRK026,DRV041,Masvingo,Beitbridge,Masvingo → Beitbridge,215,2026-04-23,22.9,81.2,80.78,1.63,131.67,319.74,65.24,59.44,40.96,13.65,310.96,8.78,7.3,10.2,3.1,True,178,Fair,0.35,Cloudy,0.25,0.58,1,Beitbridge Border Post
TRP00201,TRK008,DRV026,Bulawayo,Beitbridge,Bulawayo → Beitbridge,270,2025-10-02,17.7,74.4,108.0,1.56,168.48,395.92,69.89,55.54,46.11,17.55,357.57,38.35,8.5,8.1,3.5,False,0,Poor,0.8,Clear,0.0,0.55,1,Beitbridge Border Post
TRP00202,TRK011,DRV040,Bulawayo,Chirundu,Bulawayo → Chirundu,775,2026-05-15,9.1,46.9,340.88,1.65,562.45,1005.33,193.25,23.02,129.94,49.21,957.87,47.46,17.1,19.4,3.8,True,155,Fair,0.35,Clear,0.0,0.72,1,Chirundu Border Post
TRP00203,TRK006,DRV028,Mutare,Gweru,Mutare → Gweru,365,2025-11-15,23.6,88.1,137.79,1.72,237.0,584.18,95.81,23.18,70.73,23.18,449.9,134.28,11.8,14.6,5.3,True,159,Poor,0.92,Clear,0.0,0.25,0,None
TRP00204,TRK028,DRV038,Bulawayo,Gweru,Bulawayo → Gweru,165,2026-04-15,12.8,54.5,62.61,1.71,107.06,200.25,55.4,14.96,26.95,9.98,214.35,-14.1,6.3,6.1,3.6,False,0,Good,0.0,Clear,0.0,0.25,0,None
TRP00205,TRK006,DRV026,Gweru,Beitbridge,Gweru → Beitbridge,375,2026-02-27,16.8,62.7,135.56,1.67,226.39,522.29,97.95,47.76,66.98,23.81,462.89,59.4,10.6,10.5,4.0,False,0,Good,0.0,Rain,0.65,0.52,1,Beitbridge Border Post
TRP00206,TRK015,DRV022,Bulawayo,Chirundu,Bulawayo → Chirundu,775,2025-12-17,10.2,40.6,266.68,1.59,424.02,904.03,192.11,42.09,144.77,46.89,849.88,54.15,15.9,18.6,2.0,True,167,Poor,0.92,Clear,0.0,0.72,1,Chirundu Border Post
TRP00207,TRK033,DRV041,Harare,Gweru,Harare → Gweru,275,2025-11-19,14.1,62.7,119.26,1.78,212.28,386.52,79.31,0.49,54.98,18.29,365.35,21.17,8.6,8.2,3.3,False,0,Fair,0.35,Rain,0.65,0.25,0,None
TRP00208,TRK033,DRV013,Gweru,Beitbridge,Gweru → Beitbridge,375,2026-03-19,12.6,56.0,149.25,1.71,255.22,474.05,97.49,78.2,63.32,24.94,519.17,-45.12,9.8,10.0,3.6,False,0,Good,0.0,Cloudy,0.25,0.52,1,Beitbridge Border Post
TRP00209,TRK010,DRV016,Mutare,Gweru,Mutare → Gweru,365,2025-11-13,18.5,82.2,155.52,1.94,301.71,540.98,98.07,7.87,65.83,22.63,496.11,44.87,9.8,9.7,3.6,False,0,Good,0.0,Clear,0.0,0.25,0,None
TRP00210,TRK017,DRV013,Harare,Beitbridge,Harare → Beitbridge,582,2025-12-19,20.4,77.6,198.37,1.87,370.95,709.61,151.57,59.3,117.23,31.72,730.77,-21.16,14.9,14.9,4.6,False,0,Fair,0.35,Cloudy,0.25,0.65,1,Beitbridge Border Post
TRP00211,TRK010,DRV042,Masvingo,Chirundu,Masvingo → Chirundu,627,2025-10-30,16.2,72.0,262.37,1.86,488.01,955.73,151.87,70.17,103.48,38.87,852.4,103.33,14.4,14.3,3.5,False,0,Fair,0.35,Cloudy,0.25,0.64,1,Chirundu Border Post
TRP00212,TRK032,DRV030,Harare,Chirundu,Harare → Chirundu,335,2026-07-07,14.8,80.9,142.45,1.83,260.68,491.75,89.43,59.15,55.92,21.27,486.45,5.3,10.0,10.1,3.9,False,0,Fair,0.35,Clear,0.0,0.45,1,Chirundu Border Post
TRP00213,TRK029,DRV044,Masvingo,Beitbridge,Masvingo → Beitbridge,215,2026-07-08,13.1,56.0,75.99,1.78,135.26,302.08,66.24,65.21,35.1,13.65,315.46,-13.38,6.5,6.6,3.0,False,0,Fair,0.35,Clear,0.0,0.58,1,Beitbridge Border Post
TRP00214,TRK021,DRV041,Beitbridge,Chirundu,Beitbridge → Chirundu,830,2026-03-02,15.1,65.1,305.71,1.77,541.11,1125.61,199.55,36.27,150.71,53.95,981.59,144.02,21.8,21.8,4.7,False,0,Poor,0.92,Clear,0.0,0.78,1,Chirundu Border Post
TRP00215,TRK029,DRV005,Harare,Beitbridge,Harare → Beitbridge,582,2026-05-20,19.5,83.3,241.58,1.76,425.18,930.47,138.33,45.35,107.2,36.96,753.02,177.45,14.7,14.9,4.8,False,0,Good,0.0,Clear,0.0,0.65,1,Beitbridge Border Post
TRP00216,TRK020,DRV018,Mutare,Chirundu,Mutare → Chirundu,598,2026-07-21,11.2,41.2,200.04,1.78,356.07,790.73,142.48,47.86,101.83,35.28,683.52,107.21,12.6,12.6,3.4,False,0,Fair,0.35,Clear,0.0,0.68,1,Chirundu Border Post
TRP00217,TRK023,DRV033,Harare,Mutare,Harare → Mutare,263,2025-10-29,24.8,91.9,91.04,1.71,155.68,432.85,79.91,23.96,49.53,15.12,324.2,108.65,8.3,8.4,3.7,False,0,Good,0.0,Cloudy,0.25,0.25,0,None
TRP00218,TRK030,DRV029,Bulawayo,Beitbridge,Bulawayo → Beitbridge,270,2025-10-11,11.6,56.6,115.28,1.79,206.35,344.35,64.83,26.36,46.15,16.74,360.43,-16.08,9.6,9.8,4.6,False,0,Fair,0.35,Clear,0.0,0.55,1,Beitbridge Border Post
TRP00219,TRK024,DRV019,Harare,Mutare,Harare → Mutare,263,2025-10-31,22.8,92.7,87.32,1.84,160.67,330.37,66.21,14.02,49.0,14.33,304.23,26.14,9.2,9.2,4.2,False,0,Fair,0.35,Clear,0.0,0.25,0,None
TRP00220,TRK006,DRV040,Beitbridge,Chirundu,Beitbridge → Chirundu,830,2026-07-23,16.2,60.4,257.75,1.65,425.29,1225.25,194.18,68.03,162.52,52.7,902.72,322.53,17.1,18.8,3.3,True,110,Good,0.0,Cloudy,0.25,0.78,1,Chirundu Border Post
TRP00221,TRK025,DRV030,Gweru,Beitbridge,Gweru → Beitbridge,375,2026-07-16,16.3,73.4,163.09,1.86,303.35,516.7,92.57,42.88,73.75,24.94,537.49,-20.79,10.0,10.0,3.5,False,0,Poor,0.8,Clear,0.0,0.52,1,Beitbridge Border Post
TRP00222,TRK003,DRV029,Gweru,Chirundu,Gweru → Chirundu,610,2026-07-11,20.3,88.3,221.9,1.7,377.23,835.98,144.35,62.57,110.13,34.16,728.44,107.54,14.9,15.0,4.8,False,0,Good,0.0,Clear,0.0,0.62,1,Chirundu Border Post
TRP00223,TRK013,DRV021,Beitbridge,Chirundu,Beitbridge → Chirundu,830,2026-07-28,15.5,67.4,328.21,1.75,574.37,1258.2,193.47,50.19,167.03,48.97,1034.03,224.17,18.4,19.6,4.6,True,71,Poor,0.8,Cloudy,0.25,0.78,1,Chirundu Border Post
TRP00224,TRK033,DRV010,Gweru,Masvingo,Gweru → Masvingo,160,2025-10-23,16.7,74.2,69.36,1.76,122.07,236.86,48.09,4.1,28.41,10.64,213.31,23.55,6.5,6.4,3.3,False,0,Fair,0.35,Rain,0.65,0.25,0,None
TRP00225,TRK007,DRV022,Mutare,Chirundu,Mutare → Chirundu,598,2026-09-22,16.3,65.7,200.95,1.79,359.7,740.25,148.39,62.4,110.5,33.49,714.48,25.77,12.8,12.9,3.6,False,0,Good,0.0,Clear,0.0,0.68,1,Chirundu Border Post
TRP00226,TRK033,DRV042,Harare,Gweru,Harare → Gweru,275,2025-12-19,9.4,41.8,116.96,1.7,198.83,321.07,66.72,0.99,47.0,18.29,331.83,-10.76,7.8,7.6,3.4,False,0,Fair,0.35,Cloudy,0.25,0.25,0,None
TRP00227,TRK016,DRV029,Harare,Mutare,Harare → Mutare,263,2026-05-04,10.4,39.5,77.94,1.71,133.28,361.55,73.59,19.58,52.18,14.73,293.36,68.19,7.1,7.2,2.4,False,0,Poor,0.8,Clear,0.0,0.25,0,None
TRP00228,TRK034,DRV040,Gweru,Beitbridge,Gweru → Beitbridge,375,2025-12-12,22.3,83.8,148.29,1.84,272.85,623.29,99.01,67.97,73.93,22.12,535.88,87.41,10.0,10.1,3.4,False,0,Fair,0.35,Clear,0.0,0.52,1,Beitbridge Border Post
TRP00229,TRK024,DRV019,Mutare,Gweru,Mutare → Gweru,365,2026-04-08,20.0,81.3,111.35,1.71,190.41,455.67,89.87,19.13,64.21,19.89,383.51,72.16,10.4,10.4,3.9,False,0,Fair,0.35,Clear,0.0,0.25,0,None
TRP00230,TRK022,DRV044,Mutare,Beitbridge,Mutare → Beitbridge,630,2026-07-25,10.1,42.1,207.47,1.68,348.55,711.91,147.75,79.31,123.18,35.28,734.07,-22.16,13.6,13.9,3.2,False,0,Good,0.0,Clear,0.0,0.7,1,Beitbridge Border Post
TRP00231,TRK022,DRV005,Harare,Mutare,Harare → Mutare,263,2026-03-09,15.0,62.5,94.38,1.63,153.84,308.7,76.1,3.57,45.16,14.73,293.4,15.3,8.2,8.4,3.6,False,0,Fair,0.35,Clear,0.0,0.25,0,None
TRP00232,TRK025,DRV019,Harare,Masvingo,Harare → Masvingo,292,2026-01-29,19.2,86.5,133.4,1.67,222.78,352.36,77.27,16.76,50.57,19.42,386.8,-34.44,10.1,10.0,4.7,False,0,Fair,0.35,Cloudy,0.25,0.25,0,None
TRP00233,TRK010,DRV022,Masvingo,Chirundu,Masvingo → Chirundu,627,2025-11-02,19.6,87.1,274.69,1.75,480.71,1016.63,150.27,47.91,107.04,38.87,824.8,191.83,14.4,15.4,3.5,True,63,Good,0.0,Rain,0.65,0.64,1,Chirundu Border Post
TRP00234,TRK010,DRV023,Masvingo,Beitbridge,Masvingo → Beitbridge,215,2026-02-27,13.3,59.1,98.4,1.8,177.12,300.46,61.48,36.23,37.99,13.33,326.15,-25.69,6.3,6.4,2.5,False,0,Poor,0.92,Clear,0.0,0.58,1,Beitbridge Border Post
TRP00235,TRK026,DRV009,Beitbridge,Chirundu,Beitbridge → Chirundu,830,2026-07-23,22.2,78.7,321.15,1.62,520.26,1035.41,198.07,42.59,146.96,52.7,960.58,74.83,18.1,19.7,3.7,True,82,Poor,0.8,Clear,0.0,0.78,1,Chirundu Border Post
TRP00236,TRK020,DRV036,Harare,Gweru,Harare → Gweru,275,2026-04-02,16.5,60.7,97.27,1.71,166.33,407.24,72.64,12.43,50.27,16.22,317.89,89.35,8.5,8.7,3.3,False,0,Poor,0.8,Clear,0.0,0.25,0,None
TRP00237,TRK022,DRV009,Beitbridge,Chirundu,Beitbridge → Chirundu,830,2026-08-31,19.0,79.2,323.62,1.82,588.99,998.57,206.23,47.46,135.13,46.48,1024.29,-25.72,18.6,20.4,3.6,True,116,Poor,0.8,Clear,0.0,0.78,1,Chirundu Border Post
TRP00238,TRK006,DRV042,Gweru,Beitbridge,Gweru → Beitbridge,375,2026-08-31,12.9,48.1,129.25,1.68,217.14,507.77,101.26,52.9,64.04,23.81,459.15,48.62,9.8,10.3,2.9,True,44,Poor,0.8,Clear,0.0,0.52,1,Beitbridge Border Post
TRP00239,TRK033,DRV024,Mutare,Beitbridge,Mutare → Beitbridge,630,2025-10-01,16.8,74.7,253.22,1.72,435.54,898.37,166.07,25.31,126.37,41.9,795.19,103.18,15.3,15.6,4.2,False,0,Fair,0.35,Clear,0.0,0.7,1,Beitbridge Border Post
TRP00240,TRK020,DRV012,Mutare,Gweru,Mutare → Gweru,365,2026-01-09,23.3,85.7,130.15,1.71,222.56,511.08,94.46,29.04,59.96,21.54,427.56,83.52,10.2,10.4,3.5,False,0,Fair,0.35,Rain,0.65,0.25,0,None
TRP00241,TRK032,DRV013,Bulawayo,Chirundu,Bulawayo → Chirundu,775,2026-01-15,15.0,82.0,324.57,1.66,538.79,940.15,192.65,71.26,126.61,49.21,978.52,-38.37,18.2,19.2,3.6,True,50,Fair,0.35,Cloudy,0.25,0.72,1,Chirundu Border Post
TRP00242,TRK010,DRV005,Harare,Beitbridge,Harare → Beitbridge,582,2026-02-20,12.8,56.9,232.35,1.73,401.97,796.59,158.34,61.84,107.98,36.08,766.21,30.38,14.3,15.3,4.3,True,51,Fair,0.35,Clear,0.0,0.65,1,Beitbridge Border Post
TRP00243,TRK033,DRV035,Harare,Masvingo,Harare → Masvingo,292,2026-06-18,17.6,78.2,129.68,1.78,230.83,373.36,79.82,29.6,49.88,19.42,409.55,-36.19,11.0,10.8,4.8,False,0,Poor,0.8,Clear,0.0,0.25,0,None
TRP00244,TRK022,DRV040,Harare,Mutare,Harare → Mutare,263,2025-11-28,14.7,61.2,94.28,1.75,164.99,397.58,74.38,23.3,44.15,14.73,321.55,76.03,7.2,7.4,3.1,False,0,Good,0.0,Clear,0.0,0.25,0,None
TRP00245,TRK025,DRV010,Masvingo,Chirundu,Masvingo → Chirundu,627,2025-12-14,14.1,63.5,271.8,1.76,478.37,922.57,149.63,26.05,116.28,41.7,812.03,110.54,15.9,17.8,3.4,True,117,Poor,0.92,Rain,0.65,0.64,1,Chirundu Border Post
TRP00246,TRK011,DRV029,Harare,Chirundu,Harare → Chirundu,335,2025-10-14,13.8,71.1,148.85,1.66,247.09,398.47,94.41,50.34,65.14,21.27,478.25,-79.78,9.6,10.6,3.3,True,64,Fair,0.35,Clear,0.0,0.45,1,Chirundu Border Post
TRP00247,TRK024,DRV044,Mutare,Beitbridge,Mutare → Beitbridge,630,2026-01-21,19.4,78.9,211.31,1.72,363.45,916.98,162.75,34.48,103.57,34.34,698.59,218.39,15.7,17.6,3.7,True,98,Good,0.0,Clear,0.0,0.7,1,Beitbridge Border Post
TRP00248,TRK019,DRV029,Mutare,Chirundu,Mutare → Chirundu,598,2026-01-19,16.2,58.5,183.92,1.66,305.31,836.43,139.81,59.31,101.85,34.38,640.66,195.77,13.6,13.8,3.6,False,0,Good,0.0,Clear,0.0,0.68,1,Chirundu Border Post
TRP00249,TRK016,DRV020,Gweru,Chirundu,Gweru → Chirundu,610,2026-05-20,22.1,84.0,203.17,1.64,333.2,953.38,145.45,26.65,100.74,34.16,640.2,313.18,16.8,17.0,4.7,False,0,Good,0.0,Clear,0.0,0.62,1,Chirundu Border Post
TRP00250,TRK024,DRV044,Bulawayo,Mutare,Bulawayo → Mutare,500,2026-07-11,17.3,70.3,168.95,1.74,293.97,788.35,119.15,9.78,85.65,27.25,535.8,252.55,12.6,12.7,3.6,False,0,Poor,0.8,Rain,0.65,0.25,0,None
TRP00251,TRK030,DRV019,Mutare,Chirundu,Mutare → Chirundu,598,2026-04-05,13.3,64.9,232.82,1.62,377.17,825.6,146.42,67.39,98.4,37.08,726.46,99.14,12.4,14.1,2.2,True,85,Fair,0.35,Cloudy,0.25,0.68,1,Chirundu Border Post
TRP00252,TRK034,DRV027,Gweru,Beitbridge,Gweru → Beitbridge,375,2025-12-13,18.7,70.3,147.55,1.65,243.46,547.43,97.35,75.46,72.11,22.12,510.5,36.93,8.8,10.1,2.9,True,66,Fair,0.35,Clear,0.0,0.52,1,Beitbridge Border Post
TRP00253,TRK009,DRV017,Bulawayo,Mutare,Bulawayo → Mutare,500,2025-10-18,15.5,75.2,212.13,1.66,352.14,713.22,126.3,18.44,90.81,31.75,619.44,93.78,11.0,11.3,3.4,False,0,Good,0.0,Cloudy,0.25,0.25,0,None
TRP00254,TRK031,DRV024,Beitbridge,Chirundu,Beitbridge → Chirundu,830,2026-07-02,19.9,92.6,396.92,1.74,690.64,1128.68,195.17,44.58,140.44,53.95,1124.78,3.9,19.2,20.0,4.4,True,46,Fair,0.35,Rain,0.65,0.78,1,Chirundu Border Post
TRP00255,TRK034,DRV008,Harare,Masvingo,Harare → Masvingo,292,2026-02-14,25.3,95.1,116.51,1.84,214.38,485.84,76.93,18.33,54.34,17.23,381.21,104.63,10.2,9.9,4.7,False,0,Fair,0.35,Rain,0.65,0.25,0,None
TRP00256,TRK011,DRV018,Harare,Gweru,Harare → Gweru,275,2026-05-10,12.7,65.5,126.67,1.68,212.81,332.72,72.35,16.4,54.56,17.46,373.58,-40.86,8.7,8.9,4.0,False,0,Good,0.0,Cloudy,0.25,0.25,0,None
TRP00257,TRK010,DRV028,Gweru,Beitbridge,Gweru → Beitbridge,375,2025-11-07,8.4,37.3,170.82,1.76,300.64,547.78,90.71,77.56,72.05,23.25,564.21,-16.43,9.7,10.7,2.3,True,63,Poor,0.92,Rain,0.65,0.52,1,Beitbridge Border Post
TRP00258,TRK029,DRV023,Bulawayo,Gweru,Bulawayo → Gweru,165,2025-10-05,16.0,68.4,58.87,1.76,103.61,208.88,47.13,19.69,29.68,10.48,210.59,-1.71,6.6,6.6,4.0,False,0,Good,0.0,Clear,0.0,0.25,0,None
TRP00259,TRK004,DRV026,Mutare,Beitbridge,Mutare → Beitbridge,630,2026-06-06,17.6,68.0,225.84,1.74,392.96,862.21,158.58,31.58,115.58,37.17,735.87,126.34,14.3,17.3,3.2,True,168,Fair,0.35,Clear,0.0,0.7,1,Beitbridge Border Post
TRP00260,TRK016,DRV025,Mutare,Gweru,Mutare → Gweru,365,2025-11-02,18.1,68.8,110.69,1.68,185.96,543.68,96.3,25.29,59.95,20.44,387.94,155.74,10.0,10.0,3.5,False,0,Good,0.0,Rain,0.65,0.25,0,None
TRP00261,TRK015,DRV002,Mutare,Gweru,Mutare → Gweru,365,2026-03-04,16.4,65.3,130.2,1.76,229.15,523.26,87.44,21.35,71.54,22.08,431.56,91.7,9.0,9.2,3.6,False,0,Good,0.0,Clear,0.0,0.25,0,None
TRP00262,TRK022,DRV010,Harare,Masvingo,Harare → Masvingo,292,2025-12-01,13.5,56.2,100.83,1.59,160.32,339.41,76.63,27.48,50.91,16.35,331.69,7.72,8.4,8.2,3.4,False,0,Fair,0.35,Rain,0.65,0.25,0,None
TRP00263,TRK019,DRV031,Harare,Mutare,Harare → Mutare,263,2026-09-13,14.2,51.3,89.17,1.82,162.29,320.54,81.99,18.12,52.88,15.12,330.4,-9.86,7.0,7.2,2.8,False,0,Fair,0.35,Cloudy,0.25,0.25,0,None
TRP00264,TRK031,DRV029,Harare,Beitbridge,Harare → Beitbridge,582,2026-08-03,12.8,59.5,233.75,1.62,378.68,656.58,143.26,76.22,100.21,37.83,736.2,-79.62,14.3,14.5,4.6,False,0,Good,0.0,Clear,0.0,0.65,1,Beitbridge Border Post
TRP00265,TRK006,DRV002,Harare,Bulawayo,Harare → Bulawayo,440,2026-01-31,13.2,49.3,157.96,1.84,290.65,549.79,108.47,0.81,80.92,27.94,508.79,41.0,10.1,10.2,2.8,False,0,Poor,0.92,Clear,0.0,0.25,0,None
TRP00266,TRK010,DRV036,Bulawayo,Mutare,Bulawayo → Mutare,500,2026-07-30,11.3,50.2,210.72,1.79,377.19,710.64,127.06,27.5,93.86,31.0,656.61,54.03,12.4,13.7,3.5,True,76,Poor,0.8,Cloudy,0.25,0.25,0,None
TRP00267,TRK028,DRV008,Gweru,Beitbridge,Gweru → Beitbridge,375,2026-02-16,19.0,80.9,154.6,1.66,256.64,574.06,107.36,28.79,71.86,22.69,487.34,86.72,10.9,13.1,3.6,True,122,Fair,0.35,Rain,0.65,0.52,1,Beitbridge Border Post
TRP00268,TRK020,DRV008,Bulawayo,Gweru,Bulawayo → Gweru,165,2025-10-16,15.6,57.4,55.68,1.68,93.54,238.84,52.5,24.24,31.15,9.73,211.16,27.68,6.3,6.3,3.3,False,0,Poor,0.8,Cloudy,0.25,0.25,0,None
TRP00269,TRK027,DRV041,Bulawayo,Gweru,Bulawayo → Gweru,165,2026-08-06,20.3,76.6,50.73,1.64,83.2,209.92,51.04,28.62,28.59,8.99,200.44,9.48,6.3,6.1,3.8,False,0,Good,0.0,Cloudy,0.25,0.25,0,None
TRP00270,TRK005,DRV008,Mutare,Chirundu,Mutare → Chirundu,598,2026-06-04,19.1,80.9,223.28,1.63,363.95,855.24,150.0,68.11,117.7,34.38,734.14,121.1,14.0,15.2,3.6,True,79,Good,0.0,Clear,0.0,0.68,1,Chirundu Border Post
TRP00271,TRK035,DRV002,Masvingo,Chirundu,Masvingo → Chirundu,627,2026-08-11,17.2,82.3,281.03,1.74,488.99,816.21,155.76,22.58,103.54,38.87,809.74,6.47,14.4,15.4,3.0,True,68,Fair,0.35,Rain,0.65,0.64,1,Chirundu Border Post
TRP00272,TRK016,DRV010,Gweru,Beitbridge,Gweru → Beitbridge,375,2026-02-18,14.3,54.4,113.73,1.58,179.69,576.89,96.92,77.58,69.58,21.0,444.77,132.12,9.8,12.3,3.0,True,150,Fair,0.35,Clear,0.0,0.52,1,Beitbridge Border Post
TRP00273,TRK001,DRV040,Mutare,Beitbridge,Mutare → Beitbridge,630,2026-03-21,13.9,66.5,264.55,1.66,439.15,744.01,151.89,22.02,108.94,42.84,764.84,-20.83,14.2,14.4,4.2,False,0,Good,0.0,Cloudy,0.25,0.7,1,Beitbridge Border Post
TRP00274,TRK027,DRV012,Bulawayo,Gweru,Bulawayo → Gweru,165,2026-08-28,22.9,86.4,54.43,1.71,93.08,228.35,44.72,17.37,29.94,8.99,194.1,34.25,6.7,6.8,3.8,False,0,Fair,0.35,Clear,0.0,0.25,0,None
TRP00275,TRK034,DRV024,Harare,Gweru,Harare → Gweru,275,2025-10-26,22.9,86.1,105.72,1.55,163.87,368.64,78.58,1.86,44.83,16.22,305.36,63.28,10.4,11.0,4.9,True,46,Fair,0.35,Clear,0.0,0.25,0,None
TRP00276,TRK035,DRV033,Gweru,Beitbridge,Gweru → Beitbridge,375,2026-06-08,19.7,94.3,172.64,1.67,288.31,458.32,91.74,26.11,62.02,23.25,491.43,-33.11,10.8,10.9,3.7,False,0,Poor,0.8,Clear,0.0,0.52,1,Beitbridge Border Post
TRP00277,TRK002,DRV025,Gweru,Chirundu,Gweru → Chirundu,610,2026-05-20,17.4,74.4,230.76,1.75,403.83,820.97,154.95,50.39,104.21,37.82,751.2,69.77,15.2,15.3,4.0,False,0,Fair,0.35,Clear,0.0,0.62,1,Chirundu Border Post
TRP00278,TRK025,DRV024,Harare,Mutare,Harare → Mutare,263,2026-01-29,19.0,85.6,112.44,1.66,186.65,413.17,67.4,15.62,46.15,17.49,333.31,79.86,8.1,8.1,3.9,False,0,Good,0.0,Cloudy,0.25,0.25,0,None
TRP00279,TRK023,DRV005,Harare,Bulawayo,Harare → Bulawayo,440,2026-03-17,16.8,62.2,118.5,1.72,203.82,658.13,110.91,0.99,73.3,25.3,414.32,243.81,11.1,11.3,3.8,False,0,Good,0.0,Clear,0.0,0.25,0,None
TRP00280,TRK007,DRV038,Bulawayo,Gweru,Bulawayo → Gweru,165,2026-03-11,12.9,52.0,52.72,1.64,86.46,231.4,57.82,10.39,30.55,9.24,194.46,36.94,6.8,6.9,3.9,False,0,Fair,0.35,Cloudy,0.25,0.25,0,None
TRP00281,TRK003,DRV023,Harare,Beitbridge,Harare → Beitbridge,582,2026-06-28,11.1,48.3,197.91,1.62,320.61,856.72,140.13,71.31,98.04,32.59,662.68,194.04,13.5,16.3,3.9,True,172,Good,0.0,Cloudy,0.25,0.65,1,Beitbridge Border Post
TRP00282,TRK012,DRV044,Bulawayo,Chirundu,Bulawayo → Chirundu,775,2026-05-17,18.2,68.9,272.94,1.78,485.83,1203.81,188.08,53.41,131.77,42.24,901.33,302.48,15.1,15.3,3.5,False,0,Good,0.0,Clear,0.0,0.72,1,Chirundu Border Post
TRP00283,TRK012,DRV009,Gweru,Masvingo,Gweru → Masvingo,160,2025-10-24,14.2,53.8,54.71,1.78,97.38,247.43,49.39,22.21,31.79,8.72,209.49,37.94,5.8,6.0,3.1,False,0,Fair,0.35,Clear,0.0,0.25,0,None
TRP00284,TRK003,DRV019,Mutare,Chirundu,Mutare → Chirundu,598,2026-01-03,18.9,82.2,215.19,1.74,374.43,944.92,146.88,68.75,109.09,33.49,732.64,212.28,12.9,12.9,3.1,False,0,Good,0.0,Clear,0.0,0.68,1,Chirundu Border Post
TRP00285,TRK013,DRV003,Harare,Mutare,Harare → Mutare,263,2026-03-02,16.2,70.4,93.0,1.68,156.24,338.45,67.47,18.6,50.8,15.52,308.63,29.82,8.3,8.3,3.7,False,0,Good,0.0,Rain,0.65,0.25,0,None
TRP00286,TRK033,DRV026,Bulawayo,Beitbridge,Bulawayo → Beitbridge,270,2026-06-27,18.5,82.2,119.51,1.57,187.63,381.01,69.81,72.71,53.62,17.96,401.73,-20.72,9.8,9.8,4.9,False,0,Fair,0.35,Clear,0.0,0.55,1,Beitbridge Border Post
TRP00287,TRK017,DRV003,Gweru,Masvingo,Gweru → Masvingo,160,2026-08-19,21.9,83.3,51.45,1.45,74.6,217.49,49.92,17.89,27.59,8.72,178.72,38.77,6.6,6.4,3.6,False,0,Fair,0.35,Clear,0.0,0.25,0,None
TRP00288,TRK019,DRV023,Bulawayo,Mutare,Bulawayo → Mutare,500,2025-10-16,15.3,55.2,167.02,1.72,287.27,644.55,117.32,20.76,92.07,28.75,546.17,98.38,13.1,13.1,3.7,False,0,Poor,0.8,Cloudy,0.25,0.25,0,None
TRP00289,TRK022,DRV018,Beitbridge,Chirundu,Beitbridge → Chirundu,830,2025-11-24,16.8,70.0,334.17,1.69,564.75,1247.84,206.99,67.37,134.68,46.48,1020.27,227.57,20.0,20.0,3.4,False,0,Poor,0.92,Clear,0.0,0.78,1,Chirundu Border Post
TRP00290,TRK028,DRV026,Mutare,Gweru,Mutare → Gweru,365,2026-05-05,18.1,77.0,135.61,1.57,212.91,499.27,90.06,16.57,65.05,22.08,406.67,92.6,10.2,9.9,3.9,False,0,Good,0.0,Clear,0.0,0.25,0,None
TRP00291,TRK022,DRV012,Mutare,Masvingo,Mutare → Masvingo,380,2026-06-03,13.3,55.4,130.86,1.67,218.54,540.8,91.02,16.89,72.09,21.28,419.82,120.98,10.0,9.9,3.3,False,0,Poor,0.8,Clear,0.0,0.25,0,None
TRP00292,TRK024,DRV034,Gweru,Masvingo,Gweru → Masvingo,160,2026-02-05,23.4,95.1,51.01,1.5,76.52,248.56,50.53,11.76,31.33,8.72,178.86,69.7,7.7,7.7,4.6,False,0,Good,0.0,Clear,0.0,0.25,0,None
TRP00293,TRK028,DRV006,Harare,Gweru,Harare → Gweru,275,2026-04-30,17.0,72.3,105.16,1.71,179.82,416.26,77.4,8.34,54.99,16.64,337.19,79.07,8.9,9.4,4.5,False,0,Good,0.0,Cloudy,0.25,0.25,0,None
TRP00294,TRK012,DRV035,Masvingo,Chirundu,Masvingo → Chirundu,627,2026-02-19,21.8,82.6,240.21,1.69,405.95,913.18,153.44,51.25,123.13,34.17,767.94,145.24,13.7,13.8,3.1,False,0,Good,0.0,Clear,0.0,0.64,1,Chirundu Border Post
TRP00295,TRK007,DRV006,Bulawayo,Chirundu,Bulawayo → Chirundu,775,2026-03-08,23.6,95.2,285.86,1.68,480.24,972.31,185.31,48.41,130.59,43.4,887.95,84.36,17.0,18.6,4.3,True,84,Good,0.0,Clear,0.0,0.72,1,Chirundu Border Post
TRP00296,TRK020,DRV029,Bulawayo,Beitbridge,Bulawayo → Beitbridge,270,2026-07-27,25.8,94.9,98.68,1.64,161.84,406.07,74.91,33.51,47.27,15.93,333.46,72.61,9.6,12.1,4.7,True,155,Fair,0.35,Clear,0.0,0.55,1,Beitbridge Border Post
TRP00297,TRK011,DRV045,Mutare,Beitbridge,Mutare → Beitbridge,630,2026-05-07,9.3,47.9,275.76,1.86,512.91,774.49,152.08,37.55,122.0,40.01,864.55,-90.06,14.5,14.7,3.5,False,0,Good,0.0,Clear,0.0,0.7,1,Beitbridge Border Post
TRP00298,TRK029,DRV003,Mutare,Gweru,Mutare → Gweru,365,2026-03-21,11.5,49.1,128.68,1.7,218.76,433.88,100.17,24.37,71.57,23.18,438.05,-4.17,9.7,9.6,3.6,False,0,Fair,0.35,Rain,0.65,0.25,0,None
TRP00299,TRK028,DRV018,Masvingo,Chirundu,Masvingo → Chirundu,627,2026-08-15,20.5,87.2,249.72,1.73,432.02,860.45,160.14,35.4,120.08,37.93,785.57,74.88,15.6,18.3,4.5,True,163,Good,0.0,Cloudy,0.25,0.64,1,Chirundu Border Post
TRP00300,TRK005,DRV043,Harare,Mutare,Harare → Mutare,263,2026-08-14,20.6,87.3,100.54,1.7,170.92,361.62,81.1,23.38,45.65,15.12,336.17,25.45,8.2,8.0,4.0,False,0,Good,0.0,Clear,0.0,0.25,0,None
TRP00301,TRK024,DRV033,Mutare,Masvingo,Mutare → Masvingo,380,2026-09-04,19.4,78.9,120.18,1.58,189.88,525.29,100.83,3.9,69.1,20.71,384.42,140.87,10.0,10.1,3.4,False,0,Good,0.0,Clear,0.0,0.25,0,None
TRP00302,TRK002,DRV010,Harare,Chirundu,Harare → Chirundu,335,2026-07-30,18.8,80.3,121.46,1.69,205.27,492.42,82.08,56.9,66.08,20.77,431.1,61.32,9.8,10.0,3.6,False,0,Good,0.0,Clear,0.0,0.45,1,Chirundu Border Post
TRP00303,TRK003,DRV009,Mutare,Chirundu,Mutare → Chirundu,598,2025-10-26,21.8,94.8,244.97,1.76,431.15,800.28,150.88,70.13,112.71,33.49,798.36,1.92,14.8,15.0,4.2,False,0,Fair,0.35,Clear,0.0,0.68,1,Chirundu Border Post
TRP00304,TRK024,DRV024,Bulawayo,Gweru,Bulawayo → Gweru,165,2026-04-06,18.6,75.6,51.59,1.69,87.19,238.05,54.14,17.67,27.13,8.99,195.12,42.93,6.7,6.8,3.8,False,0,Good,0.0,Clear,0.0,0.25,0,None
TRP00305,TRK003,DRV039,Masvingo,Beitbridge,Masvingo → Beitbridge,215,2025-12-09,19.9,86.5,85.31,1.69,144.17,273.79,65.89,65.35,37.81,12.04,325.26,-51.47,7.1,8.8,3.2,True,94,Fair,0.35,Clear,0.0,0.58,1,Beitbridge Border Post
TRP00306,TRK024,DRV024,Mutare,Chirundu,Mutare → Chirundu,598,2026-05-07,16.6,67.5,201.0,1.79,359.79,717.03,148.38,45.02,117.7,32.59,703.48,13.55,15.4,17.4,4.4,True,109,Fair,0.35,Clear,0.0,0.68,1,Chirundu Border Post
TRP00307,TRK009,DRV034,Harare,Gweru,Harare → Gweru,275,2026-03-28,12.4,60.2,115.96,1.74,201.77,332.52,75.89,11.4,50.82,17.46,357.34,-24.82,6.9,7.0,2.5,False,0,Good,0.0,Cloudy,0.25,0.25,0,None
TRP00308,TRK021,DRV042,Mutare,Masvingo,Mutare → Masvingo,380,2026-02-11,22.0,94.8,164.53,1.64,269.83,559.1,100.84,1.6,72.66,24.7,469.63,89.47,11.7,11.9,3.7,False,0,Poor,0.92,Cloudy,0.25,0.25,0,None
TRP00309,TRK008,DRV002,Bulawayo,Gweru,Bulawayo → Gweru,165,2025-12-26,15.0,63.0,57.18,1.86,106.35,232.05,51.65,1.17,30.65,10.72,200.54,31.51,5.9,5.7,3.3,False,0,Good,0.0,Clear,0.0,0.25,0,None
TRP00310,TRK034,DRV025,Gweru,Masvingo,Gweru → Masvingo,160,2026-07-06,24.9,93.6,63.05,1.78,112.23,230.62,50.86,7.32,29.56,9.44,209.41,21.21,7.8,8.7,4.7,True,56,Fair,0.35,Cloudy,0.25,0.25,0,None
TRP00311,TRK017,DRV017,Harare,Masvingo,Harare → Masvingo,292,2026-09-17,23.4,89.0,94.73,1.69,160.09,473.41,78.92,29.77,56.03,15.91,340.72,132.69,8.7,8.6,3.8,False,0,Good,0.0,Clear,0.0,0.25,0,None
TRP00312,TRK014,DRV040,Mutare,Chirundu,Mutare → Chirundu,598,2026-02-15,15.8,55.1,206.94,1.79,370.42,821.43,140.11,45.88,116.29,34.38,707.08,114.35,13.6,13.6,4.1,False,0,Fair,0.35,Clear,0.0,0.68,1,Chirundu Border Post
TRP00313,TRK013,DRV008,Gweru,Masvingo,Gweru → Masvingo,160,2025-11-30,17.0,73.9,56.55,1.89,106.88,226.03,57.32,5.02,32.1,9.44,210.76,15.27,5.8,5.8,3.1,False,0,Good,0.0,Cloudy,0.25,0.25,0,None
TRP00314,TRK029,DRV012,Harare,Gweru,Harare → Gweru,275,2026-09-22,16.6,70.9,109.31,1.81,197.85,379.83,85.08,21.51,47.27,17.46,369.17,10.66,9.1,9.2,4.5,False,0,Fair,0.35,Clear,0.0,0.25,0,None
TRP00315,TRK006,DRV044,Mutare,Chirundu,Mutare → Chirundu,598,2026-03-04,18.8,70.1,200.12,1.75,350.21,829.35,137.89,35.7,103.46,37.97,665.23,164.12,14.0,14.0,4.0,False,0,Good,0.0,Clear,0.0,0.68,1,Chirundu Border Post
TRP00316,TRK005,DRV036,Mutare,Gweru,Mutare → Gweru,365,2026-06-26,18.5,78.4,133.52,1.58,210.96,556.34,95.7,10.11,68.7,20.99,406.46,149.88,10.5,10.6,4.2,False,0,Poor,0.8,Cloudy,0.25,0.25,0,None
TRP00317,TRK020,DRV011,Bulawayo,Beitbridge,Bulawayo → Beitbridge,270,2026-09-21,19.6,72.1,83.9,1.75,146.83,405.22,77.99,65.48,54.02,15.93,360.25,44.97,8.5,8.9,3.5,False,0,Fair,0.35,Clear,0.0,0.55,1,Beitbridge Border Post
TRP00318,TRK012,DRV024,Beitbridge,Chirundu,Beitbridge → Chirundu,830,2026-06-09,12.9,48.9,267.58,1.65,441.51,979.47,193.14,61.89,141.74,45.24,883.52,95.95,17.4,17.2,4.0,False,0,Good,0.0,Clear,0.0,0.78,1,Chirundu Border Post
TRP00319,TRK008,DRV013,Bulawayo,Gweru,Bulawayo → Gweru,165,2025-12-02,18.6,78.2,63.55,1.78,113.12,224.93,50.56,0.47,28.08,10.72,202.95,21.98,6.6,6.7,3.8,False,0,Good,0.0,Clear,0.0,0.25,0,None
TRP00320,TRK032,DRV002,Bulawayo,Gweru,Bulawayo → Gweru,165,2026-03-25,10.3,56.3,67.59,1.77,119.63,234.87,55.86,4.13,30.42,10.48,220.52,14.35,6.5,6.6,3.9,False,0,Good,0.0,Clear,0.0,0.25,0,None
TRP00321,TRK024,DRV030,Gweru,Chirundu,Gweru → Chirundu,610,2026-07-01,18.1,73.6,188.92,1.74,328.72,921.01,149.55,52.3,99.57,33.25,663.39,257.62,14.8,15.2,4.2,False,0,Good,0.0,Clear,0.0,0.62,1,Chirundu Border Post
TRP00322,TRK006,DRV005,Harare,Beitbridge,Harare → Beitbridge,582,2026-02-27,25.4,94.8,205.06,1.56,319.89,893.0,141.21,48.21,100.97,36.96,647.24,245.76,14.4,14.5,3.9,False,0,Good,0.0,Clear,0.0,0.65,1,Beitbridge Border Post
TRP00323,TRK031,DRV034,Mutare,Masvingo,Mutare → Masvingo,380,2026-04-20,12.5,58.1,158.1,1.66,262.45,528.82,97.61,21.97,72.18,24.7,478.91,49.91,11.2,11.1,4.2,False,0,Poor,0.8,Clear,0.0,0.25,0,None
TRP00324,TRK005,DRV009,Mutare,Beitbridge,Mutare → Beitbridge,630,2026-03-03,9.8,41.5,229.21,1.75,401.12,894.33,158.24,62.37,104.09,36.22,762.04,132.29,13.0,14.7,2.9,True,94,Fair,0.35,Clear,0.0,0.7,1,Beitbridge Border Post
TRP00325,TRK005,DRV029,Beitbridge,Chirundu,Beitbridge → Chirundu,830,2026-05-18,11.4,48.3,307.33,1.83,562.41,1010.39,188.17,48.02,146.64,47.72,992.96,17.43,18.4,20.4,3.5,True,119,Fair,0.35,Cloudy,0.25,0.78,1,Chirundu Border Post
TRP00326,TRK023,DRV009,Gweru,Beitbridge,Gweru → Beitbridge,375,2026-07-01,14.8,54.8,126.36,1.6,202.18,495.58,105.24,74.88,71.34,21.56,475.2,20.38,10.5,11.3,4.1,True,49,Fair,0.35,Clear,0.0,0.52,1,Beitbridge Border Post
TRP00327,TRK012,DRV009,Beitbridge,Chirundu,Beitbridge → Chirundu,830,2026-05-01,12.2,46.2,264.07,1.61,425.15,1155.65,196.5,51.39,164.85,45.24,883.13,272.52,16.4,19.2,3.1,True,173,Fair,0.35,Clear,0.0,0.78,1,Chirundu Border Post
TRP00328,TRK004,DRV008,Gweru,Beitbridge,Gweru → Beitbridge,375,2026-06-14,7.3,28.2,125.21,1.71,214.11,505.78,96.27,42.46,70.68,22.12,445.64,60.14,8.1,8.0,2.4,False,0,Good,0.0,Clear,0.0,0.52,1,Beitbridge Border Post
TRP00329,TRK020,DRV011,Harare,Beitbridge,Harare → Beitbridge,582,2025-12-13,15.9,58.5,179.26,1.88,337.01,768.46,141.99,38.29,106.24,34.34,657.87,110.59,13.1,13.3,3.5,False,0,Good,0.0,Clear,0.0,0.65,1,Beitbridge Border Post
TRP00330,TRK015,DRV023,Bulawayo,Chirundu,Bulawayo → Chirundu,775,2026-06-14,21.0,83.7,301.36,1.61,485.19,1127.13,186.91,69.72,129.81,46.89,918.52,208.61,19.1,20.1,4.2,True,67,Fair,0.35,Cloudy,0.25,0.72,1,Chirundu Border Post
TRP00331,TRK006,DRV017,Bulawayo,Beitbridge,Bulawayo → Beitbridge,270,2025-12-31,17.4,64.9,93.25,1.71,159.46,356.0,73.93,49.86,44.74,17.14,345.13,10.87,8.5,8.5,3.5,False,0,Poor,0.92,Clear,0.0,0.55,1,Beitbridge Border Post
TRP00332,TRK018,DRV009,Beitbridge,Chirundu,Beitbridge → Chirundu,830,2026-08-08,15.7,56.9,270.7,1.58,427.71,990.52,197.65,37.72,148.44,52.7,864.22,126.3,17.8,17.5,3.8,False,0,Good,0.0,Cloudy,0.25,0.78,1,Chirundu Border Post
TRP00333,TRK035,DRV006,Bulawayo,Beitbridge,Bulawayo → Beitbridge,270,2026-06-06,10.6,50.7,96.96,1.88,182.28,309.84,75.98,38.93,45.13,16.74,359.06,-49.22,8.4,8.5,3.7,False,0,Good,0.0,Clear,0.0,0.55,1,Beitbridge Border Post
TRP00334,TRK011,DRV038,Beitbridge,Chirundu,Beitbridge → Chirundu,830,2026-07-16,10.4,53.6,315.43,1.59,501.53,1234.67,199.08,51.31,140.93,52.7,945.55,289.12,16.2,16.3,3.1,False,0,Good,0.0,Clear,0.0,0.78,1,Chirundu Border Post
TRP00335,TRK011,DRV043,Harare,Beitbridge,Harare → Beitbridge,582,2026-08-07,14.6,75.3,234.5,1.73,405.69,773.28,136.96,34.05,102.86,36.96,716.52,56.76,14.8,14.7,4.5,False,0,Good,0.0,Clear,0.0,0.65,1,Beitbridge Border Post
TRP00336,TRK022,DRV037,Masvingo,Chirundu,Masvingo → Chirundu,627,2025-10-13,12.7,52.9,217.53,1.58,343.7,726.43,156.25,34.26,101.92,35.11,671.24,55.19,14.0,14.0,3.7,False,0,Poor,0.8,Clear,0.0,0.64,1,Chirundu Border Post
TRP00337,TRK006,DRV003,Harare,Bulawayo,Harare → Bulawayo,440,2026-08-16,11.8,44.0,135.83,1.62,220.04,534.58,109.42,5.52,79.91,27.94,442.83,91.75,12.2,12.4,4.5,False,0,Fair,0.35,Clear,0.0,0.25,0,None
TRP00338,TRK017,DRV042,Masvingo,Beitbridge,Masvingo → Beitbridge,215,2026-01-07,17.4,66.2,69.29,1.74,120.56,303.98,65.63,35.04,38.68,11.72,271.63,32.35,7.4,7.4,3.5,False,0,Poor,0.92,Clear,0.0,0.58,1,Beitbridge Border Post
TRP00339,TRK027,DRV040,Masvingo,Beitbridge,Masvingo → Beitbridge,215,2026-08-15,21.9,82.6,63.47,1.64,104.09,351.98,64.28,59.78,38.92,11.72,278.79,73.19,7.1,7.1,3.2,False,0,Good,0.0,Clear,0.0,0.58,1,Beitbridge Border Post
TRP00340,TRK032,DRV041,Harare,Bulawayo,Harare → Bulawayo,440,2026-06-28,14.2,77.6,218.29,1.73,377.64,559.16,117.99,11.37,85.59,27.94,620.53,-61.37,12.9,15.7,3.9,True,168,Poor,0.8,Rain,0.65,0.25,0,None
TRP00341,TRK020,DRV031,Bulawayo,Beitbridge,Bulawayo → Beitbridge,270,2026-01-25,10.5,38.6,79.71,1.65,131.52,326.9,79.34,63.05,53.89,15.93,343.73,-16.83,6.9,6.8,3.0,False,0,Good,0.0,Cloudy,0.25,0.55,1,Beitbridge Border Post
TRP00342,TRK020,DRV030,Mutare,Masvingo,Mutare → Masvingo,380,2025-10-29,23.3,85.7,122.98,1.85,227.51,534.82,94.58,29.0,72.15,22.42,445.66,89.16,10.1,10.0,3.7,False,0,Fair,0.35,Clear,0.0,0.25,0,None
TRP00343,TRK011,DRV029,Harare,Mutare,Harare → Mutare,263,2026-04-22,11.7,60.3,106.78,1.74,185.8,312.81,74.42,19.41,46.98,16.7,343.31,-30.5,7.7,7.6,3.0,False,0,Fair,0.35,Rain,0.65,0.25,0,None
TRP00344,TRK030,DRV014,Gweru,Masvingo,Gweru → Masvingo,160,2026-03-15,16.9,82.4,66.9,1.68,112.39,211.9,52.4,21.88,27.88,9.92,224.47,-12.57,7.1,7.0,4.2,False,0,Good,0.0,Clear,0.0,0.25,0,None
TRP00345,TRK010,DRV021,Masvingo,Chirundu,Masvingo → Chirundu,627,2026-03-04,16.8,74.7,251.3,1.65,414.64,954.43,146.67,33.16,109.6,38.87,742.94,211.49,13.7,15.3,3.3,True,99,Good,0.0,Cloudy,0.25,0.64,1,Chirundu Border Post
TRP00346,TRK026,DRV009,Mutare,Gweru,Mutare → Gweru,365,2026-03-30,21.0,74.5,135.0,1.69,228.15,489.87,97.11,2.86,69.42,23.18,420.72,69.15,11.3,11.2,5.1,False,0,Good,0.0,Clear,0.0,0.25,0,None
TRP00347,TRK007,DRV021,Gweru,Beitbridge,Gweru → Beitbridge,375,2026-01-23,23.6,95.2,137.22,1.87,256.6,592.09,99.31,55.37,73.6,21.0,505.88,86.21,10.6,10.6,4.4,False,0,Good,0.0,Clear,0.0,0.52,1,Beitbridge Border Post
TRP00348,TRK008,DRV018,Mutare,Chirundu,Mutare → Chirundu,598,2026-05-10,13.3,55.9,223.03,1.78,396.99,714.26,149.5,48.76,115.78,38.87,749.9,-35.64,13.1,13.6,2.9,True,40,Fair,0.35,Clear,0.0,0.68,1,Chirundu Border Post
TRP00349,TRK010,DRV007,Bulawayo,Gweru,Bulawayo → Gweru,165,2025-10-17,16.3,72.4,68.03,1.65,112.25,226.78,44.08,21.28,31.93,10.23,219.77,7.01,7.9,7.9,5.0,False,0,Fair,0.35,Clear,0.0,0.25,0,None
TRP00350,TRK025,DRV040,Bulawayo,Beitbridge,Bulawayo → Beitbridge,270,2026-04-24,15.0,67.6,111.17,1.73,192.32,359.3,76.28,35.0,49.49,17.96,371.05,-11.75,7.9,8.4,3.4,True,34,Fair,0.35,Clear,0.0,0.55,1,Beitbridge Border Post
TRP00351,TRK011,DRV021,Bulawayo,Gweru,Bulawayo → Gweru,165,2026-07-14,16.3,84.0,71.68,1.71,122.57,206.06,52.21,8.41,32.35,10.48,226.02,-19.96,7.2,7.1,4.4,False,0,Good,0.0,Clear,0.0,0.25,0,None
TRP00352,TRK013,DRV011,Bulawayo,Chirundu,Bulawayo → Chirundu,775,2026-06-04,15.8,68.7,258.6,1.7,439.62,1211.08,181.38,79.74,134.61,45.72,881.07,330.01,16.6,16.8,3.7,False,0,Good,0.0,Clear,0.0,0.72,1,Chirundu Border Post
TRP00353,TRK030,DRV032,Gweru,Beitbridge,Gweru → Beitbridge,375,2026-02-26,13.1,63.9,175.98,1.81,318.52,443.23,93.41,49.06,74.39,23.25,558.63,-115.4,10.3,10.4,3.3,False,0,Poor,0.92,Clear,0.0,0.52,1,Beitbridge Border Post
TRP00354,TRK002,DRV006,Gweru,Masvingo,Gweru → Masvingo,160,2026-04-11,19.2,82.1,60.3,1.64,98.89,228.75,54.29,8.39,29.21,9.92,200.7,28.05,8.3,8.1,5.3,False,0,Fair,0.35,Clear,0.0,0.25,0,None
TRP00355,TRK030,DRV016,Gweru,Beitbridge,Gweru → Beitbridge,375,2026-01-10,16.2,79.0,157.48,1.91,300.79,532.7,104.84,65.06,63.57,23.25,557.51,-24.81,10.8,10.4,4.0,False,0,Fair,0.35,Clear,0.0,0.52,1,Beitbridge Border Post
TRP00356,TRK023,DRV004,Masvingo,Beitbridge,Masvingo → Beitbridge,215,2025-10-17,21.3,78.9,73.49,1.64,120.52,314.17,58.63,60.74,35.44,12.36,287.69,26.48,7.6,7.8,3.6,False,0,Fair,0.35,Cloudy,0.25,0.58,1,Beitbridge Border Post
TRP00357,TRK032,DRV039,Bulawayo,Beitbridge,Bulawayo → Beitbridge,270,2026-08-22,9.9,54.1,111.77,1.71,191.13,391.05,79.49,30.59,49.69,17.14,368.04,23.01,7.7,8.2,3.6,True,29,Good,0.0,Clear,0.0,0.55,1,Beitbridge Border Post
TRP00358,TRK019,DRV035,Gweru,Masvingo,Gweru → Masvingo,160,2025-09-26,19.1,69.0,56.18,1.86,104.49,216.87,67.47,19.66,30.88,9.2,231.7,-14.83,6.0,6.1,3.1,False,0,Poor,0.8,Clear,0.0,0.25,0,None
TRP00359,TRK028,DRV009,Harare,Masvingo,Harare → Masvingo,292,2026-02-04,21.8,92.8,127.22,1.92,244.26,380.16,81.12,10.21,49.04,17.67,402.3,-22.14,9.2,9.1,3.2,False,0,Poor,0.92,Cloudy,0.25,0.25,0,None
TRP00360,TRK026,DRV024,Mutare,Gweru,Mutare → Gweru,365,2025-10-15,17.2,61.0,134.85,1.83,246.78,470.5,88.57,26.63,63.22,23.18,448.38,22.12,9.8,9.6,3.7,False,0,Fair,0.35,Clear,0.0,0.25,0,None
TRP00361,TRK004,DRV037,Mutare,Masvingo,Mutare → Masvingo,380,2026-07-06,13.4,51.7,134.32,1.77,237.75,587.39,94.19,24.21,74.54,22.42,453.11,134.28,8.9,8.9,2.8,False,0,Good,0.0,Rain,0.65,0.25,0,None
TRP00362,TRK024,DRV036,Bulawayo,Mutare,Bulawayo → Mutare,500,2026-02-16,15.2,61.8,156.75,1.51,236.69,649.74,136.78,3.89,98.75,27.25,503.36,146.38,12.7,12.7,3.8,False,0,Fair,0.35,Clear,0.0,0.25,0,None
TRP00363,TRK025,DRV033,Harare,Gweru,Harare → Gweru,275,2026-05-10,17.0,76.6,112.31,1.93,216.76,329.91,81.89,24.29,48.94,18.29,390.17,-60.26,8.3,8.4,3.7,False,0,Fair,0.35,Clear,0.0,0.25,0,None
TRP00364,TRK018,DRV040,Gweru,Chirundu,Gweru → Chirundu,610,2026-09-05,12.1,43.8,206.32,1.64,338.36,770.39,147.91,27.54,112.19,38.73,664.73,105.66,13.2,13.5,2.0,False,0,Fair,0.35,Clear,0.0,0.62,1,Chirundu Border Post
TRP00365,TRK008,DRV009,Masvingo,Chirundu,Masvingo → Chirundu,627,2025-11-10,20.9,87.8,248.52,1.75,434.91,927.64,158.99,67.27,122.77,40.76,824.7,102.94,14.3,16.8,3.9,True,147,Good,0.0,Clear,0.0,0.64,1,Chirundu Border Post
TRP00366,TRK024,DRV022,Mutare,Masvingo,Mutare → Masvingo,380,2026-07-04,15.7,63.8,120.73,2.05,247.5,448.3,108.35,25.2,75.41,20.71,477.17,-28.87,11.5,11.5,4.5,False,0,Fair,0.35,Clear,0.0,0.25,0,None
TRP00367,TRK010,DRV013,Mutare,Gweru,Mutare → Gweru,365,2026-07-27,19.9,88.4,150.67,1.86,280.25,440.6,94.91,24.35,60.97,22.63,483.11,-42.51,10.8,13.4,4.5,True,152,Fair,0.35,Cloudy,0.25,0.25,0,None
TRP00368,TRK026,DRV033,Gweru,Beitbridge,Gweru → Beitbridge,375,2025-10-12,15.9,56.4,130.3,1.74,226.72,462.85,104.83,59.36,61.52,23.81,476.24,-13.39,9.7,9.8,2.9,False,0,Poor,0.8,Clear,0.0,0.52,1,Beitbridge Border Post
TRP00369,TRK003,DRV009,Harare,Mutare,Harare → Mutare,263,2026-09-22,17.9,77.8,95.02,1.82,172.94,370.77,74.32,29.36,50.36,14.73,341.71,29.06,8.0,8.2,2.9,False,0,Fair,0.35,Clear,0.0,0.25,0,None
TRP00370,TRK031,DRV034,Bulawayo,Chirundu,Bulawayo → Chirundu,775,2026-05-13,11.9,55.3,291.71,1.67,487.16,918.54,180.09,30.18,147.76,50.38,895.57,22.97,16.9,19.6,3.9,True,162,Good,0.0,Clear,0.0,0.72,1,Chirundu Border Post
TRP00371,TRK033,DRV009,Harare,Beitbridge,Harare → Beitbridge,582,2026-03-08,17.2,76.4,246.02,1.7,418.23,890.44,147.03,38.19,97.84,38.7,739.99,150.45,13.7,14.6,3.7,True,43,Good,0.0,Clear,0.0,0.65,1,Beitbridge Border Post
TRP00372,TRK021,DRV011,Masvingo,Chirundu,Masvingo → Chirundu,627,2026-04-11,22.0,94.8,247.35,1.71,422.97,813.32,153.31,29.42,120.9,40.76,767.36,45.96,15.3,15.8,3.9,True,32,Fair,0.35,Cloudy,0.25,0.64,1,Chirundu Border Post
TRP00373,TRK020,DRV038,Masvingo,Chirundu,Masvingo → Chirundu,627,2026-03-13,16.2,59.6,207.92,1.68,349.31,827.13,152.94,29.81,110.79,36.99,679.84,147.29,15.3,16.6,4.4,True,81,Poor,0.92,Clear,0.0,0.64,1,Chirundu Border Post
TRP00374,TRK033,DRV035,Gweru,Beitbridge,Gweru → Beitbridge,375,2026-05-30,17.0,75.6,160.66,1.72,276.34,486.73,94.79,56.82,64.14,24.94,517.03,-30.3,9.2,10.3,2.6,True,70,Fair,0.35,Clear,0.0,0.52,1,Beitbridge Border Post
TRP00375,TRK020,DRV031,Masvingo,Beitbridge,Masvingo → Beitbridge,215,2025-09-30,15.9,58.5,65.79,1.73,113.82,330.8,65.14,42.32,39.73,12.68,273.69,57.11,7.6,8.2,3.5,True,25,Fair,0.35,Rain,0.65,0.58,1,Beitbridge Border Post
TRP00376,TRK022,DRV044,Mutare,Gweru,Mutare → Gweru,365,2025-11-17,12.2,50.8,143.67,1.78,255.73,545.42,85.11,13.74,64.64,20.44,439.66,105.76,11.2,12.3,4.2,True,67,Poor,0.92,Clear,0.0,0.25,0,None
TRP00377,TRK020,DRV045,Mutare,Beitbridge,Mutare → Beitbridge,630,2026-08-10,16.9,62.1,200.19,1.63,326.31,877.0,147.86,28.94,116.63,37.17,656.91,220.09,15.2,15.2,3.3,False,0,Good,0.0,Cloudy,0.25,0.7,1,Beitbridge Border Post
TRP00378,TRK031,DRV017,Harare,Bulawayo,Harare → Bulawayo,440,2026-08-23,11.5,53.5,182.82,1.68,307.14,517.09,109.95,19.76,88.56,28.6,554.01,-36.92,10.6,10.6,3.0,False,0,Fair,0.35,Clear,0.0,0.25,0,None
TRP00379,TRK015,DRV004,Masvingo,Beitbridge,Masvingo → Beitbridge,215,2026-07-17,21.5,85.7,82.4,1.71,140.9,311.7,71.16,69.71,43.09,13.01,337.87,-26.17,8.1,8.0,4.3,False,0,Fair,0.35,Cloudy,0.25,0.58,1,Beitbridge Border Post
TRP00380,TRK011,DRV034,Gweru,Masvingo,Gweru → Masvingo,160,2026-08-10,8.9,45.9,67.36,1.59,107.1,181.22,53.81,16.01,29.25,10.16,216.33,-35.11,5.7,5.7,3.1,False,0,Fair,0.35,Rain,0.65,0.25,0,None
TRP00381,TRK025,DRV010,Masvingo,Chirundu,Masvingo → Chirundu,627,2026-09-05,17.7,79.7,275.78,1.74,479.86,967.14,154.19,21.13,112.87,41.7,809.75,157.39,13.0,12.9,3.1,False,0,Good,0.0,Clear,0.0,0.64,1,Chirundu Border Post
TRP00382,TRK003,DRV037,Bulawayo,Gweru,Bulawayo → Gweru,165,2026-09-15,12.4,53.9,58.83,1.67,98.25,206.98,48.63,15.47,32.46,9.24,204.05,2.93,5.6,5.6,2.7,False,0,Fair,0.35,Clear,0.0,0.25,0,None
TRP00383,TRK013,DRV002,Harare,Masvingo,Harare → Masvingo,292,2026-05-05,9.9,43.0,105.81,1.79,189.4,330.5,80.8,23.2,57.14,17.23,367.77,-37.27,8.9,8.8,3.9,False,0,Fair,0.35,Clear,0.0,0.25,0,None
TRP00384,TRK027,DRV010,Bulawayo,Chirundu,Bulawayo → Chirundu,775,2026-04-21,23.5,88.7,253.93,1.65,418.98,1065.26,184.56,48.89,140.99,42.24,835.66,229.6,20.9,22.1,4.6,True,74,Poor,0.8,Cloudy,0.25,0.72,1,Chirundu Border Post
TRP00385,TRK027,DRV033,Bulawayo,Mutare,Bulawayo → Mutare,500,2026-08-01,11.5,43.4,152.04,1.91,290.4,629.2,126.67,29.4,85.99,27.25,559.71,69.49,11.3,12.6,3.4,True,89,Fair,0.35,Clear,0.0,0.25,0,None
TRP00386,TRK004,DRV009,Gweru,Masvingo,Gweru → Masvingo,160,2026-06-14,13.9,53.7,54.07,1.76,95.16,231.61,48.97,21.72,26.08,9.44,201.37,30.24,6.1,6.1,3.4,False,0,Fair,0.35,Clear,0.0,0.25,0,None
TRP00387,TRK021,DRV043,Bulawayo,Mutare,Bulawayo → Mutare,500,2026-05-24,18.4,79.3,182.86,1.69,309.03,753.9,130.43,16.61,92.4,32.5,580.97,172.93,14.0,14.0,5.3,False,0,Good,0.0,Clear,0.0,0.25,0,None
TRP00388,TRK025,DRV021,Gweru,Beitbridge,Gweru → Beitbridge,375,2025-12-19,17.5,78.8,153.72,1.96,301.29,452.45,101.93,24.52,70.82,24.94,523.5,-71.05,10.6,13.5,3.9,True,179,Good,0.0,Cloudy,0.25,0.52,1,Beitbridge Border Post
TRP00389,TRK035,DRV022,Mutare,Chirundu,Mutare → Chirundu,598,2026-06-28,15.5,74.2,253.43,1.76,446.04,851.83,146.86,34.13,108.64,37.08,772.75,79.08,13.9,13.9,3.5,False,0,Fair,0.35,Clear,0.0,0.68,1,Chirundu Border Post
TRP00390,TRK017,DRV040,Mutare,Gweru,Mutare → Gweru,365,2026-05-27,14.0,53.2,111.54,1.9,211.93,475.82,88.43,27.69,73.39,19.89,421.33,54.49,10.2,10.0,3.6,False,0,Fair,0.35,Cloudy,0.25,0.25,0,None
TRP00391,TRK016,DRV018,Bulawayo,Mutare,Bulawayo → Mutare,500,2026-07-04,19.4,73.8,152.33,1.83,278.76,783.96,128.75,20.26,90.25,28.0,546.02,237.94,13.1,13.0,3.5,False,0,Fair,0.35,Cloudy,0.25,0.25,0,None
TRP00392,TRK015,DRV020,Bulawayo,Beitbridge,Bulawayo → Beitbridge,270,2026-02-16,20.0,79.7,97.38,1.85,180.15,434.24,73.6,73.98,44.91,16.34,388.98,45.26,8.5,8.7,3.8,False,0,Good,0.0,Clear,0.0,0.55,1,Beitbridge Border Post
TRP00393,TRK032,DRV021,Bulawayo,Mutare,Bulawayo → Mutare,500,2026-05-25,9.7,53.0,214.94,1.73,371.85,677.92,121.48,10.21,94.66,31.75,629.95,47.97,12.0,12.0,3.5,False,0,Poor,0.8,Clear,0.0,0.25,0,None
TRP00394,TRK018,DRV019,Mutare,Gweru,Mutare → Gweru,365,2025-11-23,20.6,74.6,117.9,1.72,202.79,598.96,98.75,6.45,63.61,23.18,394.78,204.18,10.8,10.8,4.8,False,0,Good,0.0,Clear,0.0,0.25,0,None
TRP00395,TRK035,DRV025,Masvingo,Beitbridge,Masvingo → Beitbridge,215,2026-04-12,8.4,40.2,89.83,1.72,154.51,242.0,67.27,29.34,40.67,13.33,305.12,-63.12,7.0,7.0,2.6,False,0,Poor,0.8,Clear,0.0,0.58,1,Beitbridge Border Post
TRP00396,TRK010,DRV019,Mutare,Gweru,Mutare → Gweru,365,2025-10-13,17.0,75.6,162.58,1.76,286.14,562.62,93.77,4.73,63.56,22.63,470.83,91.79,11.1,10.9,4.8,False,0,Fair,0.35,Clear,0.0,0.25,0,None
TRP00397,TRK006,DRV023,Bulawayo,Beitbridge,Bulawayo → Beitbridge,270,2026-05-06,20.1,75.0,98.57,1.73,170.53,413.47,82.61,79.81,47.46,17.14,397.55,15.92,9.4,11.7,3.7,True,134,Fair,0.35,Clear,0.0,0.55,1,Beitbridge Border Post
TRP00398,TRK017,DRV031,Beitbridge,Chirundu,Beitbridge → Chirundu,830,2026-01-09,19.7,74.9,294.11,1.76,517.63,1301.11,195.83,60.12,147.61,45.24,966.43,334.68,20.8,21.3,4.1,True,37,Poor,0.92,Clear,0.0,0.78,1,Chirundu Border Post
TRP00399,TRK035,DRV018,Bulawayo,Mutare,Bulawayo → Mutare,500,2026-07-06,18.9,90.4,223.43,1.77,395.47,657.63,132.73,12.84,84.31,31.0,656.35,1.28,12.8,12.8,4.0,False,0,Fair,0.35,Rain,0.65,0.25,0,None
TRP00400,TRK009,DRV007,Bulawayo,Masvingo,Bulawayo → Masvingo,260,2026-08-03,16.9,82.0,119.15,1.75,208.51,359.56,71.93,13.4,47.71,16.51,358.06,1.5,9.2,9.4,4.5,False,0,Poor,0.8,Cloudy,0.25,0.25,0,None
TRP00401,TRK016,DRV016,Masvingo,Beitbridge,Masvingo → Beitbridge,215,2025-10-17,19.2,73.0,71.7,1.61,115.44,294.06,58.97,74.97,37.75,12.04,299.17,-5.11,6.9,7.2,3.2,False,0,Good,0.0,Cloudy,0.25,0.58,1,Beitbridge Border Post
TRP00402,TRK015,DRV041,Gweru,Beitbridge,Gweru → Beitbridge,375,2026-01-19,6.3,25.1,144.95,1.78,258.01,431.28,99.44,37.16,61.81,22.69,479.11,-47.83,8.5,9.8,2.2,True,70,Fair,0.35,Clear,0.0,0.52,1,Beitbridge Border Post
TRP00403,TRK007,DRV027,Harare,Mutare,Harare → Mutare,263,2026-03-10,14.6,58.9,85.53,1.56,133.43,340.97,57.14,27.72,48.28,14.73,281.3,59.67,7.6,7.6,2.9,False,0,Fair,0.35,Clear,0.0,0.25,0,None
TRP00404,TRK007,DRV044,Gweru,Masvingo,Gweru → Masvingo,160,2025-12-01,15.0,60.5,60.25,1.81,109.05,217.77,46.37,8.17,30.09,8.96,202.64,15.13,7.6,7.4,4.4,False,0,Poor,0.92,Rain,0.65,0.25,0,None
TRP00405,TRK011,DRV027,Harare,Bulawayo,Harare → Bulawayo,440,2026-08-22,10.6,54.6,180.58,1.68,303.37,487.15,108.69,12.92,72.71,27.94,525.63,-38.48,10.9,12.9,3.9,True,124,Good,0.0,Clear,0.0,0.25,0,None
TRP00406,TRK031,DRV042,Gweru,Masvingo,Gweru → Masvingo,160,2026-01-02,13.8,64.2,65.7,1.97,129.43,239.52,46.26,22.49,26.79,10.4,235.37,4.15,6.7,6.8,3.9,False,0,Fair,0.35,Rain,0.65,0.25,0,None
TRP00407,TRK021,DRV019,Bulawayo,Beitbridge,Bulawayo → Beitbridge,270,2026-08-18,14.6,62.9,106.95,1.75,187.16,363.05,82.47,65.48,48.41,17.55,401.07,-38.02,8.5,9.4,3.9,True,61,Poor,0.8,Clear,0.0,0.55,1,Beitbridge Border Post
TRP00408,TRK006,DRV042,Harare,Mutare,Harare → Mutare,263,2026-07-12,16.1,60.1,89.17,1.59,141.78,353.41,74.33,15.53,49.7,16.7,298.04,55.37,8.2,8.1,3.2,False,0,Fair,0.35,Cloudy,0.25,0.25,0,None
TRP00409,TRK035,DRV003,Bulawayo,Gweru,Bulawayo → Gweru,165,2025-12-20,14.2,67.9,66.69,1.71,114.04,226.14,42.24,8.24,31.07,10.23,205.82,20.32,6.5,6.6,3.9,False,0,Good,0.0,Clear,0.0,0.25,0,None
TRP00410,TRK012,DRV003,Mutare,Beitbridge,Mutare → Beitbridge,630,2026-04-13,20.9,79.2,221.83,1.64,363.8,924.83,149.19,60.94,120.53,34.34,728.8,196.03,14.5,14.5,4.2,False,0,Good,0.0,Clear,0.0,0.7,1,Beitbridge Border Post
TRP00411,TRK012,DRV019,Gweru,Masvingo,Gweru → Masvingo,160,2025-10-11,22.1,83.7,59.42,1.74,103.39,225.16,51.44,12.87,28.42,8.72,204.84,20.32,7.0,7.0,3.8,False,0,Good,0.0,Cloudy,0.25,0.25,0,None
TRP00412,TRK020,DRV037,Harare,Bulawayo,Harare → Bulawayo,440,2026-07-27,14.4,52.9,130.74,1.7,222.26,650.63,111.78,2.6,87.83,25.96,450.43,200.2,10.7,10.3,3.5,False,0,Good,0.0,Clear,0.0,0.25,0,None
TRP00413,TRK022,DRV019,Harare,Masvingo,Harare → Masvingo,292,2026-05-12,19.9,82.9,114.65,1.71,196.05,448.36,83.01,3.46,50.7,16.35,349.57,98.79,9.6,9.6,4.0,False,0,Poor,0.8,Clear,0.0,0.25,0,None
TRP00414,TRK035,DRV034,Beitbridge,Chirundu,Beitbridge → Chirundu,830,2026-06-01,8.8,42.1,316.67,1.77,560.51,1073.62,201.87,33.31,156.82,51.46,1003.97,69.65,17.6,17.6,3.6,False,0,Good,0.0,Clear,0.0,0.78,1,Chirundu Border Post
TRP00415,TRK033,DRV030,Harare,Beitbridge,Harare → Beitbridge,582,2026-02-08,16.4,72.9,251.38,1.88,472.59,885.3,135.55,61.7,103.36,38.7,811.9,73.4,15.2,15.9,5.4,True,53,Fair,0.35,Cloudy,0.25,0.65,1,Beitbridge Border Post
TRP00416,TRK008,DRV022,Bulawayo,Mutare,Bulawayo → Mutare,500,2025-12-14,6.6,27.7,192.0,1.7,326.4,631.35,125.16,23.77,90.88,32.5,598.71,32.64,10.4,10.2,2.6,False,0,Fair,0.35,Clear,0.0,0.25,0,None
TRP00417,TRK017,DRV012,Mutare,Chirundu,Mutare → Chirundu,598,2025-09-29,14.8,56.3,178.36,1.56,278.24,856.45,137.93,27.23,107.9,32.59,583.89,272.56,13.9,14.2,3.6,False,0,Good,0.0,Clear,0.0,0.68,1,Chirundu Border Post
TRP00418,TRK019,DRV037,Bulawayo,Chirundu,Bulawayo → Chirundu,775,2026-09-02,19.0,68.6,248.61,1.76,437.55,1051.39,187.54,36.55,152.55,44.56,858.75,192.64,16.6,16.5,4.3,False,0,Good,0.0,Clear,0.0,0.72,1,Chirundu Border Post
TRP00419,TRK012,DRV040,Bulawayo,Mutare,Bulawayo → Mutare,500,2026-08-15,22.6,85.6,177.16,1.92,340.15,752.26,123.07,7.53,93.49,27.25,591.49,160.77,13.1,13.1,3.8,False,0,Good,0.0,Rain,0.65,0.25,0,None
TRP00420,TRK028,DRV033,Mutare,Masvingo,Mutare → Masvingo,380,2026-03-08,17.1,72.8,160.79,1.71,274.95,540.8,105.95,15.95,73.61,22.99,493.45,47.35,8.9,8.9,2.5,False,0,Fair,0.35,Clear,0.0,0.25,0,None
TRP00421,TRK026,DRV043,Harare,Gweru,Harare → Gweru,275,2025-11-09,16.8,59.6,94.45,1.85,174.73,435.58,71.44,7.1,53.9,17.46,324.63,110.95,8.5,8.2,3.3,False,0,Fair,0.35,Clear,0.0,0.25,0,None
TRP00422,TRK009,DRV031,Harare,Chirundu,Harare → Chirundu,335,2026-03-06,7.8,37.9,154.43,1.76,271.8,391.96,88.48,42.23,58.49,21.27,482.27,-90.31,8.4,8.1,2.5,False,0,Poor,0.92,Clear,0.0,0.45,1,Chirundu Border Post
TRP00423,TRK001,DRV017,Bulawayo,Gweru,Bulawayo → Gweru,165,2026-04-06,16.7,79.9,71.35,1.69,120.58,221.15,57.36,6.25,32.03,11.22,227.44,-6.29,6.4,6.2,3.6,False,0,Good,0.0,Clear,0.0,0.25,0,None
TRP00424,TRK029,DRV018,Bulawayo,Gweru,Bulawayo → Gweru,165,2026-03-09,14.4,61.5,62.31,1.78,110.91,232.09,46.8,27.58,27.4,10.48,223.17,8.92,6.4,6.2,3.4,False,0,Poor,0.92,Clear,0.0,0.25,0,None
TRP00425,TRK001,DRV017,Bulawayo,Beitbridge,Bulawayo → Beitbridge,270,2026-08-22,15.0,71.8,119.92,1.58,189.47,350.01,77.01,33.09,50.83,18.36,368.76,-18.75,8.1,11.1,3.1,True,168,Fair,0.35,Clear,0.0,0.55,1,Beitbridge Border Post
TRP00426,TRK016,DRV004,Mutare,Gweru,Mutare → Gweru,365,2026-08-29,19.6,74.5,116.2,1.76,204.51,499.73,101.2,15.95,62.08,20.44,404.18,95.55,10.0,10.3,3.5,False,0,Fair,0.35,Clear,0.0,0.25,0,None
TRP00427,TRK030,DRV020,Harare,Masvingo,Harare → Masvingo,292,2025-12-12,10.7,52.2,122.87,1.71,210.11,431.47,68.83,26.37,54.58,18.1,377.99,53.48,8.0,8.1,2.9,False,0,Poor,0.92,Clear,0.0,0.25,0,None
TRP00428,TRK033,DRV020,Mutare,Masvingo,Mutare → Masvingo,380,2026-09-10,16.4,72.9,162.84,1.8,293.11,579.03,101.1,15.74,70.81,25.27,506.03,73.0,11.7,12.5,5.0,True,51,Good,0.0,Clear,0.0,0.25,0,None
TRP00429,TRK019,DRV024,Harare,Masvingo,Harare → Masvingo,292,2026-08-02,24.7,89.2,97.51,1.71,166.74,405.09,80.18,7.37,58.85,16.79,329.93,75.16,9.4,9.3,4.2,False,0,Fair,0.35,Clear,0.0,0.25,0,None
TRP00430,TRK015,DRV009,Bulawayo,Gweru,Bulawayo → Gweru,165,2026-05-24,22.1,88.0,61.9,1.87,115.75,209.79,53.98,8.24,30.32,9.98,218.27,-8.48,7.5,7.3,4.8,False,0,Good,0.0,Clear,0.0,0.25,0,None
TRP00431,TRK030,DRV039,Harare,Beitbridge,Harare → Beitbridge,582,2026-04-01,15.2,74.1,262.77,1.62,425.69,794.88,152.49,41.45,100.65,36.08,756.36,38.52,13.1,14.5,2.9,True,92,Fair,0.35,Cloudy,0.25,0.65,1,Beitbridge Border Post
TRP00432,TRK031,DRV035,Mutare,Beitbridge,Mutare → Beitbridge,630,2026-08-28,15.0,69.8,264.0,1.64,432.96,852.36,154.0,41.0,119.96,40.95,788.87,63.49,14.7,14.9,4.2,False,0,Good,0.0,Clear,0.0,0.7,1,Beitbridge Border Post
TRP00433,TRK016,DRV044,Bulawayo,Mutare,Bulawayo → Mutare,500,2026-07-24,14.6,55.5,158.88,1.75,278.04,659.16,119.45,8.71,89.16,28.0,523.36,135.8,11.8,11.8,3.1,False,0,Fair,0.35,Clear,0.0,0.25,0,None
TRP00434,TRK034,DRV029,Harare,Gweru,Harare → Gweru,275,2026-06-19,17.9,67.3,102.0,1.45,147.9,421.55,81.13,16.9,47.76,16.22,309.91,111.64,7.5,7.6,2.9,False,0,Good,0.0,Clear,0.0,0.25,0,None
TRP00435,TRK005,DRV037,Mutare,Gweru,Mutare → Gweru,365,2025-11-18,17.3,73.3,158.88,1.58,251.03,558.07,99.44,18.36,70.02,20.99,459.84,98.23,9.8,9.9,2.9,False,0,Poor,0.92,Cloudy,0.25,0.25,0,None
TRP00436,TRK033,DRV013,Harare,Mutare,Harare → Mutare,263,2026-07-12,13.7,60.9,106.3,1.83,194.53,366.57,71.57,12.95,48.38,17.49,344.92,21.65,7.6,7.6,3.2,False,0,Good,0.0,Clear,0.0,0.25,0,None
TRP00437,TRK010,DRV011,Gweru,Chirundu,Gweru → Chirundu,610,2026-03-08,17.3,76.9,231.12,1.55,358.24,759.85,142.85,48.67,119.94,37.82,707.52,52.33,14.2,14.3,4.0,False,0,Good,0.0,Cloudy,0.25,0.62,1,Chirundu Border Post
TRP00438,TRK029,DRV008,Gweru,Beitbridge,Gweru → Beitbridge,375,2026-09-05,16.4,70.1,139.44,1.63,227.29,486.51,102.97,39.87,73.15,23.81,467.09,19.42,10.3,10.4,3.9,False,0,Good,0.0,Clear,0.0,0.52,1,Beitbridge Border Post
TRP00439,TRK032,DRV006,Bulawayo,Mutare,Bulawayo → Mutare,500,2026-06-10,11.6,63.4,212.14,1.7,360.64,601.58,131.26,0.11,87.43,31.75,611.19,-9.61,10.6,10.8,2.2,False,0,Fair,0.35,Cloudy,0.25,0.25,0,None
TRP00440,TRK004,DRV030,Mutare,Chirundu,Mutare → Chirundu,598,2025-11-28,12.0,46.3,194.81,1.55,301.96,827.62,137.52,41.98,114.55,35.28,631.29,196.33,13.6,14.3,3.6,True,47,Good,0.0,Clear,0.0,0.68,1,Chirundu Border Post
TRP00441,TRK027,DRV030,Gweru,Beitbridge,Gweru → Beitbridge,375,2026-07-07,22.4,84.5,122.96,1.82,223.79,458.52,97.41,51.7,70.52,20.44,463.86,-5.34,10.1,12.7,3.5,True,164,Fair,0.35,Clear,0.0,0.52,1,Beitbridge Border Post
TRP00442,TRK030,DRV044,Harare,Mutare,Harare → Mutare,263,2026-02-26,14.6,71.2,103.93,1.8,187.07,399.4,62.26,18.25,49.7,16.31,333.59,65.81,8.4,8.9,3.8,True,32,Good,0.0,Clear,0.0,0.25,0,None
TRP00443,TRK026,DRV017,Harare,Bulawayo,Harare → Bulawayo,440,2025-09-23,25.2,89.4,160.18,1.91,305.94,658.38,112.15,5.16,74.25,27.94,525.44,132.94,11.7,11.8,3.9,False,0,Good,0.0,Cloudy,0.25,0.25,0,None
TRP00444,TRK005,DRV003,Bulawayo,Mutare,Bulawayo → Mutare,500,2026-04-26,12.8,54.2,177.64,1.7,301.99,656.14,117.82,28.88,99.04,28.75,576.48,79.66,10.9,10.8,3.0,False,0,Good,0.0,Cloudy,0.25,0.25,0,None
TRP00445,TRK005,DRV035,Mutare,Gweru,Mutare → Gweru,365,2025-10-22,18.3,77.5,133.32,1.77,235.98,519.28,90.19,3.09,66.08,20.99,416.33,102.95,9.4,9.8,3.2,False,0,Good,0.0,Clear,0.0,0.25,0,None
TRP00446,TRK031,DRV003,Harare,Gweru,Harare → Gweru,275,2026-02-15,18.6,86.5,125.37,1.64,205.61,373.77,74.56,21.37,51.38,17.88,370.8,2.97,9.2,9.2,4.0,False,0,Poor,0.92,Cloudy,0.25,0.25,0,None
TRP00447,TRK012,DRV009,Mutare,Beitbridge,Mutare → Beitbridge,630,2026-08-16,21.8,82.6,236.5,1.8,425.7,894.42,151.96,50.56,107.09,34.34,769.65,124.77,15.9,16.7,4.9,True,42,Good,0.0,Cloudy,0.25,0.7,1,Beitbridge Border Post
TRP00448,TRK027,DRV024,Beitbridge,Chirundu,Beitbridge → Chirundu,830,2026-04-05,24.8,93.6,288.93,1.75,505.63,1363.83,190.76,45.37,148.48,45.24,935.48,428.35,19.1,19.1,4.5,False,0,Good,0.0,Cloudy,0.25,0.78,1,Chirundu Border Post
TRP00449,TRK025,DRV025,Mutare,Chirundu,Mutare → Chirundu,598,2025-11-02,17.0,76.6,259.42,1.77,459.17,782.03,138.15,75.02,108.49,39.77,820.6,-38.57,15.7,16.8,4.1,True,72,Poor,0.92,Clear,0.0,0.68,1,Chirundu Border Post
TRP00450,TRK009,DRV042,Gweru,Chirundu,Gweru → Chirundu,610,2026-03-19,11.9,57.8,233.91,1.88,439.75,861.16,144.82,63.88,121.95,38.73,809.13,52.03,13.4,13.6,3.5,False,0,Good,0.0,Clear,0.0,0.62,1,Chirundu Border Post
TRP00451,TRK012,DRV035,Harare,Masvingo,Harare → Masvingo,292,2026-04-11,15.8,59.8,99.85,1.57,156.76,375.44,69.79,9.96,52.49,15.91,304.91,70.53,6.8,6.7,2.4,False,0,Good,0.0,Clear,0.0,0.25,0,None
TRP00452,TRK009,DRV015,Gweru,Beitbridge,Gweru → Beitbridge,375,2025-09-23,19.6,95.1,168.18,1.68,282.54,538.17,88.8,63.56,65.73,23.81,524.44,13.73,11.9,13.5,4.7,True,74,Fair,0.35,Clear,0.0,0.52,1,Beitbridge Border Post
TRP00453,TRK020,DRV030,Harare,Bulawayo,Harare → Bulawayo,440,2026-09-01,18.7,68.8,166.48,1.61,268.03,642.82,106.58,11.88,71.98,25.96,484.43,158.39,11.7,11.7,3.7,False,0,Poor,0.8,Clear,0.0,0.25,0,None
TRP00454,TRK028,DRV035,Gweru,Chirundu,Gweru → Chirundu,610,2026-04-04,17.7,75.3,249.46,1.81,451.52,754.57,150.46,56.14,121.07,36.91,816.1,-61.53,14.6,14.5,4.2,False,0,Good,0.0,Cloudy,0.25,0.62,1,Chirundu Border Post
TRP00455,TRK016,DRV030,Bulawayo,Gweru,Bulawayo → Gweru,165,2026-03-18,13.4,51.0,48.24,1.57,75.74,239.83,55.0,19.98,32.15,9.24,192.11,47.72,5.2,5.0,2.4,False,0,Good,0.0,Clear,0.0,0.25,0,None
TRP00456,TRK018,DRV013,Harare,Beitbridge,Harare → Beitbridge,582,2025-11-18,21.7,78.6,196.24,1.84,361.08,893.49,149.81,59.97,98.98,36.96,706.8,186.69,12.9,14.1,3.5,True,65,Good,0.0,Clear,0.0,0.65,1,Beitbridge Border Post
TRP00457,TRK027,DRV040,Harare,Mutare,Harare → Mutare,263,2025-09-30,20.2,76.2,82.05,1.76,144.41,363.46,83.08,24.57,49.32,14.33,315.71,47.75,8.5,8.2,3.9,False,0,Good,0.0,Cloudy,0.25,0.25,0,None
TRP00458,TRK014,DRV005,Bulawayo,Gweru,Bulawayo → Gweru,165,2025-11-12,16.0,55.7,51.96,1.7,88.33,248.93,56.57,4.36,33.24,9.49,191.99,56.94,6.2,6.3,3.6,False,0,Good,0.0,Clear,0.0,0.25,0,None
TRP00459,TRK003,DRV029,Masvingo,Chirundu,Masvingo → Chirundu,627,2026-07-25,15.3,66.5,243.25,1.63,396.5,940.53,156.87,61.8,121.03,35.11,771.31,169.22,15.8,16.1,4.2,False,0,Poor,0.8,Clear,0.0,0.64,1,Chirundu Border Post
TRP00460,TRK016,DRV003,Harare,Mutare,Harare → Mutare,263,2026-04-15,13.2,50.2,79.59,1.77,140.87,358.37,72.34,29.35,47.44,14.73,304.73,53.64,6.6,6.7,2.5,False,0,Good,0.0,Cloudy,0.25,0.25,0,None
TRP00461,TRK015,DRV035,Mutare,Chirundu,Mutare → Chirundu,598,2026-01-11,20.5,81.7,238.15,1.83,435.81,819.91,144.21,53.17,114.15,36.18,783.52,36.39,14.9,16.3,3.6,True,105,Fair,0.35,Cloudy,0.25,0.68,1,Chirundu Border Post
TRP00462,TRK009,DRV033,Harare,Mutare,Harare → Mutare,263,2026-02-17,9.4,45.6,108.07,1.81,195.61,307.28,77.5,14.06,42.93,16.7,346.8,-39.52,7.9,7.8,3.4,False,0,Fair,0.35,Rain,0.65,0.25,0,None
TRP00463,TRK021,DRV037,Bulawayo,Gweru,Bulawayo → Gweru,165,2026-07-25,12.9,55.6,65.69,1.73,113.64,249.47,53.29,28.52,32.07,10.72,238.24,11.23,6.1,6.1,3.6,False,0,Good,0.0,Clear,0.0,0.25,0,None
TRP00464,TRK016,DRV020,Bulawayo,Chirundu,Bulawayo → Chirundu,775,2025-12-04,22.6,85.9,273.49,1.9,519.63,979.5,180.59,32.25,154.52,43.4,930.39,49.11,18.5,20.9,4.7,True,131,Fair,0.35,Clear,0.0,0.72,1,Chirundu Border Post
TRP00465,TRK015,DRV027,Gweru,Beitbridge,Gweru → Beitbridge,375,2026-02-22,16.9,67.3,141.3,1.8,254.34,569.83,89.87,52.24,67.37,22.69,486.51,83.32,9.6,9.7,3.7,False,0,Good,0.0,Cloudy,0.25,0.52,1,Beitbridge Border Post
TRP00466,TRK004,DRV036,Bulawayo,Masvingo,Bulawayo → Masvingo,260,2026-07-21,18.2,70.3,104.51,1.64,171.4,379.14,73.72,1.91,49.18,15.34,311.55,67.59,9.0,9.1,4.6,False,0,Fair,0.35,Clear,0.0,0.25,0,None
TRP00467,TRK028,DRV036,Harare,Chirundu,Harare → Chirundu,335,2026-06-02,12.5,53.2,135.57,1.75,237.25,447.71,78.61,57.95,55.1,20.27,449.18,-1.47,9.4,9.5,3.8,False,0,Fair,0.35,Rain,0.65,0.45,1,Chirundu Border Post
TRP00468,TRK023,DRV042,Harare,Mutare,Harare → Mutare,263,2026-08-31,13.8,51.1,80.22,1.72,137.98,408.02,71.86,0.01,46.26,15.12,271.23,136.79,8.4,8.6,4.1,False,0,Good,0.0,Clear,0.0,0.25,0,None
TRP00469,TRK034,DRV021,Mutare,Masvingo,Mutare → Masvingo,380,2026-09-13,10.4,39.1,133.91,1.71,228.99,466.97,100.06,7.11,66.43,22.42,425.01,41.96,9.8,10.1,3.0,False,0,Poor,0.8,Clear,0.0,0.25,0,None
TRP00470,TRK027,DRV010,Mutare,Beitbridge,Mutare → Beitbridge,630,2026-02-22,25.2,95.1,228.23,1.8,410.81,818.9,153.53,72.49,111.1,34.34,782.27,36.63,15.6,18.2,4.3,True,157,Fair,0.35,Clear,0.0,0.7,1,Beitbridge Border Post
TRP00471,TRK012,DRV035,Mutare,Masvingo,Mutare → Masvingo,380,2026-05-22,17.1,64.8,142.4,1.84,262.02,497.24,104.33,29.43,64.21,20.71,480.7,16.54,10.3,10.3,3.5,False,0,Fair,0.35,Clear,0.0,0.25,0,None
TRP00472,TRK015,DRV020,Bulawayo,Gweru,Bulawayo → Gweru,165,2026-09-19,13.8,55.0,64.06,1.58,101.21,250.25,53.49,5.95,32.97,9.98,203.6,46.65,6.4,6.5,3.3,False,0,Fair,0.35,Cloudy,0.25,0.25,0,None
TRP00473,TRK030,DRV004,Harare,Beitbridge,Harare → Beitbridge,582,2026-07-06,18.2,88.8,262.19,1.69,443.1,761.27,148.82,42.16,94.31,36.08,764.47,-3.2,12.8,12.8,3.2,False,0,Good,0.0,Clear,0.0,0.65,1,Beitbridge Border Post
TRP00474,TRK027,DRV036,Mutare,Beitbridge,Mutare → Beitbridge,630,2026-06-20,13.9,52.5,207.77,1.85,384.37,879.36,156.66,47.29,109.24,34.34,731.9,147.46,15.2,16.3,3.6,True,51,Poor,0.8,Clear,0.0,0.7,1,Beitbridge Border Post
TRP00475,TRK025,DRV016,Harare,Beitbridge,Harare → Beitbridge,582,2026-01-30,11.2,50.5,224.25,1.7,381.22,681.67,148.07,41.83,96.62,38.7,706.44,-24.77,13.8,15.6,3.8,True,112,Fair,0.35,Cloudy,0.25,0.65,1,Beitbridge Border Post
TRP00476,TRK022,DRV042,Bulawayo,Mutare,Bulawayo → Mutare,500,2025-11-01,18.0,75.0,198.9,1.63,324.21,620.65,127.42,15.04,98.08,28.0,592.75,27.9,12.6,12.6,3.3,False,0,Fair,0.35,Cloudy,0.25,0.25,0,None
TRP00477,TRK024,DRV006,Mutare,Chirundu,Mutare → Chirundu,598,2026-06-23,20.1,81.7,211.32,1.65,348.68,817.32,145.56,63.02,113.85,32.59,703.7,113.62,16.5,16.7,4.0,False,0,Poor,0.8,Clear,0.0,0.68,1,Chirundu Border Post
TRP00478,TRK004,DRV018,Bulawayo,Mutare,Bulawayo → Mutare,500,2026-04-03,13.9,53.7,175.98,1.53,269.25,690.2,124.19,17.1,93.55,29.5,533.59,156.61,10.6,10.7,3.0,False,0,Good,0.0,Clear,0.0,0.25,0,None
TRP00479,TRK003,DRV005,Masvingo,Chirundu,Masvingo → Chirundu,627,2025-12-27,12.5,54.3,224.51,1.87,419.83,938.98,155.31,53.39,103.0,35.11,766.64,172.34,13.6,14.9,3.7,True,76,Good,0.0,Clear,0.0,0.64,1,Chirundu Border Post
TRP00480,TRK014,DRV031,Masvingo,Beitbridge,Masvingo → Beitbridge,215,2026-01-06,15.2,53.0,74.04,1.81,134.01,303.97,69.38,46.43,41.94,12.36,304.12,-0.15,6.7,6.6,2.9,False,0,Fair,0.35,Clear,0.0,0.58,1,Beitbridge Border Post
TRP00481,TRK020,DRV001,Bulawayo,Chirundu,Bulawayo → Chirundu,775,2026-01-08,25.8,94.9,253.98,1.65,419.07,1233.4,187.26,23.54,134.87,45.72,810.46,422.94,18.3,21.0,3.9,True,169,Fair,0.35,Clear,0.0,0.72,1,Chirundu Border Post
TRP00482,TRK008,DRV031,Bulawayo,Mutare,Bulawayo → Mutare,500,2026-01-24,19.4,81.5,191.11,1.5,286.67,750.68,122.43,16.88,88.75,32.5,547.23,203.45,12.6,12.6,3.6,False,0,Good,0.0,Clear,0.0,0.25,0,None
TRP00483,TRK014,DRV026,Masvingo,Chirundu,Masvingo → Chirundu,627,2026-01-22,22.0,76.7,214.79,1.57,337.22,1009.57,160.07,55.45,110.52,36.05,699.31,310.26,15.0,14.9,4.1,False,0,Good,0.0,Clear,0.0,0.64,1,Chirundu Border Post
TRP00484,TRK021,DRV019,Gweru,Chirundu,Gweru → Chirundu,610,2026-04-04,18.8,81.0,225.25,1.8,405.45,727.16,148.06,27.8,103.89,39.65,724.85,2.31,14.9,15.0,4.3,False,0,Good,0.0,Cloudy,0.25,0.62,1,Chirundu Border Post
TRP00485,TRK035,DRV042,Mutare,Chirundu,Mutare → Chirundu,598,2026-03-24,16.7,79.9,249.45,1.76,439.03,788.67,140.5,50.95,118.28,37.08,785.84,2.83,15.2,14.9,3.9,False,0,Fair,0.35,Clear,0.0,0.68,1,Chirundu Border Post
TRP00486,TRK017,DRV024,Bulawayo,Beitbridge,Bulawayo → Beitbridge,270,2026-06-11,20.9,79.5,92.27,1.89,174.39,395.22,77.99,20.91,44.49,14.72,332.5,62.72,8.1,8.5,3.3,True,26,Poor,0.8,Cloudy,0.25,0.55,1,Beitbridge Border Post
TRP00487,TRK030,DRV007,Gweru,Masvingo,Gweru → Masvingo,160,2026-05-20,12.3,60.0,66.5,1.74,115.71,228.63,52.26,3.72,31.63,9.92,213.24,15.39,6.0,5.8,3.4,False,0,Good,0.0,Cloudy,0.25,0.25,0,None
TRP00488,TRK014,DRV024,Bulawayo,Chirundu,Bulawayo → Chirundu,775,2026-03-01,14.0,48.8,253.78,1.85,469.49,1015.85,183.78,70.36,127.32,44.56,895.51,120.34,15.9,16.0,2.8,False,0,Good,0.0,Clear,0.0,0.72,1,Chirundu Border Post
TRP00489,TRK003,DRV037,Mutare,Beitbridge,Mutare → Beitbridge,630,2026-01-13,20.2,87.8,236.67,1.67,395.24,1030.97,148.33,26.02,121.1,35.28,725.97,305.0,15.4,16.9,4.1,True,87,Good,0.0,Clear,0.0,0.7,1,Beitbridge Border Post
TRP00490,TRK002,DRV017,Harare,Beitbridge,Harare → Beitbridge,582,2026-07-02,14.3,61.1,208.06,1.62,337.06,884.34,145.35,36.53,114.71,36.08,669.73,214.61,13.9,14.1,4.0,False,0,Fair,0.35,Clear,0.0,0.65,1,Beitbridge Border Post
TRP00491,TRK027,DRV019,Masvingo,Beitbridge,Masvingo → Beitbridge,215,2025-12-09,15.5,58.5,65.57,1.89,123.93,282.41,55.99,58.42,41.54,11.72,291.6,-9.19,7.0,7.1,3.6,False,0,Fair,0.35,Clear,0.0,0.58,1,Beitbridge Border Post
TRP00492,TRK022,DRV015,Bulawayo,Mutare,Bulawayo → Mutare,500,2026-04-04,17.7,73.8,188.16,1.65,310.46,595.19,124.46,22.79,95.91,28.0,581.62,13.57,12.7,12.9,4.1,False,0,Good,0.0,Clear,0.0,0.25,0,None
TRP00493,TRK016,DRV032,Masvingo,Beitbridge,Masvingo → Beitbridge,215,2026-06-30,20.4,77.6,71.39,1.79,127.79,344.31,40.35,44.8,37.88,12.04,262.86,81.45,9.6,10.7,5.3,True,55,Fair,0.35,Cloudy,0.25,0.58,1,Beitbridge Border Post
TRP00494,TRK022,DRV017,Beitbridge,Chirundu,Beitbridge → Chirundu,830,2026-05-30,9.1,37.9,250.52,1.81,453.44,917.08,200.52,52.94,158.25,46.48,911.63,5.45,17.2,20.3,3.9,True,178,Good,0.0,Cloudy,0.25,0.78,1,Chirundu Border Post
TRP00495,TRK032,DRV030,Beitbridge,Chirundu,Beitbridge → Chirundu,830,2025-12-17,14.8,80.9,377.18,1.52,573.31,1257.18,199.57,68.71,149.68,52.7,1043.97,213.21,20.9,22.5,4.9,True,107,Fair,0.35,Clear,0.0,0.78,1,Chirundu Border Post
TRP00496,TRK011,DRV009,Mutare,Gweru,Mutare → Gweru,365,2026-06-28,15.4,79.4,159.71,1.53,244.36,560.02,96.52,11.88,65.11,23.18,441.05,118.97,10.3,10.4,3.6,False,0,Fair,0.35,Cloudy,0.25,0.25,0,None
TRP00497,TRK012,DRV035,Gweru,Masvingo,Gweru → Masvingo,160,2026-08-16,22.7,86.0,60.97,1.7,103.65,200.28,50.34,15.41,26.39,8.72,204.51,-4.23,7.0,6.9,4.0,False,0,Fair,0.35,Clear,0.0,0.25,0,None
TRP00498,TRK034,DRV003,Harare,Mutare,Harare → Mutare,263,2025-10-30,16.5,62.0,93.88,1.74,163.35,351.68,68.48,25.37,50.11,15.52,322.83,28.85,6.8,7.1,2.7,False,0,Good,0.0,Clear,0.0,0.25,0,None
TRP00499,TRK001,DRV027,Harare,Mutare,Harare → Mutare,263,2025-12-01,19.8,94.7,124.41,1.63,202.79,391.51,76.15,9.99,49.41,17.88,356.22,35.29,9.4,9.4,5.0,False,0,Good,0.0,Rain,0.65,0.25,0,None
TRP00500,TRK015,DRV005,Beitbridge,Chirundu,Beitbridge → Chirundu,830,2026-09-19,16.0,63.7,277.89,1.69,469.63,1056.19,202.66,47.74,163.69,50.21,933.93,122.26,16.9,17.8,3.3,True,67,Good,0.0,Rain,0.65,0.78,1,Chirundu Border Post
TRP00501,TRK001,DRV014,Harare,Beitbridge,Harare → Beitbridge,582,2026-06-07,12.0,57.4,219.82,1.76,386.88,710.79,140.73,69.25,107.68,39.58,744.12,-33.33,12.6,12.6,3.9,False,0,Fair,0.35,Clear,0.0,0.65,1,Beitbridge Border Post
TRP00502,TRK024,DRV004,Mutare,Chirundu,Mutare → Chirundu,598,2026-08-04,17.8,72.4,191.69,2.04,391.05,876.07,152.3,69.58,113.82,32.59,759.34,116.73,14.8,14.5,4.2,False,0,Fair,0.35,Cloudy,0.25,0.68,1,Chirundu Border Post
TRP00503,TRK031,DRV043,Beitbridge,Chirundu,Beitbridge → Chirundu,830,2026-05-29,15.2,70.7,348.79,1.69,589.46,1121.32,203.27,30.58,157.88,53.95,1035.14,86.18,20.9,22.4,4.5,True,83,Fair,0.35,Cloudy,0.25,0.78,1,Chirundu Border Post
TRP00504,TRK001,DRV035,Harare,Bulawayo,Harare → Bulawayo,440,2026-07-01,16.6,79.4,204.05,1.81,369.33,560.86,113.74,25.28,72.76,29.92,611.03,-50.17,13.1,13.0,4.3,False,0,Fair,0.35,Cloudy,0.25,0.25,0,None
TRP00505,TRK001,DRV002,Mutare,Beitbridge,Mutare → Beitbridge,630,2026-06-20,18.5,88.5,289.01,1.64,473.98,974.08,156.43,23.67,122.85,42.84,819.77,154.31,15.2,14.7,3.7,False,0,Fair,0.35,Clear,0.0,0.7,1,Beitbridge Border Post
TRP00506,TRK035,DRV019,Bulawayo,Masvingo,Bulawayo → Masvingo,260,2025-09-30,13.5,64.6,106.88,1.89,202.0,326.14,71.93,28.84,43.2,16.12,362.09,-35.95,8.5,8.7,3.7,False,0,Poor,0.8,Clear,0.0,0.25,0,None
TRP00507,TRK028,DRV012,Gweru,Beitbridge,Gweru → Beitbridge,375,2025-11-15,17.6,74.9,148.61,1.85,274.93,487.25,94.91,20.56,71.84,22.69,484.93,2.32,10.8,10.5,3.9,False,0,Good,0.0,Rain,0.65,0.52,1,Beitbridge Border Post
TRP00508,TRK034,DRV010,Harare,Masvingo,Harare → Masvingo,292,2026-01-23,20.9,78.6,113.82,1.86,211.71,480.04,74.27,9.28,50.19,17.23,362.68,117.36,8.8,8.7,3.4,False,0,Poor,0.92,Cloudy,0.25,0.25,0,None
TRP00509,TRK034,DRV017,Bulawayo,Mutare,Bulawayo → Mutare,500,2026-03-22,17.6,66.2,176.9,1.76,311.34,714.38,123.45,24.48,81.74,29.5,570.51,143.87,12.6,12.8,3.8,False,0,Fair,0.35,Clear,0.0,0.25,0,None
TRP00510,TRK026,DRV006,Bulawayo,Masvingo,Bulawayo → Masvingo,260,2026-04-01,19.1,67.7,88.21,1.91,168.48,360.74,70.13,12.91,48.72,16.51,316.75,43.99,7.8,8.0,3.4,False,0,Good,0.0,Rain,0.65,0.25,0,None
TRP00511,TRK030,DRV037,Mutare,Masvingo,Mutare → Masvingo,380,2026-01-24,15.8,77.1,158.84,1.59,252.56,489.11,103.43,7.22,73.19,23.56,459.96,29.15,10.6,10.3,4.1,False,0,Good,0.0,Cloudy,0.25,0.25,0,None
TRP00512,TRK020,DRV044,Bulawayo,Gweru,Bulawayo → Gweru,165,2025-11-02,16.7,61.4,57.94,1.74,100.82,260.31,47.45,22.67,28.98,9.73,209.65,50.66,6.3,6.0,2.9,False,0,Poor,0.92,Rain,0.65,0.25,0,None
TRP00513,TRK003,DRV006,Beitbridge,Chirundu,Beitbridge → Chirundu,830,2026-04-17,14.0,60.9,311.91,1.77,552.08,959.44,197.42,77.0,150.34,46.48,1023.32,-63.88,17.3,19.6,3.4,True,122,Fair,0.35,Rain,0.65,0.78,1,Chirundu Border Post
TRP00514,TRK025,DRV036,Mutare,Masvingo,Mutare → Masvingo,380,2026-05-23,17.8,80.2,157.66,1.69,266.45,580.06,104.6,24.57,68.41,25.27,489.3,90.76,9.8,10.0,3.2,False,0,Fair,0.35,Cloudy,0.25,0.25,0,None
TRP00515,TRK001,DRV045,Harare,Mutare,Harare → Mutare,263,2025-12-18,16.2,77.5,108.39,1.69,183.18,389.85,85.1,0.3,49.13,17.88,335.59,54.26,7.9,8.2,3.6,False,0,Fair,0.35,Clear,0.0,0.25,0,None
TRP00516,TRK032,DRV028,Harare,Gweru,Harare → Gweru,275,2026-08-18,9.1,49.7,111.42,1.66,184.96,397.69,75.25,26.35,53.68,17.46,357.7,39.99,8.2,8.4,3.9,False,0,Fair,0.35,Clear,0.0,0.25,0,None
TRP00517,TRK007,DRV034,Bulawayo,Chirundu,Bulawayo → Chirundu,775,2025-10-13,23.5,94.8,310.12,1.81,561.32,997.98,184.24,79.65,152.45,43.4,1021.06,-23.08,18.1,20.5,4.5,True,129,Good,0.0,Clear,0.0,0.72,1,Chirundu Border Post
TRP00518,TRK014,DRV045,Bulawayo,Gweru,Bulawayo → Gweru,165,2026-07-09,19.1,66.6,61.39,1.76,108.05,224.25,59.89,7.98,30.01,9.49,215.42,8.83,6.8,9.1,4.0,True,142,Fair,0.35,Clear,0.0,0.25,0,None
TRP00519,TRK018,DRV003,Gweru,Masvingo,Gweru → Masvingo,160,2025-10-30,15.5,56.2,58.33,1.88,109.66,222.97,51.77,26.6,29.94,10.16,228.13,-5.16,6.5,6.5,3.8,False,0,Fair,0.35,Clear,0.0,0.25,0,None
TRP00520,TRK035,DRV037,Bulawayo,Masvingo,Bulawayo → Masvingo,260,2026-08-24,16.1,77.0,102.35,1.89,193.44,333.13,71.68,27.56,42.64,16.12,351.44,-18.31,7.5,7.4,3.7,False,0,Good,0.0,Clear,0.0,0.25,0,None
TRP00521,TRK012,DRV021,Harare,Mutare,Harare → Mutare,263,2025-09-30,19.2,72.7,93.03,1.7,158.15,410.77,76.68,0.99,48.57,14.33,298.72,112.05,8.7,8.5,4.1,False,0,Fair,0.35,Clear,0.0,0.25,0,None
TRP00522,TRK010,DRV026,Bulawayo,Mutare,Bulawayo → Mutare,500,2025-10-31,9.1,40.4,201.07,1.45,291.55,558.2,130.24,18.49,93.02,31.0,564.3,-6.1,10.1,10.2,2.3,False,0,Fair,0.35,Clear,0.0,0.25,0,None
TRP00523,TRK011,DRV037,Bulawayo,Beitbridge,Bulawayo → Beitbridge,270,2026-01-23,15.7,80.9,124.45,1.7,211.56,408.19,80.61,45.78,54.08,17.14,409.17,-0.98,8.1,8.2,3.0,False,0,Fair,0.35,Rain,0.65,0.55,1,Beitbridge Border Post
TRP00524,TRK025,DRV044,Masvingo,Beitbridge,Masvingo → Beitbridge,215,2026-06-25,21.1,95.0,98.54,1.84,181.31,350.19,64.49,65.76,38.12,14.3,363.98,-13.79,8.2,8.2,4.3,False,0,Good,0.0,Clear,0.0,0.58,1,Beitbridge Border Post
TRP00525,TRK025,DRV009,Bulawayo,Chirundu,Bulawayo → Chirundu,775,2026-09-09,15.4,69.4,316.6,1.68,531.89,914.41,192.99,34.7,125.72,51.54,936.84,-22.43,17.9,17.7,4.4,False,0,Good,0.0,Cloudy,0.25,0.72,1,Chirundu Border Post
TRP00526,TRK033,DRV023,Harare,Gweru,Harare → Gweru,275,2025-10-19,18.3,81.3,122.13,1.7,207.62,353.95,80.11,5.72,46.54,18.29,358.28,-4.33,7.7,7.7,2.6,False,0,Fair,0.35,Cloudy,0.25,0.25,0,None
TRP00527,TRK028,DRV015,Harare,Masvingo,Harare → Masvingo,292,2025-10-30,12.8,54.5,115.05,1.88,216.29,421.94,83.56,27.55,55.78,17.67,400.85,21.09,7.8,7.8,2.6,False,0,Fair,0.35,Rain,0.65,0.25,0,None
TRP00528,TRK026,DRV021,Bulawayo,Chirundu,Bulawayo → Chirundu,775,2025-10-07,22.2,78.7,264.49,1.7,449.63,959.52,185.73,75.89,146.71,49.21,907.17,52.35,16.9,19.5,3.4,True,146,Good,0.0,Rain,0.65,0.72,1,Chirundu Border Post
TRP00529,TRK018,DRV029,Beitbridge,Chirundu,Beitbridge → Chirundu,830,2026-05-31,23.9,86.6,314.06,1.7,533.9,1287.62,190.92,45.49,147.35,52.7,970.36,317.26,17.9,20.0,3.3,True,139,Good,0.0,Cloudy,0.25,0.78,1,Chirundu Border Post
TRP00530,TRK023,DRV036,Bulawayo,Gweru,Bulawayo → Gweru,165,2026-04-02,16.1,59.6,46.81,1.75,81.92,193.77,48.12,24.34,31.05,9.49,194.92,-1.15,6.6,6.7,4.0,False,0,Fair,0.35,Clear,0.0,0.25,0,None
TRP00531,TRK012,DRV044,Mutare,Beitbridge,Mutare → Beitbridge,630,2026-07-18,15.1,57.2,257.6,1.71,440.5,759.9,157.98,49.16,103.16,34.34,785.14,-25.24,16.5,18.2,3.9,True,96,Poor,0.8,Cloudy,0.25,0.7,1,Beitbridge Border Post
TRP00532,TRK006,DRV040,Mutare,Masvingo,Mutare → Masvingo,380,2026-02-20,18.1,67.5,128.49,1.6,205.58,471.94,93.34,11.87,65.92,24.13,400.84,71.1,9.1,9.2,3.3,False,0,Good,0.0,Cloudy,0.25,0.25,0,None
TRP00533,TRK005,DRV006,Bulawayo,Gweru,Bulawayo → Gweru,165,2026-02-06,14.6,61.9,60.87,1.77,107.74,236.81,45.53,13.09,29.64,9.49,205.49,31.32,5.7,5.8,3.1,False,0,Fair,0.35,Clear,0.0,0.25,0,None
TRP00534,TRK025,DRV041,Harare,Beitbridge,Harare → Beitbridge,582,2025-12-09,10.8,48.6,227.89,1.73,394.25,750.65,135.79,74.48,105.58,38.7,748.8,1.85,14.3,14.2,3.7,False,0,Good,0.0,Clear,0.0,0.65,1,Beitbridge Border Post
TRP00535,TRK021,DRV024,Mutare,Masvingo,Mutare → Masvingo,380,2025-11-15,17.6,75.9,135.16,1.58,213.55,538.29,99.69,5.32,62.12,24.7,405.38,132.91,9.4,9.7,3.3,False,0,Good,0.0,Clear,0.0,0.25,0,None
TRP00536,TRK001,DRV020,Harare,Gweru,Harare → Gweru,275,2026-05-07,12.9,61.7,120.21,1.82,218.78,404.52,71.96,12.88,48.44,18.7,370.76,33.76,8.5,8.5,3.8,False,0,Good,0.0,Clear,0.0,0.25,0,None
TRP00537,TRK018,DRV007,Mutare,Gweru,Mutare → Gweru,365,2025-11-28,20.7,75.0,125.03,1.96,245.06,461.75,96.03,21.13,65.68,23.18,451.08,10.67,9.6,9.6,3.9,False,0,Good,0.0,Clear,0.0,0.25,0,None
TRP00538,TRK012,DRV028,Harare,Gweru,Harare → Gweru,275,2026-05-09,24.6,93.2,99.96,1.67,166.93,415.89,74.18,1.06,52.47,14.99,309.63,106.26,8.7,8.8,3.5,False,0,Good,0.0,Rain,0.65,0.25,0,None
TRP00539,TRK033,DRV027,Gweru,Chirundu,Gweru → Chirundu,610,2025-11-13,18.6,82.7,276.15,1.7,469.45,869.98,149.1,78.11,106.9,40.57,844.13,25.85,15.3,16.6,4.3,True,96,Fair,0.35,Clear,0.0,0.62,1,Chirundu Border Post
TRP00540,TRK006,DRV023,Harare,Bulawayo,Harare → Bulawayo,440,2026-07-02,18.2,67.9,173.51,1.76,305.38,671.72,109.23,8.37,88.1,27.94,539.02,132.7,11.8,12.0,4.5,False,0,Poor,0.8,Clear,0.0,0.25,0,None
TRP00541,TRK021,DRV025,Harare,Gweru,Harare → Gweru,275,2025-09-28,21.0,90.5,103.43,1.6,165.49,418.09,73.73,25.38,54.92,17.88,337.4,80.69,8.7,9.0,3.8,False,0,Good,0.0,Cloudy,0.25,0.25,0,None
TRP00542,TRK027,DRV025,Bulawayo,Beitbridge,Bulawayo → Beitbridge,270,2025-11-04,19.8,74.7,91.75,1.67,153.22,349.97,74.07,71.91,44.92,14.72,358.84,-8.87,8.2,8.3,3.5,False,0,Poor,0.92,Clear,0.0,0.55,1,Beitbridge Border Post
TRP00543,TRK016,DRV037,Gweru,Chirundu,Gweru → Chirundu,610,2026-06-15,10.6,40.3,178.64,1.89,337.63,909.96,149.37,48.17,116.85,34.16,686.18,223.78,13.4,14.1,2.9,True,38,Fair,0.35,Rain,0.65,0.62,1,Chirundu Border Post
TRP00544,TRK025,DRV011,Harare,Chirundu,Harare → Chirundu,335,2025-12-02,15.7,70.7,125.2,1.68,210.34,511.56,97.27,37.04,62.73,22.28,429.66,81.9,9.6,9.6,4.2,False,0,Good,0.0,Cloudy,0.25,0.45,1,Chirundu Border Post
TRP00545,TRK020,DRV018,Bulawayo,Masvingo,Bulawayo → Masvingo,260,2026-06-01,22.8,83.8,86.52,1.67,144.49,376.67,67.27,28.28,47.35,15.34,302.73,73.94,8.0,8.1,3.3,False,0,Good,0.0,Rain,0.65,0.25,0,None
TRP00546,TRK005,DRV011,Harare,Beitbridge,Harare → Beitbridge,582,2026-05-02,22.1,93.6,237.14,1.7,403.14,820.97,148.17,53.2,110.46,33.46,748.43,72.54,15.1,15.3,3.8,False,0,Fair,0.35,Rain,0.65,0.65,1,Beitbridge Border Post
TRP00547,TRK027,DRV020,Bulawayo,Masvingo,Bulawayo → Masvingo,260,2026-05-27,18.0,67.9,87.97,1.82,160.11,404.24,68.89,13.88,49.39,14.17,306.44,97.8,8.0,7.9,3.4,False,0,Fair,0.35,Cloudy,0.25,0.25,0,None
TRP00548,TRK024,DRV017,Harare,Gweru,Harare → Gweru,275,2026-01-26,23.1,93.9,87.71,1.8,157.88,458.2,72.19,4.1,51.37,14.99,300.53,157.67,8.9,8.9,4.1,False,0,Good,0.0,Clear,0.0,0.25,0,None
TRP00549,TRK032,DRV039,Beitbridge,Chirundu,Beitbridge → Chirundu,830,2026-08-03,15.3,83.6,376.63,1.7,640.27,1011.59,203.28,20.14,151.7,52.7,1068.09,-56.5,18.3,18.6,4.0,True,28,Good,0.0,Clear,0.0,0.78,1,Chirundu Border Post
TRP00550,TRK030,DRV007,Bulawayo,Mutare,Bulawayo → Mutare,500,2025-11-30,18.4,89.8,229.67,1.63,374.36,754.67,128.59,28.4,91.58,31.0,653.93,100.74,14.0,14.1,5.0,False,0,Good,0.0,Cloudy,0.25,0.25,0,None
TRP00551,TRK001,DRV026,Bulawayo,Beitbridge,Bulawayo → Beitbridge,270,2026-03-11,15.4,73.7,119.37,1.72,205.32,387.2,72.79,24.81,43.98,18.36,365.26,21.94,9.8,11.6,4.3,True,111,Poor,0.92,Clear,0.0,0.55,1,Beitbridge Border Post
TRP00552,TRK025,DRV022,Masvingo,Chirundu,Masvingo → Chirundu,627,2026-05-05,11.5,51.8,286.78,1.71,490.39,851.25,152.33,50.41,109.38,41.7,844.21,7.04,15.6,17.0,3.6,True,74,Poor,0.8,Rain,0.65,0.64,1,Chirundu Border Post
TRP00553,TRK028,DRV042,Bulawayo,Chirundu,Bulawayo → Chirundu,775,2026-07-23,22.3,94.9,286.12,1.78,509.29,998.33,179.1,48.12,146.53,46.89,929.93,68.4,17.3,17.1,4.8,False,0,Good,0.0,Rain,0.65,0.72,1,Chirundu Border Post
TRP00554,TRK020,DRV021,Harare,Beitbridge,Harare → Beitbridge,582,2026-07-27,19.4,71.3,184.86,1.87,345.69,813.07,136.78,50.63,110.71,34.34,678.15,134.92,13.4,13.2,3.3,False,0,Fair,0.35,Clear,0.0,0.65,1,Beitbridge Border Post
TRP00555,TRK031,DRV021,Bulawayo,Mutare,Bulawayo → Mutare,500,2025-12-21,13.1,60.9,192.64,1.7,327.49,743.6,123.27,18.22,100.64,32.5,602.12,141.48,13.2,13.5,4.4,False,0,Good,0.0,Cloudy,0.25,0.25,0,None
TRP00556,TRK021,DRV019,Mutare,Masvingo,Mutare → Masvingo,380,2026-09-12,18.3,78.9,145.51,1.78,259.01,524.93,94.0,22.05,76.22,24.7,475.98,48.95,10.6,10.6,4.6,False,0,Good,0.0,Cloudy,0.25,0.25,0,None
TRP00557,TRK032,DRV037,Beitbridge,Chirundu,Beitbridge → Chirundu,830,2026-01-24,12.1,66.1,342.63,1.75,599.6,1217.81,198.8,70.87,134.86,52.7,1056.83,160.98,16.3,17.0,3.7,True,42,Fair,0.35,Clear,0.0,0.78,1,Chirundu Border Post
TRP00558,TRK025,DRV018,Bulawayo,Chirundu,Bulawayo → Chirundu,775,2026-04-11,14.7,66.2,297.46,1.54,458.09,1138.38,181.28,76.57,126.98,51.54,894.46,243.92,15.8,16.9,2.7,True,66,Fair,0.35,Clear,0.0,0.72,1,Chirundu Border Post
TRP00559,TRK008,DRV037,Mutare,Gweru,Mutare → Gweru,365,2026-01-02,12.9,54.2,149.75,1.7,254.57,482.15,105.65,19.54,62.17,23.73,465.66,16.49,10.4,10.5,4.0,False,0,Poor,0.92,Clear,0.0,0.25,0,None
TRP00560,TRK035,DRV012,Masvingo,Beitbridge,Masvingo → Beitbridge,215,2026-09-06,14.0,67.0,86.81,1.83,158.86,247.07,62.47,25.02,37.16,13.33,296.84,-49.77,7.8,8.1,4.1,False,0,Good,0.0,Clear,0.0,0.58,1,Beitbridge Border Post
TRP00561,TRK002,DRV030,Gweru,Chirundu,Gweru → Chirundu,610,2026-09-19,22.2,94.9,243.28,1.88,457.37,881.04,145.9,73.54,104.78,37.82,819.41,61.63,16.0,17.8,3.7,True,115,Poor,0.8,Rain,0.65,0.62,1,Chirundu Border Post
TRP00562,TRK029,DRV019,Bulawayo,Mutare,Bulawayo → Mutare,500,2026-09-11,18.9,80.8,202.68,1.68,340.5,653.95,135.37,7.21,97.63,31.75,612.46,41.49,13.7,13.6,4.2,False,0,Fair,0.35,Cloudy,0.25,0.25,0,None
TRP00563,TRK027,DRV044,Harare,Gweru,Harare → Gweru,275,2026-06-04,16.3,61.5,86.7,1.58,136.99,372.06,81.34,3.54,54.83,14.99,291.69,80.37,8.5,8.8,3.8,False,0,Fair,0.35,Cloudy,0.25,0.25,0,None
TRP00564,TRK020,DRV016,Harare,Beitbridge,Harare → Beitbridge,582,2026-01-29,22.2,81.6,179.29,1.72,308.38,847.56,141.79,56.38,104.27,34.34,645.16,202.4,15.2,15.3,4.6,False,0,Good,0.0,Clear,0.0,0.65,1,Beitbridge Border Post
TRP00565,TRK028,DRV025,Harare,Beitbridge,Harare → Beitbridge,582,2025-10-29,22.3,94.9,218.69,1.69,369.59,756.19,152.49,35.44,94.36,35.21,687.09,69.1,15.3,15.5,4.3,False,0,Good,0.0,Clear,0.0,0.65,1,Beitbridge Border Post
TRP00566,TRK031,DRV038,Mutare,Chirundu,Mutare → Chirundu,598,2026-04-15,17.3,80.5,257.7,1.72,443.24,768.52,142.04,43.64,97.29,38.87,765.08,3.44,12.5,13.9,2.5,True,72,Fair,0.35,Cloudy,0.25,0.68,1,Chirundu Border Post
TRP00567,TRK033,DRV045,Gweru,Chirundu,Gweru → Chirundu,610,2026-04-24,21.3,94.7,260.29,1.81,471.12,767.42,150.04,62.91,105.02,40.57,829.66,-62.24,14.5,14.7,4.5,False,0,Good,0.0,Clear,0.0,0.62,1,Chirundu Border Post
TRP00568,TRK003,DRV024,Gweru,Chirundu,Gweru → Chirundu,610,2026-09-16,16.2,70.4,237.02,1.72,407.67,776.58,147.59,36.4,98.89,34.16,724.71,51.87,15.3,15.4,4.7,False,0,Good,0.0,Cloudy,0.25,0.62,1,Chirundu Border Post
TRP00569,TRK006,DRV007,Gweru,Chirundu,Gweru → Chirundu,610,2026-01-27,15.9,59.3,215.83,1.68,362.59,880.53,152.98,72.85,112.82,38.73,739.97,140.56,13.7,16.4,3.6,True,150,Fair,0.35,Cloudy,0.25,0.62,1,Chirundu Border Post
TRP00570,TRK011,DRV042,Mutare,Gweru,Mutare → Gweru,365,2026-08-01,15.7,80.9,177.63,1.87,332.17,547.73,86.61,10.17,68.21,23.18,520.34,27.39,10.3,10.4,4.1,False,0,Fair,0.35,Clear,0.0,0.25,0,None
TRP00571,TRK026,DRV022,Harare,Mutare,Harare → Mutare,263,2026-04-30,10.2,36.2,83.62,1.7,142.15,360.41,70.06,15.63,46.53,16.7,291.07,69.34,7.0,7.3,2.7,False,0,Good,0.0,Cloudy,0.25,0.25,0,None
TRP00572,TRK001,DRV007,Harare,Masvingo,Harare → Masvingo,292,2026-02-01,12.1,57.9,133.04,1.68,223.51,428.49,79.04,21.47,56.63,19.86,400.51,27.98,8.5,8.5,3.1,False,0,Fair,0.35,Cloudy,0.25,0.25,0,None
TRP00573,TRK033,DRV034,Bulawayo,Gweru,Bulawayo → Gweru,165,2026-07-04,21.4,95.1,80.32,2.0,160.64,249.74,51.84,13.07,32.56,10.97,269.08,-19.34,8.1,8.2,5.0,False,0,Poor,0.8,Clear,0.0,0.25,0,None
TRP00574,TRK015,DRV029,Masvingo,Beitbridge,Masvingo → Beitbridge,215,2026-04-01,15.0,59.8,80.13,1.71,137.02,278.68,64.37,73.16,39.58,13.01,327.14,-48.46,7.3,7.1,3.1,False,0,Fair,0.35,Cloudy,0.25,0.58,1,Beitbridge Border Post
TRP00575,TRK030,DRV044,Mutare,Masvingo,Mutare → Masvingo,380,2026-07-20,16.8,82.0,180.66,1.74,314.35,498.55,86.87,21.65,69.94,23.56,516.37,-17.82,11.6,11.6,4.6,False,0,Poor,0.8,Cloudy,0.25,0.25,0,None
TRP00576,TRK010,DRV023,Gweru,Beitbridge,Gweru → Beitbridge,375,2025-10-04,19.9,88.4,151.23,1.86,281.29,535.82,89.71,29.44,63.05,23.25,486.74,49.08,12.4,12.4,5.0,False,0,Fair,0.35,Cloudy,0.25,0.52,1,Beitbridge Border Post
TRP00577,TRK007,DRV019,Gweru,Masvingo,Gweru → Masvingo,160,2026-04-22,21.5,86.7,60.64,1.72,104.3,238.27,44.77,11.81,28.32,8.96,198.16,40.11,6.6,6.4,3.9,False,0,Fair,0.35,Cloudy,0.25,0.25,0,None
TRP00578,TRK008,DRV010,Harare,Gweru,Harare → Gweru,275,2026-03-19,14.2,59.7,111.05,1.7,188.78,379.83,77.81,16.28,53.85,17.88,354.6,25.23,8.4,8.4,3.5,False,0,Fair,0.35,Cloudy,0.25,0.25,0,None
TRP00579,TRK022,DRV030,Bulawayo,Beitbridge,Bulawayo → Beitbridge,270,2026-01-05,19.1,79.6,102.89,1.68,172.86,391.12,68.66,23.64,43.83,15.12,324.11,67.01,10.2,10.4,4.6,False,0,Poor,0.92,Clear,0.0,0.55,1,Beitbridge Border Post
TRP00580,TRK031,DRV023,Gweru,Beitbridge,Gweru → Beitbridge,375,2026-05-23,17.1,79.5,143.38,1.77,253.78,481.7,96.79,74.6,67.26,24.38,516.81,-35.11,10.2,10.2,3.0,False,0,Good,0.0,Cloudy,0.25,0.52,1,Beitbridge Border Post
TRP00581,TRK029,DRV045,Harare,Masvingo,Harare → Masvingo,292,2026-05-11,17.4,74.4,113.48,1.76,199.72,455.99,76.62,9.52,54.74,18.54,359.14,96.85,8.1,8.3,3.5,False,0,Good,0.0,Cloudy,0.25,0.25,0,None
TRP00582,TRK005,DRV020,Bulawayo,Chirundu,Bulawayo → Chirundu,775,2025-10-14,12.7,53.8,290.37,1.69,490.73,1183.94,184.77,43.11,137.67,44.56,900.84,283.1,16.8,16.9,4.1,False,0,Fair,0.35,Clear,0.0,0.72,1,Chirundu Border Post
TRP00583,TRK002,DRV022,Harare,Masvingo,Harare → Masvingo,292,2026-08-19,14.0,59.8,99.89,1.71,170.81,412.03,79.08,13.59,55.62,18.1,337.2,74.83,7.1,7.2,2.1,False,0,Fair,0.35,Clear,0.0,0.25,0,None
TRP00584,TRK011,DRV016,Harare,Masvingo,Harare → Masvingo,292,2026-06-13,13.1,67.5,134.29,1.76,236.35,422.98,76.57,16.67,49.13,18.54,397.26,25.72,8.5,8.5,3.1,False,0,Fair,0.35,Cloudy,0.25,0.25,0,None
TRP00585,TRK011,DRV022,Harare,Chirundu,Harare → Chirundu,335,2026-07-05,12.5,64.4,128.94,1.73,223.07,507.15,92.21,67.28,56.5,21.27,460.33,46.82,8.9,9.0,3.4,False,0,Good,0.0,Clear,0.0,0.45,1,Chirundu Border Post
TRP00586,TRK030,DRV015,Mutare,Beitbridge,Mutare → Beitbridge,630,2026-04-17,12.5,61.0,273.41,1.72,470.27,958.67,151.23,76.19,114.28,39.06,851.03,107.64,15.3,17.0,3.0,True,116,Poor,0.8,Cloudy,0.25,0.7,1,Beitbridge Border Post
TRP00587,TRK012,DRV012,Beitbridge,Chirundu,Beitbridge → Chirundu,830,2026-08-15,20.3,76.9,294.44,1.7,500.55,1176.13,184.07,35.45,166.47,45.24,931.78,244.35,18.1,18.4,4.6,False,0,Good,0.0,Cloudy,0.25,0.78,1,Chirundu Border Post
TRP00588,TRK026,DRV002,Mutare,Beitbridge,Mutare → Beitbridge,630,2026-08-02,18.5,65.6,233.39,1.71,399.1,1014.91,145.37,40.36,117.06,40.01,741.9,273.01,15.1,15.1,3.4,False,0,Fair,0.35,Cloudy,0.25,0.7,1,Beitbridge Border Post
TRP00589,TRK029,DRV038,Bulawayo,Mutare,Bulawayo → Mutare,500,2026-04-29,15.9,67.9,196.25,1.9,372.88,664.72,123.66,10.11,85.62,31.75,624.02,40.7,11.7,11.5,3.5,False,0,Good,0.0,Cloudy,0.25,0.25,0,None
TRP00590,TRK001,DRV014,Mutare,Masvingo,Mutare → Masvingo,380,2026-01-05,11.0,52.6,177.44,1.7,301.65,502.73,93.16,15.53,62.21,25.84,498.39,4.34,10.6,10.7,4.2,False,0,Fair,0.35,Cloudy,0.25,0.25,0,None
TRP00591,TRK005,DRV037,Bulawayo,Masvingo,Bulawayo → Masvingo,260,2025-11-13,15.3,64.8,92.8,1.89,175.39,354.0,69.75,9.85,49.1,14.95,319.04,34.96,8.9,8.8,4.1,False,0,Good,0.0,Rain,0.65,0.25,0,None
TRP00592,TRK012,DRV024,Gweru,Chirundu,Gweru → Chirundu,610,2026-03-07,24.8,93.9,244.74,1.74,425.85,877.3,150.45,56.52,113.99,33.25,780.06,97.24,18.0,17.8,4.9,False,0,Poor,0.92,Cloudy,0.25,0.62,1,Chirundu Border Post
TRP00593,TRK030,DRV008,Bulawayo,Mutare,Bulawayo → Mutare,500,2026-02-03,19.3,94.1,229.43,1.58,362.5,598.17,134.16,28.42,88.13,31.0,644.21,-46.04,14.6,15.6,4.9,True,54,Poor,0.92,Clear,0.0,0.25,0,None
TRP00594,TRK034,DRV041,Gweru,Masvingo,Gweru → Masvingo,160,2026-03-01,18.2,68.4,54.25,1.78,96.56,256.89,45.18,22.41,29.74,9.44,203.33,53.56,6.1,6.3,3.5,False,0,Good,0.0,Cloudy,0.25,0.25,0,None
TRP00595,TRK025,DRV040,Masvingo,Chirundu,Masvingo → Chirundu,627,2026-04-10,12.8,57.7,261.35,1.75,457.36,910.6,156.42,50.52,109.86,41.7,815.86,94.74,15.1,15.1,4.3,False,0,Fair,0.35,Clear,0.0,0.64,1,Chirundu Border Post
TRP00596,TRK008,DRV023,Masvingo,Beitbridge,Masvingo → Beitbridge,215,2026-03-21,18.9,79.4,88.53,1.67,147.85,320.1,60.8,62.4,42.54,13.97,327.56,-7.46,8.0,9.6,3.9,True,89,Fair,0.35,Clear,0.0,0.58,1,Beitbridge Border Post
TRP00597,TRK012,DRV044,Mutare,Chirundu,Mutare → Chirundu,598,2026-09-18,15.8,59.8,211.69,1.9,402.21,787.97,145.24,63.41,113.79,32.59,757.24,30.73,15.5,15.8,4.5,False,0,Fair,0.35,Clear,0.0,0.68,1,Chirundu Border Post
TRP00598,TRK006,DRV044,Bulawayo,Beitbridge,Bulawayo → Beitbridge,270,2025-11-29,15.5,57.8,92.41,1.88,173.73,365.64,72.57,53.0,47.64,17.14,364.08,1.56,8.1,7.9,3.4,False,0,Poor,0.92,Clear,0.0,0.55,1,Beitbridge Border Post
TRP00599,TRK008,DRV016,Bulawayo,Chirundu,Bulawayo → Chirundu,775,2026-02-25,14.2,59.7,318.65,1.79,570.38,1057.47,182.99,55.86,142.96,50.38,1002.57,54.9,18.3,20.5,2.7,True,137,Poor,0.92,Rain,0.65,0.72,1,Chirundu Border Post
TRP00600,TRK012,DRV024,Harare,Masvingo,Harare → Masvingo,292,2026-09-12,20.1,76.1,112.53,1.67,187.93,450.48,84.7,29.06,58.47,15.91,376.07,74.41,7.7,10.1,3.0,True,134,Good,0.0,Cloudy,0.25,0.25,0,None
TRP00601,TRK033,DRV025,Harare,Beitbridge,Harare → Beitbridge,582,2026-04-24,14.3,63.6,230.58,1.72,396.6,678.16,142.76,35.46,115.19,38.7,728.71,-50.55,14.1,16.7,3.8,True,153,Good,0.0,Cloudy,0.25,0.65,1,Beitbridge Border Post
TRP00602,TRK009,DRV037,Masvingo,Chirundu,Masvingo → Chirundu,627,2026-04-06,14.0,68.0,287.63,1.83,526.36,907.65,150.94,55.92,114.7,39.81,887.73,19.92,13.3,13.0,3.1,False,0,Good,0.0,Clear,0.0,0.64,1,Chirundu Border Post
TRP00603,TRK012,DRV032,Mutare,Beitbridge,Mutare → Beitbridge,630,2026-08-13,19.3,73.1,218.4,1.76,384.38,1017.81,153.08,63.09,108.13,34.34,743.02,274.79,15.3,15.2,4.3,False,0,Fair,0.35,Clear,0.0,0.7,1,Beitbridge Border Post
TRP00604,TRK012,DRV036,Gweru,Chirundu,Gweru → Chirundu,610,2025-12-16,21.6,81.8,219.47,1.78,390.66,831.19,155.35,26.03,111.43,33.25,716.72,114.47,14.7,14.3,4.0,False,0,Good,0.0,Cloudy,0.25,0.62,1,Chirundu Border Post
TRP00605,TRK019,DRV009,Gweru,Masvingo,Gweru → Masvingo,160,2025-12-26,26.3,94.9,58.31,1.68,97.96,210.6,52.59,18.78,26.57,9.2,205.1,5.5,7.5,7.7,4.3,False,0,Poor,0.92,Clear,0.0,0.25,0,None
TRP00606,TRK029,DRV040,Bulawayo,Chirundu,Bulawayo → Chirundu,775,2025-10-19,22.2,94.9,314.86,1.77,557.3,1277.18,184.98,39.55,141.2,49.21,972.24,304.94,18.9,20.3,4.3,True,96,Fair,0.35,Clear,0.0,0.72,1,Chirundu Border Post
TRP00607,TRK001,DRV032,Mutare,Gweru,Mutare → Gweru,365,2025-11-30,14.2,67.9,165.17,1.63,269.23,546.58,94.15,17.52,65.01,24.82,470.73,75.85,9.5,9.5,3.0,False,0,Fair,0.35,Clear,0.0,0.25,0,None
TRP00608,TRK025,DRV036,Bulawayo,Mutare,Bulawayo → Mutare,500,2026-06-07,14.7,66.2,201.85,1.62,327.0,770.96,118.09,21.23,94.17,33.25,593.74,177.22,12.1,12.0,3.7,False,0,Good,0.0,Cloudy,0.25,0.25,0,None
TRP00609,TRK032,DRV027,Beitbridge,Chirundu,Beitbridge → Chirundu,830,2026-09-07,10.3,56.3,326.31,1.62,528.62,1234.25,199.93,70.33,160.59,52.7,1012.17,222.08,18.7,18.9,3.5,False,0,Fair,0.35,Clear,0.0,0.78,1,Chirundu Border Post
TRP00610,TRK027,DRV029,Gweru,Masvingo,Gweru → Masvingo,160,2026-05-30,14.2,53.6,48.15,1.95,93.89,214.44,42.05,25.11,30.79,8.72,200.56,13.88,5.9,6.1,3.4,False,0,Good,0.0,Cloudy,0.25,0.25,0,None
TRP00611,TRK006,DRV037,Harare,Chirundu,Harare → Chirundu,335,2025-10-07,17.0,63.4,110.13,1.86,204.84,427.83,83.8,23.74,57.86,21.27,391.51,36.32,9.7,10.8,3.4,True,61,Good,0.0,Rain,0.65,0.45,1,Chirundu Border Post
TRP00612,TRK019,DRV003,Bulawayo,Gweru,Bulawayo → Gweru,165,2026-02-09,16.0,57.8,54.98,1.8,98.96,238.51,47.67,24.2,32.59,9.49,212.91,25.6,6.6,6.8,3.6,False,0,Poor,0.92,Clear,0.0,0.25,0,None
TRP00613,TRK035,DRV019,Bulawayo,Gweru,Bulawayo → Gweru,165,2025-12-17,14.3,68.4,60.83,1.66,100.98,208.32,58.21,9.51,29.73,10.23,208.66,-0.34,6.0,7.5,3.2,True,70,Fair,0.35,Clear,0.0,0.25,0,None
TRP00614,TRK032,DRV036,Mutare,Chirundu,Mutare → Chirundu,598,2026-06-10,17.4,95.1,263.58,1.7,448.09,874.1,145.6,33.96,113.72,37.97,779.34,94.76,15.2,18.2,4.8,True,174,Good,0.0,Clear,0.0,0.68,1,Chirundu Border Post
TRP00615,TRK008,DRV018,Harare,Masvingo,Harare → Masvingo,292,2026-06-27,15.8,66.4,122.6,1.75,214.55,379.41,80.29,21.85,54.25,18.98,389.92,-10.51,8.6,9.0,3.9,False,0,Good,0.0,Rain,0.65,0.25,0,None
TRP00616,TRK035,DRV003,Mutare,Gweru,Mutare → Gweru,365,2026-05-05,13.7,65.6,135.42,1.78,241.05,559.05,92.5,4.96,67.61,22.63,428.75,130.3,10.6,10.3,4.4,False,0,Good,0.0,Rain,0.65,0.25,0,None
TRP00617,TRK014,DRV028,Gweru,Chirundu,Gweru → Chirundu,610,2025-11-13,15.1,52.6,187.27,1.79,335.21,837.95,147.81,50.23,111.99,35.07,680.31,157.64,13.7,13.6,3.6,False,0,Good,0.0,Clear,0.0,0.62,1,Chirundu Border Post
TRP00618,TRK016,DRV020,Beitbridge,Chirundu,Beitbridge → Chirundu,830,2025-10-08,23.0,87.5,257.13,1.73,444.83,1139.28,196.56,46.18,157.14,46.48,891.19,248.09,18.2,18.0,4.0,False,0,Good,0.0,Cloudy,0.25,0.78,1,Chirundu Border Post
TRP00619,TRK017,DRV023,Mutare,Chirundu,Mutare → Chirundu,598,2025-11-05,11.7,44.5,178.98,1.7,304.27,733.19,143.25,49.56,115.73,32.59,645.4,87.79,13.2,15.0,2.3,True,112,Fair,0.35,Cloudy,0.25,0.68,1,Chirundu Border Post
TRP00620,TRK008,DRV016,Mutare,Chirundu,Mutare → Chirundu,598,2026-01-07,13.6,57.1,232.47,1.84,427.74,679.67,154.02,56.39,106.4,38.87,783.42,-103.75,14.1,15.9,3.5,True,127,Good,0.0,Rain,0.65,0.68,1,Chirundu Border Post
TRP00621,TRK023,DRV040,Masvingo,Beitbridge,Masvingo → Beitbridge,215,2026-08-11,17.8,65.9,69.11,1.89,130.62,308.36,65.08,24.1,40.71,12.36,272.87,35.49,7.7,7.6,3.9,False,0,Fair,0.35,Cloudy,0.25,0.58,1,Beitbridge Border Post
TRP00622,TRK011,DRV040,Mutare,Beitbridge,Mutare → Beitbridge,630,2025-12-02,9.6,49.5,278.66,1.5,417.99,716.28,154.97,39.16,106.85,40.01,758.98,-42.7,13.2,15.7,3.4,True,148,Fair,0.35,Cloudy,0.25,0.7,1,Beitbridge Border Post
TRP00623,TRK014,DRV004,Bulawayo,Mutare,Bulawayo → Mutare,500,2026-07-10,27.3,95.1,204.06,1.81,369.35,719.15,125.13,14.46,97.76,28.75,635.45,83.7,15.0,14.9,4.6,False,0,Fair,0.35,Cloudy,0.25,0.25,0,None
TRP00624,TRK035,DRV018,Mutare,Gweru,Mutare → Gweru,365,2026-07-24,16.7,79.9,156.39,1.76,275.25,455.76,96.42,18.03,66.86,22.63,479.19,-23.43,9.7,9.7,3.8,False,0,Good,0.0,Clear,0.0,0.25,0,None
TRP00625,TRK011,DRV021,Gweru,Chirundu,Gweru → Chirundu,610,2026-09-17,13.7,70.6,243.33,1.78,433.13,872.79,154.4,73.04,118.79,38.73,818.09,54.7,15.9,16.7,4.4,True,46,Fair,0.35,Rain,0.65,0.62,1,Chirundu Border Post
TRP00626,TRK019,DRV037,Bulawayo,Beitbridge,Bulawayo → Beitbridge,270,2026-02-05,23.2,83.8,94.95,1.66,157.62,375.17,78.56,75.1,43.97,15.52,370.77,4.4,8.7,8.6,4.0,False,0,Fair,0.35,Cloudy,0.25,0.55,1,Beitbridge Border Post
TRP00627,TRK007,DRV009,Gweru,Beitbridge,Gweru → Beitbridge,375,2026-04-20,22.3,89.9,136.21,1.7,231.56,577.71,102.66,29.5,62.72,21.0,447.44,130.27,9.8,9.6,3.5,False,0,Good,0.0,Clear,0.0,0.52,1,Beitbridge Border Post
TRP00628,TRK018,DRV042,Harare,Mutare,Harare → Mutare,263,2025-11-25,21.2,76.8,95.35,1.78,169.72,349.04,65.39,4.33,49.34,16.7,305.48,43.56,8.9,9.0,4.1,False,0,Good,0.0,Cloudy,0.25,0.25,0,None
TRP00629,TRK016,DRV010,Harare,Beitbridge,Harare → Beitbridge,582,2026-09-21,13.6,51.7,167.0,1.78,297.26,872.41,145.62,51.88,104.71,32.59,632.06,240.35,12.8,12.9,3.1,False,0,Fair,0.35,Clear,0.0,0.65,1,Beitbridge Border Post
TRP00630,TRK016,DRV044,Bulawayo,Chirundu,Bulawayo → Chirundu,775,2026-04-11,15.2,57.8,240.95,1.73,416.84,992.76,182.71,72.16,155.34,43.4,870.45,122.31,16.5,17.6,3.2,True,44,Fair,0.35,Clear,0.0,0.72,1,Chirundu Border Post
TRP00631,TRK010,DRV037,Gweru,Masvingo,Gweru → Masvingo,160,2026-08-11,10.8,48.0,60.35,1.81,109.23,199.69,55.06,12.86,27.67,9.92,214.74,-15.05,6.4,6.6,3.7,False,0,Fair,0.35,Clear,0.0,0.25,0,None
TRP00632,TRK027,DRV025,Bulawayo,Masvingo,Bulawayo → Masvingo,260,2026-05-11,21.1,79.6,84.88,1.9,161.27,387.9,65.94,3.96,51.41,14.17,296.75,91.15,9.0,9.0,4.6,False,0,Fair,0.35,Clear,0.0,0.25,0,None
TRP00633,TRK006,DRV026,Harare,Gweru,Harare → Gweru,275,2026-06-12,17.0,63.4,92.52,1.8,166.54,377.12,74.79,3.9,44.95,17.46,307.64,69.48,8.2,8.0,3.8,False,0,Good,0.0,Clear,0.0,0.25,0,None
TRP00634,TRK024,DRV030,Bulawayo,Masvingo,Bulawayo → Masvingo,260,2026-05-29,15.3,62.2,85.38,1.76,150.27,329.48,73.89,14.37,50.05,14.17,302.75,26.73,8.9,8.9,4.4,False,0,Fair,0.35,Clear,0.0,0.25,0,None
TRP00635,TRK001,DRV006,Bulawayo,Chirundu,Bulawayo → Chirundu,775,2026-05-14,15.3,73.2,326.37,1.79,584.2,1194.0,190.58,70.42,142.01,52.7,1039.91,154.09,17.9,17.9,4.1,False,0,Good,0.0,Cloudy,0.25,0.72,1,Chirundu Border Post
TRP00636,TRK023,DRV005,Beitbridge,Chirundu,Beitbridge → Chirundu,830,2026-06-22,24.3,90.0,293.34,1.62,475.21,1162.9,197.97,76.7,136.52,47.72,934.12,228.78,19.6,21.1,3.9,True,87,Poor,0.8,Cloudy,0.25,0.78,1,Chirundu Border Post
TRP00637,TRK014,DRV028,Mutare,Masvingo,Mutare → Masvingo,380,2026-01-08,26.0,90.6,132.09,1.72,227.19,479.85,93.84,22.15,74.43,21.85,439.46,40.39,11.4,11.4,4.6,False,0,Good,0.0,Cloudy,0.25,0.25,0,None
TRP00638,TRK018,DRV021,Gweru,Masvingo,Gweru → Masvingo,160,2026-02-14,17.7,64.1,51.97,1.79,93.03,225.2,50.77,28.78,29.57,10.16,212.31,12.89,6.2,6.2,3.6,False,0,Good,0.0,Clear,0.0,0.25,0,None
TRP00639,TRK009,DRV037,Bulawayo,Chirundu,Bulawayo → Chirundu,775,2026-05-28,11.3,54.9,333.99,1.83,611.2,926.44,185.71,47.69,128.51,49.21,1022.32,-95.88,18.7,21.0,3.9,True,122,Poor,0.8,Clear,0.0,0.72,1,Chirundu Border Post
TRP00640,TRK004,DRV003,Bulawayo,Chirundu,Bulawayo → Chirundu,775,2025-11-11,22.7,87.6,301.92,1.49,449.86,1004.47,190.03,75.74,151.1,45.72,912.45,92.02,18.4,20.4,3.6,True,127,Fair,0.35,Clear,0.0,0.72,1,Chirundu Border Post
TRP00641,TRK030,DRV002,Beitbridge,Chirundu,Beitbridge → Chirundu,830,2025-11-24,12.8,62.4,354.19,1.73,612.75,1248.29,197.96,69.14,157.93,51.46,1089.24,159.05,17.8,19.6,3.0,True,99,Fair,0.35,Cloudy,0.25,0.78,1,Chirundu Border Post
TRP00642,TRK029,DRV030,Harare,Chirundu,Harare → Chirundu,335,2025-09-22,14.8,63.2,127.61,1.67,213.11,442.69,92.06,77.35,61.41,21.27,465.2,-22.51,9.2,9.3,3.9,False,0,Good,0.0,Clear,0.0,0.45,1,Chirundu Border Post
TRP00643,TRK013,DRV045,Mutare,Beitbridge,Mutare → Beitbridge,630,2025-11-28,12.4,53.9,257.47,1.69,435.12,941.56,159.85,20.21,107.37,37.17,759.72,181.84,14.1,14.0,3.1,False,0,Fair,0.35,Clear,0.0,0.7,1,Beitbridge Border Post
TRP00644,TRK020,DRV011,Beitbridge,Chirundu,Beitbridge → Chirundu,830,2026-02-09,21.4,78.7,283.86,1.66,471.21,1147.53,199.54,48.81,143.49,48.97,912.02,235.51,17.0,18.2,3.7,True,80,Good,0.0,Clear,0.0,0.78,1,Chirundu Border Post
TRP00645,TRK024,DRV017,Harare,Gweru,Harare → Gweru,275,2025-11-03,16.3,66.3,83.01,1.73,143.61,350.09,75.28,4.82,44.79,14.99,283.49,66.6,8.0,7.9,3.5,False,0,Good,0.0,Clear,0.0,0.25,0,None
TRP00646,TRK011,DRV004,Mutare,Gweru,Mutare → Gweru,365,2026-04-12,7.9,40.7,144.35,1.63,235.29,396.98,95.22,21.97,61.85,23.18,437.51,-40.53,8.0,8.1,2.7,False,0,Good,0.0,Clear,0.0,0.25,0,None
TRP00647,TRK020,DRV045,Beitbridge,Chirundu,Beitbridge → Chirundu,830,2026-01-19,15.0,55.1,230.41,1.61,370.96,1163.11,200.96,23.56,157.41,48.97,801.86,361.25,16.4,16.6,3.3,False,0,Fair,0.35,Clear,0.0,0.78,1,Chirundu Border Post
TRP00648,TRK006,DRV007,Mutare,Beitbridge,Mutare → Beitbridge,630,2025-09-22,23.7,88.4,252.62,1.68,424.4,908.56,151.18,31.36,107.8,40.01,754.75,153.81,14.2,17.2,4.2,True,163,Good,0.0,Cloudy,0.25,0.7,1,Beitbridge Border Post
TRP00649,TRK031,DRV005,Bulawayo,Mutare,Bulawayo → Mutare,500,2025-11-28,17.3,80.5,203.81,1.78,362.78,595.07,128.1,28.85,91.05,32.5,643.28,-48.21,13.2,13.2,3.9,False,0,Good,0.0,Clear,0.0,0.25,0,None
TRP00650,TRK015,DRV034,Masvingo,Beitbridge,Masvingo → Beitbridge,215,2026-09-05,9.0,35.9,75.95,1.62,123.04,281.3,59.48,51.92,35.3,13.01,282.75,-1.45,6.6,6.4,3.0,False,0,Fair,0.35,Cloudy,0.25,0.58,1,Beitbridge Border Post
TRP00651,TRK001,DRV001,Mutare,Chirundu,Mutare → Chirundu,598,2026-09-13,18.8,90.0,284.94,1.68,478.7,947.34,149.59,39.29,117.11,40.66,825.35,121.99,15.5,16.1,4.2,True,34,Poor,0.8,Clear,0.0,0.68,1,Chirundu Border Post
TRP00652,TRK008,DRV028,Bulawayo,Chirundu,Bulawayo → Chirundu,775,2026-09-12,15.9,66.8,289.85,1.53,443.47,1104.48,183.33,78.6,145.5,50.38,901.28,203.2,17.7,20.5,3.3,True,178,Fair,0.35,Clear,0.0,0.72,1,Chirundu Border Post
TRP00653,TRK031,DRV005,Harare,Beitbridge,Harare → Beitbridge,582,2026-01-17,17.4,80.9,245.68,1.71,420.11,686.4,136.33,35.51,113.8,37.83,743.58,-57.18,16.5,16.4,4.1,False,0,Poor,0.92,Cloudy,0.25,0.65,1,Beitbridge Border Post
TRP00654,TRK006,DRV007,Mutare,Masvingo,Mutare → Masvingo,380,2025-11-13,21.2,79.1,134.11,1.72,230.67,533.28,112.62,27.17,73.92,24.13,468.51,64.77,11.2,11.0,4.4,False,0,Fair,0.35,Cloudy,0.25,0.25,0,None
TRP00655,TRK024,DRV020,Bulawayo,Chirundu,Bulawayo → Chirundu,775,2025-12-01,14.9,60.6,241.31,1.8,434.36,1213.56,178.89,50.76,143.16,42.24,849.41,364.15,15.9,18.7,2.0,True,162,Fair,0.35,Clear,0.0,0.72,1,Chirundu Border Post
TRP00656,TRK009,DRV042,Mutare,Masvingo,Mutare → Masvingo,380,2026-09-03,13.5,65.5,171.19,1.71,292.73,547.57,101.06,12.46,67.63,24.13,498.01,49.56,9.7,9.7,2.9,False,0,Poor,0.8,Clear,0.0,0.25,0,None
TRP00657,TRK005,DRV034,Harare,Beitbridge,Harare → Beitbridge,582,2026-07-07,20.5,86.9,237.72,1.86,442.16,734.97,139.31,23.31,116.13,33.46,754.37,-19.4,13.8,15.2,3.7,True,75,Fair,0.35,Clear,0.0,0.65,1,Beitbridge Border Post
TRP00658,TRK011,DRV029,Harare,Bulawayo,Harare → Bulawayo,440,2026-03-20,12.3,63.4,176.84,1.71,302.4,514.43,111.84,14.91,87.82,27.94,544.91,-30.48,11.1,11.2,3.9,False,0,Fair,0.35,Clear,0.0,0.25,0,None
TRP00659,TRK010,DRV027,Bulawayo,Mutare,Bulawayo → Mutare,500,2026-08-03,18.5,82.2,207.09,1.75,362.41,646.13,126.75,11.55,87.28,31.0,618.99,27.14,11.5,11.4,3.2,False,0,Fair,0.35,Clear,0.0,0.25,0,None
TRP00660,TRK014,DRV006,Mutare,Chirundu,Mutare → Chirundu,598,2025-11-12,16.4,57.1,199.34,1.68,334.89,892.08,148.44,53.06,106.89,34.38,677.66,214.42,12.8,12.9,3.5,False,0,Good,0.0,Clear,0.0,0.68,1,Chirundu Border Post
TRP00661,TRK008,DRV038,Harare,Beitbridge,Harare → Beitbridge,582,2026-04-06,21.3,89.5,220.45,1.74,383.58,867.17,143.63,79.52,98.29,37.83,742.85,124.32,15.9,16.0,4.5,False,0,Good,0.0,Clear,0.0,0.65,1,Beitbridge Border Post
TRP00662,TRK028,DRV021,Mutare,Gweru,Mutare → Gweru,365,2025-12-02,17.7,75.3,146.43,1.7,248.93,581.32,86.06,20.09,65.66,22.08,442.82,138.5,10.4,10.4,4.1,False,0,Good,0.0,Cloudy,0.25,0.25,0,None
TRP00663,TRK018,DRV042,Bulawayo,Gweru,Bulawayo → Gweru,165,2025-11-04,18.1,65.6,56.82,1.54,87.5,196.71,48.25,12.25,28.2,10.48,186.68,10.03,6.5,6.5,3.8,False,0,Good,0.0,Rain,0.65,0.25,0,None
TRP00664,TRK019,DRV045,Bulawayo,Gweru,Bulawayo → Gweru,165,2025-10-05,11.2,40.4,51.54,1.64,84.53,218.67,56.1,19.27,29.52,9.49,198.91,19.76,5.2,5.2,2.6,False,0,Fair,0.35,Clear,0.0,0.25,0,None
TRP00665,TRK014,DRV034,Bulawayo,Beitbridge,Bulawayo → Beitbridge,270,2026-07-29,19.3,67.2,88.51,1.46,129.22,371.47,81.85,36.42,44.22,15.52,307.23,64.24,8.6,8.7,3.9,False,0,Fair,0.35,Cloudy,0.25,0.55,1,Beitbridge Border Post
TRP00666,TRK013,DRV026,Gweru,Beitbridge,Gweru → Beitbridge,375,2026-02-20,18.3,79.6,144.83,1.65,238.97,507.33,113.08,43.59,62.5,22.12,480.26,27.07,12.1,12.2,4.9,False,0,Fair,0.35,Clear,0.0,0.52,1,Beitbridge Border Post
TRP00667,TRK004,DRV016,Beitbridge,Chirundu,Beitbridge → Chirundu,830,2026-06-02,17.3,66.8,311.06,1.68,522.58,1264.3,196.47,64.31,148.93,48.97,981.26,283.04,18.9,21.5,3.1,True,140,Poor,0.8,Clear,0.0,0.78,1,Chirundu Border Post
TRP00668,TRK008,DRV016,Mutare,Masvingo,Mutare → Masvingo,380,2026-06-04,17.7,74.4,158.23,1.79,283.23,541.5,96.21,19.34,65.89,24.7,489.37,52.13,11.0,10.9,4.2,False,0,Fair,0.35,Rain,0.65,0.25,0,None
TRP00669,TRK005,DRV034,Beitbridge,Chirundu,Beitbridge → Chirundu,830,2025-09-28,14.2,60.2,298.2,1.67,497.99,956.0,184.6,53.93,146.01,47.72,930.25,25.75,18.4,19.1,3.1,True,32,Fair,0.35,Clear,0.0,0.78,1,Chirundu Border Post
TRP00670,TRK021,DRV009,Mutare,Gweru,Mutare → Gweru,365,2026-04-08,17.9,77.2,135.57,1.71,231.82,583.05,100.0,1.57,60.47,23.73,417.59,165.46,10.0,10.0,3.9,False,0,Good,0.0,Clear,0.0,0.25,0,None
TRP00671,TRK027,DRV024,Masvingo,Beitbridge,Masvingo → Beitbridge,215,2026-06-28,23.3,87.9,73.31,1.62,118.76,332.73,62.89,37.68,39.13,11.72,270.18,62.55,8.0,7.9,3.9,False,0,Fair,0.35,Clear,0.0,0.58,1,Beitbridge Border Post
TRP00672,TRK031,DRV005,Harare,Chirundu,Harare → Chirundu,335,2025-09-30,10.6,49.3,128.38,1.68,215.68,466.6,88.66,30.61,59.74,21.78,416.47,50.13,8.8,8.5,3.3,False,0,Fair,0.35,Cloudy,0.25,0.45,1,Chirundu Border Post
TRP00673,TRK005,DRV001,Masvingo,Beitbridge,Masvingo → Beitbridge,215,2026-02-03,15.9,67.4,84.61,1.72,145.53,321.9,54.58,49.0,36.73,12.36,298.2,23.7,6.6,6.8,3.0,False,0,Good,0.0,Cloudy,0.25,0.58,1,Beitbridge Border Post
TRP00674,TRK003,DRV004,Bulawayo,Mutare,Bulawayo → Mutare,500,2026-04-13,19.2,83.5,194.26,1.79,347.73,747.26,125.02,16.62,87.3,28.0,604.67,142.59,12.5,12.6,3.9,False,0,Good,0.0,Clear,0.0,0.25,0,None
TRP00675,TRK019,DRV041,Gweru,Beitbridge,Gweru → Beitbridge,375,2026-09-21,18.6,67.1,135.71,1.54,208.99,484.87,106.48,32.41,72.49,21.56,441.93,42.94,10.2,10.3,3.5,False,0,Good,0.0,Rain,0.65,0.52,1,Beitbridge Border Post
TRP00676,TRK027,DRV028,Gweru,Beitbridge,Gweru → Beitbridge,375,2026-09-16,19.6,74.0,126.65,1.59,201.37,546.29,104.37,35.64,71.42,20.44,433.24,113.05,10.6,13.6,3.6,True,166,Fair,0.35,Cloudy,0.25,0.52,1,Beitbridge Border Post
TRP00677,TRK006,DRV041,Mutare,Masvingo,Mutare → Masvingo,380,2026-06-23,5.9,22.0,124.25,1.71,212.47,442.92,98.77,8.59,64.8,24.13,408.76,34.16,7.7,7.5,1.8,False,0,Fair,0.35,Clear,0.0,0.25,0,None
TRP00678,TRK010,DRV018,Gweru,Chirundu,Gweru → Chirundu,610,2025-11-03,19.0,84.4,261.04,1.67,435.94,788.48,150.25,64.47,113.62,37.82,802.1,-13.62,14.9,17.5,3.7,True,148,Poor,0.92,Clear,0.0,0.62,1,Chirundu Border Post
TRP00679,TRK006,DRV033,Bulawayo,Beitbridge,Bulawayo → Beitbridge,270,2026-01-04,16.2,60.4,88.25,1.7,150.03,316.98,77.06,35.68,44.63,17.14,324.54,-7.56,8.3,8.2,3.5,False,0,Good,0.0,Rain,0.65,0.55,1,Beitbridge Border Post
TRP00680,TRK035,DRV021,Harare,Beitbridge,Harare → Beitbridge,582,2026-04-10,12.1,57.9,234.1,1.77,414.36,658.54,137.35,62.51,95.66,36.08,745.96,-87.42,12.4,12.4,2.6,False,0,Fair,0.35,Clear,0.0,0.65,1,Beitbridge Border Post
TRP00681,TRK005,DRV020,Masvingo,Beitbridge,Masvingo → Beitbridge,215,2026-09-14,20.1,85.2,87.23,1.67,145.67,267.33,60.79,43.01,40.41,12.36,302.24,-34.91,7.4,7.4,3.7,False,0,Good,0.0,Rain,0.65,0.58,1,Beitbridge Border Post
TRP00682,TRK016,DRV004,Mutare,Beitbridge,Mutare → Beitbridge,630,2026-01-25,25.0,95.1,209.81,1.63,341.99,975.61,149.98,31.26,117.5,35.28,676.01,299.6,15.9,18.5,3.7,True,148,Fair,0.35,Cloudy,0.25,0.7,1,Beitbridge Border Post
TRP00683,TRK028,DRV008,Harare,Gweru,Harare → Gweru,275,2026-05-12,20.7,88.1,101.6,1.59,161.54,440.21,83.59,26.55,45.1,16.64,333.42,106.79,8.9,8.6,4.1,False,0,Good,0.0,Cloudy,0.25,0.25,0,None
TRP00684,TRK004,DRV020,Masvingo,Chirundu,Masvingo → Chirundu,627,2026-08-29,20.8,80.3,246.44,1.71,421.41,806.72,150.76,20.29,118.78,36.99,748.23,58.49,16.3,16.8,3.4,True,37,Poor,0.8,Cloudy,0.25,0.64,1,Chirundu Border Post
TRP00685,TRK008,DRV001,Harare,Chirundu,Harare → Chirundu,335,2026-09-19,14.4,60.5,113.96,1.76,200.57,414.64,82.21,57.37,56.49,21.78,418.42,-3.78,10.0,10.1,3.8,False,0,Good,0.0,Clear,0.0,0.45,1,Chirundu Border Post
TRP00686,TRK001,DRV011,Harare,Beitbridge,Harare → Beitbridge,582,2026-06-03,15.3,73.2,257.93,1.75,451.38,830.44,133.36,73.2,95.63,39.58,793.15,37.29,13.1,15.8,2.7,True,156,Good,0.0,Rain,0.65,0.65,1,Beitbridge Border Post
TRP00687,TRK034,DRV034,Mutare,Gweru,Mutare → Gweru,365,2026-02-01,16.2,60.9,142.7,1.72,245.44,463.51,101.45,21.3,61.45,21.54,451.18,12.33,10.0,10.0,3.8,False,0,Fair,0.35,Cloudy,0.25,0.25,0,None
TRP00688,TRK024,DRV009,Harare,Chirundu,Harare → Chirundu,335,2026-02-06,21.4,87.0,109.23,1.98,216.28,483.59,87.75,66.8,66.2,18.26,455.29,28.3,11.1,11.2,4.1,False,0,Poor,0.92,Clear,0.0,0.45,1,Chirundu Border Post
TRP00689,TRK002,DRV022,Harare,Masvingo,Harare → Masvingo,292,2026-04-29,12.2,52.1,102.34,1.78,182.17,443.62,78.44,6.06,58.23,18.1,343.0,100.62,9.5,9.4,4.5,False,0,Fair,0.35,Clear,0.0,0.25,0,None
TRP00690,TRK034,DRV005,Bulawayo,Masvingo,Bulawayo → Masvingo,260,2026-02-03,13.5,50.8,88.3,1.86,164.24,309.23,65.32,6.97,51.92,15.34,303.79,5.44,7.6,7.7,3.0,False,0,Fair,0.35,Clear,0.0,0.25,0,None
TRP00691,TRK005,DRV032,Masvingo,Beitbridge,Masvingo → Beitbridge,215,2026-05-13,11.8,50.0,74.64,1.76,131.37,311.66,59.15,55.27,43.05,12.36,301.2,10.46,6.9,6.7,3.5,False,0,Good,0.0,Clear,0.0,0.58,1,Beitbridge Border Post
TRP00692,TRK024,DRV004,Gweru,Beitbridge,Gweru → Beitbridge,375,2026-06-04,13.1,53.3,121.31,1.72,208.65,474.78,97.46,31.72,64.66,20.44,422.93,51.85,9.7,9.9,3.6,False,0,Good,0.0,Rain,0.65,0.52,1,Beitbridge Border Post
TRP00693,TRK011,DRV024,Masvingo,Beitbridge,Masvingo → Beitbridge,215,2025-12-11,17.2,88.7,101.73,1.93,196.34,305.92,55.74,41.89,39.64,13.65,347.26,-41.34,7.6,7.8,3.9,False,0,Good,0.0,Cloudy,0.25,0.58,1,Beitbridge Border Post
TRP00694,TRK007,DRV037,Bulawayo,Masvingo,Bulawayo → Masvingo,260,2026-09-02,16.5,66.5,81.71,1.7,138.91,321.16,74.18,25.21,46.83,14.56,299.69,21.47,8.2,8.4,3.7,False,0,Good,0.0,Cloudy,0.25,0.25,0,None
TRP00695,TRK015,DRV033,Harare,Masvingo,Harare → Masvingo,292,2025-09-23,20.1,80.1,124.95,1.55,193.67,446.04,78.07,21.09,58.13,17.67,368.63,77.41,10.2,10.2,4.6,False,0,Fair,0.35,Rain,0.65,0.25,0,None
TRP00696,TRK001,DRV016,Harare,Mutare,Harare → Mutare,263,2025-10-15,11.1,53.1,106.44,1.6,170.3,349.92,72.56,28.18,44.24,17.88,333.16,16.76,7.0,6.9,2.8,False,0,Good,0.0,Clear,0.0,0.25,0,None
TRP00697,TRK024,DRV025,Gweru,Masvingo,Gweru → Masvingo,160,2025-12-07,17.1,69.5,50.2,1.79,89.86,217.71,47.3,14.66,25.98,8.72,186.52,31.19,6.2,6.1,3.4,False,0,Fair,0.35,Clear,0.0,0.25,0,None
TRP00698,TRK003,DRV036,Harare,Chirundu,Harare → Chirundu,335,2026-09-22,21.7,94.3,120.9,1.66,200.69,528.47,86.77,30.38,60.41,18.76,397.01,131.46,10.2,12.3,3.6,True,126,Fair,0.35,Clear,0.0,0.45,1,Chirundu Border Post
TRP00699,TRK027,DRV015,Beitbridge,Chirundu,Beitbridge → Chirundu,830,2026-03-05,15.4,58.1,256.97,1.7,436.85,983.2,194.99,47.13,165.08,45.24,889.29,93.91,15.1,17.1,2.8,True,115,Good,0.0,Clear,0.0,0.78,1,Chirundu Border Post
TRP00700,TRK027,DRV021,Bulawayo,Gweru,Bulawayo → Gweru,165,2026-02-07,21.0,79.2,51.52,1.47,75.73,242.94,48.91,8.88,28.43,8.99,170.94,72.0,6.1,8.2,3.2,True,143,Fair,0.35,Cloudy,0.25,0.25,0,None
TRP00701,TRK024,DRV008,Harare,Gweru,Harare → Gweru,275,2026-06-06,19.5,79.3,85.01,1.83,155.57,414.89,75.57,17.36,52.29,14.99,315.78,99.11,10.0,10.0,5.2,False,0,Good,0.0,Clear,0.0,0.25,0,None
TRP00702,TRK012,DRV015,Harare,Mutare,Harare → Mutare,263,2026-06-13,25.1,95.1,93.3,1.81,168.87,406.05,74.58,24.01,51.19,14.33,332.98,73.07,9.0,8.9,4.0,False,0,Fair,0.35,Clear,0.0,0.25,0,None
TRP00703,TRK026,DRV005,Harare,Mutare,Harare → Mutare,263,2026-05-18,19.3,68.4,97.8,1.74,170.17,342.75,70.79,10.14,48.91,16.7,316.71,26.04,8.7,8.8,4.0,False,0,Fair,0.35,Cloudy,0.25,0.25,0,None
TRP00704,TRK020,DRV021,Bulawayo,Beitbridge,Bulawayo → Beitbridge,270,2025-11-05,25.8,94.9,95.27,1.68,160.05,409.79,73.41,57.43,54.15,15.93,360.97,48.82,9.9,9.9,4.3,False,0,Fair,0.35,Cloudy,0.25,0.55,1,Beitbridge Border Post
TRP00705,TRK030,DRV001,Gweru,Chirundu,Gweru → Chirundu,610,2026-03-29,19.5,95.1,306.45,1.63,499.51,786.45,149.58,60.32,115.44,37.82,862.67,-76.22,16.0,17.0,3.7,True,65,Poor,0.92,Clear,0.0,0.62,1,Chirundu Border Post
TRP00706,TRK019,DRV037,Bulawayo,Mutare,Bulawayo → Mutare,500,2026-02-24,22.3,80.5,170.59,1.89,322.42,626.77,126.07,18.77,92.32,28.75,588.33,38.44,13.5,13.6,4.8,False,0,Good,0.0,Clear,0.0,0.25,0,None
TRP00707,TRK016,DRV030,Masvingo,Chirundu,Masvingo → Chirundu,627,2026-03-29,19.9,75.7,195.15,1.71,333.71,852.62,154.52,57.44,121.48,35.11,702.26,150.36,14.5,16.2,3.9,True,108,Good,0.0,Clear,0.0,0.64,1,Chirundu Border Post
TRP00708,TRK032,DRV013,Masvingo,Beitbridge,Masvingo → Beitbridge,215,2026-06-28,11.3,61.7,88.5,1.76,155.76,278.16,60.05,21.32,43.18,13.65,293.96,-15.8,8.6,8.8,4.7,False,0,Poor,0.8,Clear,0.0,0.58,1,Beitbridge Border Post
TRP00709,TRK010,DRV001,Bulawayo,Gweru,Bulawayo → Gweru,165,2026-04-19,16.1,71.6,65.12,1.55,100.94,258.43,47.05,29.2,31.09,10.23,218.51,39.92,6.0,6.0,3.3,False,0,Good,0.0,Clear,0.0,0.25,0,None
TRP00710,TRK015,DRV035,Harare,Bulawayo,Harare → Bulawayo,440,2026-03-18,22.2,88.4,171.62,1.87,320.93,597.23,114.87,9.84,87.33,26.62,559.59,37.64,14.5,14.4,5.0,False,0,Poor,0.92,Clear,0.0,0.25,0,None
TRP00711,TRK001,DRV022,Beitbridge,Chirundu,Beitbridge → Chirundu,830,2025-09-22,15.3,73.2,375.33,1.75,656.83,1028.27,196.94,56.47,163.84,56.44,1130.52,-102.25,18.0,18.1,3.9,False,0,Fair,0.35,Clear,0.0,0.78,1,Chirundu Border Post
TRP00712,TRK020,DRV007,Mutare,Masvingo,Mutare → Masvingo,380,2026-01-05,25.8,94.9,126.63,1.8,227.93,650.06,93.72,28.32,64.08,22.42,436.47,213.59,11.4,11.5,4.0,False,0,Good,0.0,Clear,0.0,0.25,0,None
TRP00713,TRK016,DRV027,Gweru,Beitbridge,Gweru → Beitbridge,375,2026-05-31,20.0,76.0,132.41,1.78,235.69,585.83,105.11,32.03,72.14,21.0,465.97,119.86,12.0,13.4,4.4,True,87,Poor,0.8,Rain,0.65,0.52,1,Beitbridge Border Post
TRP00714,TRK010,DRV018,Harare,Mutare,Harare → Mutare,263,2025-11-08,12.3,54.7,113.3,1.75,198.28,395.73,79.75,21.94,46.24,16.31,362.52,33.21,9.1,8.9,4.1,False,0,Poor,0.92,Clear,0.0,0.25,0,None
TRP00715,TRK015,DRV034,Harare,Mutare,Harare → Mutare,263,2026-04-21,12.0,47.8,107.17,1.63,174.69,374.61,69.2,9.64,47.53,15.91,316.97,57.64,8.2,8.3,3.4,False,0,Poor,0.8,Cloudy,0.25,0.25,0,None
TRP00716,TRK030,DRV006,Mutare,Gweru,Mutare → Gweru,365,2026-07-16,10.4,50.7,150.54,1.82,273.98,453.94,115.43,13.77,59.25,22.63,485.06,-31.12,9.1,9.1,3.2,False,0,Fair,0.35,Clear,0.0,0.25,0,None
TRP00717,TRK033,DRV009,Harare,Masvingo,Harare → Masvingo,292,2026-08-14,11.1,49.3,116.0,1.67,193.72,370.61,73.2,13.92,56.0,19.42,356.26,14.35,7.8,8.0,2.9,False,0,Fair,0.35,Clear,0.0,0.25,0,None
TRP00718,TRK005,DRV038,Mutare,Masvingo,Mutare → Masvingo,380,2026-07-09,10.0,42.4,135.12,1.48,199.98,422.29,94.44,6.14,69.8,21.85,392.21,30.08,9.7,9.9,3.5,False,0,Good,0.0,Clear,0.0,0.25,0,None
TRP00719,TRK028,DRV043,Harare,Mutare,Harare → Mutare,263,2025-11-27,18.5,78.7,97.5,1.8,175.5,417.77,79.66,6.43,49.89,15.91,327.39,90.38,7.9,7.8,3.3,False,0,Fair,0.35,Clear,0.0,0.25,0,None
TRP00720,TRK019,DRV017,Bulawayo,Gweru,Bulawayo → Gweru,165,2026-03-02,25.2,91.0,58.13,1.64,95.33,222.01,54.55,24.84,27.45,9.49,211.66,10.35,7.7,7.6,4.7,False,0,Fair,0.35,Clear,0.0,0.25,0,None
TRP00721,TRK021,DRV021,Mutare,Masvingo,Mutare → Masvingo,380,2026-05-11,17.9,77.2,151.72,1.83,277.65,530.61,98.41,4.23,61.91,24.7,466.9,63.71,11.3,11.1,4.7,False,0,Good,0.0,Rain,0.65,0.25,0,None
TRP00722,TRK015,DRV005,Bulawayo,Masvingo,Bulawayo → Masvingo,260,2026-01-03,20.1,80.1,95.23,1.65,157.13,388.42,63.48,26.87,43.77,15.73,306.98,81.44,8.4,8.3,4.2,False,0,Good,0.0,Cloudy,0.25,0.25,0,None
TRP00723,TRK007,DRV010,Harare,Beitbridge,Harare → Beitbridge,582,2025-11-15,16.6,66.9,219.69,1.6,351.5,864.87,137.37,27.02,104.01,32.59,652.49,212.38,12.9,13.0,3.4,False,0,Good,0.0,Cloudy,0.25,0.65,1,Beitbridge Border Post
TRP00724,TRK029,DRV030,Harare,Chirundu,Harare → Chirundu,335,2026-03-01,13.8,59.0,128.45,1.71,219.65,437.6,87.72,49.8,61.78,21.27,440.22,-2.62,8.8,8.7,3.1,False,0,Fair,0.35,Cloudy,0.25,0.45,1,Chirundu Border Post
TRP00725,TRK008,DRV035,Mutare,Beitbridge,Mutare → Beitbridge,630,2026-03-24,10.5,44.1,250.97,1.71,429.16,865.55,156.6,46.86,119.56,40.95,793.13,72.42,15.2,17.2,3.4,True,113,Fair,0.35,Rain,0.65,0.7,1,Beitbridge Border Post
TRP00726,TRK029,DRV020,Bulawayo,Mutare,Bulawayo → Mutare,500,2026-05-17,14.3,61.1,187.16,1.74,325.66,605.93,116.49,25.03,99.46,31.75,598.39,7.54,13.4,13.4,4.2,False,0,Fair,0.35,Clear,0.0,0.25,0,None
TRP00727,TRK008,DRV006,Bulawayo,Masvingo,Bulawayo → Masvingo,260,2025-12-11,21.5,90.3,103.08,1.73,178.33,388.54,75.16,2.66,50.64,16.9,323.69,64.85,9.1,9.1,4.0,False,0,Fair,0.35,Cloudy,0.25,0.25,0,None
TRP00728,TRK003,DRV014,Bulawayo,Beitbridge,Bulawayo → Beitbridge,270,2026-03-08,17.6,76.5,101.18,1.8,182.12,428.93,83.28,53.09,52.19,15.12,385.8,43.13,8.3,8.2,3.3,False,0,Poor,0.92,Clear,0.0,0.55,1,Beitbridge Border Post
TRP00729,TRK006,DRV016,Harare,Beitbridge,Harare → Beitbridge,582,2026-03-23,21.2,79.1,206.27,1.73,356.85,900.08,142.22,45.23,112.69,36.96,693.95,206.13,13.5,13.5,3.2,False,0,Fair,0.35,Cloudy,0.25,0.65,1,Beitbridge Border Post
TRP00730,TRK033,DRV004,Mutare,Masvingo,Mutare → Masvingo,380,2026-09-03,16.6,73.8,161.33,1.6,258.13,445.79,96.54,20.4,63.22,25.27,463.56,-17.77,11.0,11.2,4.0,False,0,Fair,0.35,Clear,0.0,0.25,0,None
TRP00731,TRK017,DRV012,Bulawayo,Beitbridge,Bulawayo → Beitbridge,270,2025-10-07,14.4,54.8,87.69,1.74,152.58,415.79,73.39,59.34,49.64,14.72,349.67,66.12,7.5,7.4,2.8,False,0,Fair,0.35,Clear,0.0,0.55,1,Beitbridge Border Post
TRP00732,TRK029,DRV036,Mutare,Masvingo,Mutare → Masvingo,380,2026-06-30,13.6,58.1,147.31,1.56,229.8,510.34,99.9,10.82,68.3,24.13,432.95,77.39,10.0,10.0,3.6,False,0,Fair,0.35,Clear,0.0,0.25,0,None
TRP00733,TRK007,DRV030,Bulawayo,Gweru,Bulawayo → Gweru,165,2025-11-13,16.0,64.5,60.49,1.77,107.07,210.64,46.34,0.58,27.87,9.24,191.1,19.54,6.5,6.7,4.0,False,0,Good,0.0,Rain,0.65,0.25,0,None
TRP00734,TRK008,DRV001,Harare,Beitbridge,Harare → Beitbridge,582,2025-10-23,18.2,76.5,231.76,1.68,389.36,864.46,146.85,75.9,103.6,37.83,753.54,110.92,14.5,16.2,4.1,True,91,Good,0.0,Rain,0.65,0.65,1,Beitbridge Border Post
TRP00735,TRK009,DRV013,Bulawayo,Gweru,Bulawayo → Gweru,165,2026-04-15,13.8,67.0,70.41,1.74,122.51,188.73,48.73,4.86,30.64,10.48,217.22,-28.49,7.3,7.3,4.5,False,0,Fair,0.35,Cloudy,0.25,0.25,0,None
TRP00736,TRK006,DRV038,Mutare,Gweru,Mutare → Gweru,365,2026-07-19,16.2,60.4,127.9,1.58,202.08,505.23,95.34,28.8,64.83,23.18,414.23,91.0,9.9,10.0,3.8,False,0,Fair,0.35,Clear,0.0,0.25,0,None
TRP00737,TRK005,DRV002,Bulawayo,Masvingo,Bulawayo → Masvingo,260,2025-10-25,20.0,84.7,95.1,1.77,168.33,421.47,75.68,4.09,50.71,14.95,313.76,107.71,8.0,8.3,3.6,False,0,Good,0.0,Cloudy,0.25,0.25,0,None
TRP00738,TRK029,DRV009,Bulawayo,Mutare,Bulawayo → Mutare,500,2025-11-08,18.9,80.8,205.21,1.7,348.86,753.62,136.23,3.34,99.79,31.75,619.97,133.65,12.5,12.6,3.7,False,0,Fair,0.35,Clear,0.0,0.25,0,None
TRP00739,TRK008,DRV003,Bulawayo,Chirundu,Bulawayo → Chirundu,775,2026-05-16,21.5,90.3,340.62,1.71,582.46,1112.57,179.37,53.06,148.37,50.38,1013.64,98.93,19.8,20.0,4.1,False,0,Fair,0.35,Cloudy,0.25,0.72,1,Chirundu Border Post
TRP00740,TRK011,DRV037,Harare,Mutare,Harare → Mutare,263,2026-05-01,16.5,85.1,114.63,1.64,187.99,381.62,66.52,9.0,51.71,16.7,331.92,49.7,8.2,8.1,3.2,False,0,Good,0.0,Cloudy,0.25,0.25,0,None
TRP00741,TRK032,DRV002,Mutare,Masvingo,Mutare → Masvingo,380,2026-04-05,17.4,95.1,178.1,1.93,343.73,519.36,96.03,23.82,71.01,24.13,558.72,-39.36,9.8,9.8,3.1,False,0,Good,0.0,Cloudy,0.25,0.25,0,None
TRP00742,TRK012,DRV023,Mutare,Beitbridge,Mutare → Beitbridge,630,2026-01-09,16.1,61.0,219.35,1.62,355.35,771.94,158.2,41.7,115.39,34.34,704.98,66.96,13.4,15.6,3.3,True,124,Good,0.0,Clear,0.0,0.7,1,Beitbridge Border Post
TRP00743,TRK018,DRV018,Harare,Chirundu,Harare → Chirundu,335,2026-05-08,19.4,70.3,104.76,1.71,179.14,475.67,89.62,72.29,60.33,21.27,422.65,53.02,10.0,10.0,4.8,False,0,Good,0.0,Clear,0.0,0.45,1,Chirundu Border Post
TRP00744,TRK003,DRV040,Harare,Beitbridge,Harare → Beitbridge,582,2026-08-05,21.0,91.3,216.25,1.7,367.62,715.5,145.53,79.27,109.55,32.59,734.56,-19.06,15.3,16.3,4.0,True,65,Fair,0.35,Clear,0.0,0.65,1,Beitbridge Border Post
TRP00745,TRK016,DRV042,Masvingo,Chirundu,Masvingo → Chirundu,627,2026-02-20,16.4,62.4,186.77,1.78,332.45,747.04,157.98,58.03,115.75,35.11,699.32,47.72,14.4,14.4,4.2,False,0,Good,0.0,Clear,0.0,0.64,1,Chirundu Border Post
TRP00746,TRK027,DRV036,Gweru,Masvingo,Gweru → Masvingo,160,2026-05-25,21.5,81.1,48.25,1.79,86.37,218.25,52.32,9.07,31.66,8.72,188.14,30.11,6.4,6.3,3.6,False,0,Good,0.0,Clear,0.0,0.25,0,None
TRP00747,TRK006,DRV018,Harare,Mutare,Harare → Mutare,263,2026-04-06,19.8,73.9,90.27,1.77,159.78,369.4,73.26,11.77,48.2,16.7,309.71,59.69,8.9,9.1,4.5,False,0,Good,0.0,Clear,0.0,0.25,0,None
TRP00748,TRK027,DRV013,Harare,Beitbridge,Harare → Beitbridge,582,2026-08-17,17.8,67.2,193.55,1.79,346.45,746.18,150.36,58.69,101.71,31.72,688.93,57.25,14.7,17.5,3.8,True,176,Fair,0.35,Cloudy,0.25,0.65,1,Beitbridge Border Post
TRP00749,TRK016,DRV041,Gweru,Beitbridge,Gweru → Beitbridge,375,2026-06-27,21.6,82.1,128.77,1.59,204.74,548.68,100.02,36.35,64.89,21.0,427.0,121.68,11.0,12.3,4.8,True,84,Fair,0.35,Cloudy,0.25,0.52,1,Beitbridge Border Post
TRP00750,TRK025,DRV023,Harare,Bulawayo,Harare → Bulawayo,440,2026-05-25,18.2,82.0,185.99,1.76,327.34,687.82,115.37,10.49,88.45,29.26,570.91,116.91,12.3,12.1,3.7,False,0,Poor,0.8,Clear,0.0,0.25,0,None
TRP00751,TRK032,DRV023,Gweru,Chirundu,Gweru → Chirundu,610,2026-07-08,9.4,51.4,259.25,1.76,456.28,699.78,141.03,66.61,119.73,38.73,822.38,-122.6,13.8,14.0,3.3,False,0,Fair,0.35,Clear,0.0,0.62,1,Chirundu Border Post
TRP00752,TRK021,DRV025,Gweru,Beitbridge,Gweru → Beitbridge,375,2026-02-07,11.5,49.6,131.59,1.73,227.65,467.49,96.91,22.12,72.52,24.38,443.58,23.91,9.2,9.3,3.3,False,0,Good,0.0,Clear,0.0,0.52,1,Beitbridge Border Post
TRP00753,TRK002,DRV021,Harare,Chirundu,Harare → Chirundu,335,2026-07-24,9.6,41.0,122.73,1.77,217.23,394.96,98.74,48.68,59.84,20.77,445.26,-50.3,8.4,8.4,3.3,False,0,Good,0.0,Clear,0.0,0.45,1,Chirundu Border Post
TRP00754,TRK002,DRV018,Bulawayo,Gweru,Bulawayo → Gweru,165,2025-10-21,16.5,70.5,58.57,1.58,92.54,242.09,51.11,0.8,28.0,10.23,182.68,59.41,7.0,6.9,3.9,False,0,Fair,0.35,Clear,0.0,0.25,0,None
TRP00755,TRK034,DRV023,Gweru,Masvingo,Gweru → Masvingo,160,2026-07-18,17.0,63.9,57.56,1.81,104.18,221.47,52.22,29.71,28.2,9.44,223.75,-2.28,6.5,6.5,3.4,False,0,Fair,0.35,Cloudy,0.25,0.25,0,None
TRP00756,TRK011,DRV007,Bulawayo,Gweru,Bulawayo → Gweru,165,2026-01-26,13.6,70.1,76.64,1.69,129.52,205.91,54.53,10.05,31.86,10.48,236.44,-30.53,6.4,6.4,3.5,False,0,Fair,0.35,Cloudy,0.25,0.25,0,None
TRP00757,TRK018,DRV035,Bulawayo,Gweru,Bulawayo → Gweru,165,2025-10-20,20.2,73.2,57.65,1.75,100.89,248.11,46.95,23.36,30.29,10.48,211.97,36.14,6.5,6.6,3.9,False,0,Good,0.0,Rain,0.65,0.25,0,None
TRP00758,TRK025,DRV023,Bulawayo,Gweru,Bulawayo → Gweru,165,2025-12-19,20.8,93.7,67.96,1.94,131.84,210.92,49.77,5.79,30.62,10.97,228.99,-18.07,6.6,6.7,3.8,False,0,Good,0.0,Clear,0.0,0.25,0,None
TRP00759,TRK016,DRV038,Harare,Chirundu,Harare → Chirundu,335,2026-03-03,14.1,53.6,114.79,1.71,196.29,460.5,89.76,26.17,67.12,18.76,398.1,62.4,9.6,9.8,3.2,False,0,Poor,0.92,Cloudy,0.25,0.45,1,Chirundu Border Post
TRP00760,TRK002,DRV045,Mutare,Gweru,Mutare → Gweru,365,2026-03-21,16.8,71.8,135.68,1.65,223.87,462.43,85.99,4.71,72.98,22.63,410.18,52.25,11.2,10.9,3.8,False,0,Poor,0.92,Clear,0.0,0.25,0,None
TRP00761,TRK010,DRV037,Masvingo,Beitbridge,Masvingo → Beitbridge,215,2025-12-27,15.9,70.7,100.31,1.54,154.48,326.53,65.3,64.66,39.59,13.33,337.36,-10.83,8.7,11.3,4.7,True,159,Poor,0.92,Clear,0.0,0.58,1,Beitbridge Border Post
TRP00762,TRK035,DRV020,Gweru,Masvingo,Gweru → Masvingo,160,2025-12-20,7.1,34.0,58.13,1.73,100.56,179.25,52.9,23.46,29.4,9.92,216.24,-36.99,5.0,5.0,2.5,False,0,Good,0.0,Clear,0.0,0.25,0,None
TRP00763,TRK003,DRV006,Gweru,Masvingo,Gweru → Masvingo,160,2025-10-20,17.6,76.5,56.32,1.71,96.31,253.9,48.47,9.4,31.39,8.96,194.53,59.37,6.8,7.1,4.3,False,0,Good,0.0,Clear,0.0,0.25,0,None
TRP00764,TRK015,DRV002,Bulawayo,Gweru,Bulawayo → Gweru,165,2026-06-18,15.5,61.8,56.78,1.73,98.23,251.46,51.39,21.64,32.98,9.98,214.22,37.24,6.0,5.5,3.3,False,0,Good,0.0,Clear,0.0,0.25,0,None
TRP00765,TRK001,DRV022,Gweru,Masvingo,Gweru → Masvingo,160,2026-08-02,14.0,67.0,67.39,1.8,121.3,187.54,51.11,21.94,27.02,10.88,232.25,-44.71,7.0,7.0,4.1,False,0,Fair,0.35,Cloudy,0.25,0.25,0,None
TRP00766,TRK009,DRV022,Bulawayo,Mutare,Bulawayo → Mutare,500,2025-12-21,17.9,86.9,224.26,1.74,390.21,762.46,133.66,23.92,100.34,31.75,679.88,82.58,12.5,12.4,3.8,False,0,Fair,0.35,Clear,0.0,0.25,0,None
TRP00767,TRK004,DRV002,Bulawayo,Chirundu,Bulawayo → Chirundu,775,2025-12-06,20.2,78.0,283.04,1.78,503.81,1254.66,185.65,32.41,132.12,45.72,899.71,354.95,17.3,19.9,3.7,True,152,Good,0.0,Cloudy,0.25,0.72,1,Chirundu Border Post
TRP00768,TRK010,DRV008,Masvingo,Beitbridge,Masvingo → Beitbridge,215,2026-06-18,16.3,72.4,79.69,1.78,141.85,308.77,65.32,72.49,34.97,13.33,327.96,-19.19,6.7,9.3,3.2,True,156,Good,0.0,Clear,0.0,0.58,1,Beitbridge Border Post
TRP00769,TRK005,DRV024,Mutare,Gweru,Mutare → Gweru,365,2026-09-17,15.6,66.1,132.39,1.72,227.71,532.41,100.93,19.03,59.49,20.99,428.15,104.26,10.0,9.8,3.9,False,0,Fair,0.35,Clear,0.0,0.25,0,None
TRP00770,TRK007,DRV022,Mutare,Masvingo,Mutare → Masvingo,380,2026-02-23,6.0,24.2,121.03,1.74,210.59,513.35,110.0,11.81,63.36,21.28,417.04,96.31,8.6,8.8,2.6,False,0,Fair,0.35,Clear,0.0,0.25,0,None
TRP00771,TRK009,DRV011,Bulawayo,Chirundu,Bulawayo → Chirundu,775,2026-05-03,12.6,61.2,331.02,1.63,539.56,981.22,188.71,34.34,138.04,49.21,949.86,31.36,16.4,16.3,3.3,False,0,Good,0.0,Cloudy,0.25,0.72,1,Chirundu Border Post
TRP00772,TRK032,DRV042,Beitbridge,Chirundu,Beitbridge → Chirundu,830,2026-03-03,16.3,89.1,329.33,1.6,526.93,1115.49,196.52,52.12,141.67,52.7,969.94,145.55,17.7,17.6,3.4,False,0,Good,0.0,Clear,0.0,0.78,1,Chirundu Border Post
TRP00773,TRK023,DRV015,Harare,Chirundu,Harare → Chirundu,335,2026-08-28,16.6,61.5,107.1,1.84,197.06,456.86,95.8,77.77,59.31,19.26,449.2,7.66,8.8,10.5,2.8,True,88,Fair,0.35,Rain,0.65,0.45,1,Chirundu Border Post
TRP00774,TRK012,DRV025,Masvingo,Beitbridge,Masvingo → Beitbridge,215,2026-02-26,12.2,46.2,76.3,1.69,128.95,260.09,63.89,46.24,42.78,11.72,293.58,-33.49,8.0,8.2,4.5,False,0,Fair,0.35,Cloudy,0.25,0.58,1,Beitbridge Border Post
TRP00775,TRK009,DRV012,Bulawayo,Beitbridge,Bulawayo → Beitbridge,270,2025-09-22,14.3,69.4,115.49,1.69,195.18,325.9,76.56,50.07,47.26,17.14,386.21,-60.31,8.8,11.5,3.9,True,166,Fair,0.35,Clear,0.0,0.55,1,Beitbridge Border Post
TRP00776,TRK026,DRV037,Masvingo,Beitbridge,Masvingo → Beitbridge,215,2025-10-08,13.9,49.3,68.3,1.86,127.04,266.3,62.29,62.38,39.58,13.65,304.94,-38.64,6.6,8.6,2.9,True,137,Fair,0.35,Rain,0.65,0.58,1,Beitbridge Border Post
TRP00777,TRK021,DRV040,Harare,Chirundu,Harare → Chirundu,335,2026-01-13,19.4,83.6,141.05,1.84,259.53,519.9,85.27,37.89,55.31,21.78,459.78,60.12,10.6,12.3,3.8,True,99,Poor,0.92,Cloudy,0.25,0.45,1,Chirundu Border Post
TRP00778,TRK007,DRV032,Beitbridge,Chirundu,Beitbridge → Chirundu,830,2025-12-03,19.1,77.0,287.56,1.72,494.6,1284.6,189.2,64.91,143.7,46.48,938.89,345.71,18.3,18.2,4.0,False,0,Good,0.0,Clear,0.0,0.78,1,Chirundu Border Post
TRP00779,TRK005,DRV016,Bulawayo,Chirundu,Bulawayo → Chirundu,775,2026-03-18,12.2,51.7,274.34,1.71,469.12,1004.38,187.63,70.17,139.79,44.56,911.27,93.11,15.9,18.2,3.5,True,160,Good,0.0,Cloudy,0.25,0.72,1,Chirundu Border Post
TRP00780,TRK011,DRV041,Bulawayo,Chirundu,Bulawayo → Chirundu,775,2025-11-06,9.3,47.9,319.4,1.87,597.28,882.86,191.29,61.76,126.54,49.21,1026.08,-143.22,16.7,19.0,3.1,True,128,Poor,0.92,Cloudy,0.25,0.72,1,Chirundu Border Post
TRP00781,TRK022,DRV029,Beitbridge,Chirundu,Beitbridge → Chirundu,830,2025-09-27,19.7,82.1,302.34,1.68,507.93,1133.36,199.35,68.97,144.43,46.48,967.16,166.2,17.8,17.7,4.5,False,0,Good,0.0,Clear,0.0,0.78,1,Chirundu Border Post
TRP00782,TRK014,DRV016,Bulawayo,Masvingo,Bulawayo → Masvingo,260,2026-09-11,27.3,95.1,96.5,1.9,183.35,332.75,64.76,10.09,51.57,14.95,324.72,8.03,9.2,9.0,4.5,False,0,Good,0.0,Cloudy,0.25,0.25,0,None
TRP00783,TRK023,DRV017,Harare,Gweru,Harare → Gweru,275,2025-11-16,17.7,65.6,89.03,1.61,143.34,328.25,67.13,4.18,48.52,15.81,278.98,49.27,8.2,7.9,3.6,False,0,Good,0.0,Cloudy,0.25,0.25,0,None
TRP00784,TRK004,DRV025,Harare,Bulawayo,Harare → Bulawayo,440,2026-05-04,24.1,93.1,154.46,1.73,267.22,562.29,106.62,27.59,84.99,25.96,512.38,49.91,11.6,11.6,3.6,False,0,Good,0.0,Cloudy,0.25,0.25,0,None
TRP00785,TRK011,DRV027,Mutare,Beitbridge,Mutare → Beitbridge,630,2026-06-01,17.6,90.7,281.11,1.48,416.04,987.32,147.65,67.27,106.93,40.01,777.9,209.42,16.2,16.4,4.8,False,0,Fair,0.35,Cloudy,0.25,0.7,1,Beitbridge Border Post
TRP00786,TRK023,DRV035,Mutare,Masvingo,Mutare → Masvingo,380,2026-04-02,12.8,47.4,117.12,1.68,196.76,531.98,92.87,22.24,63.46,21.85,397.18,134.8,9.0,9.1,2.6,False,0,Good,0.0,Clear,0.0,0.25,0,None
TRP00787,TRK031,DRV037,Harare,Masvingo,Harare → Masvingo,292,2026-08-21,19.9,92.6,129.77,1.67,216.72,375.79,78.63,2.79,50.38,18.98,367.5,8.29,10.1,9.8,4.7,False,0,Poor,0.8,Cloudy,0.25,0.25,0,None
TRP00788,TRK011,DRV029,Bulawayo,Gweru,Bulawayo → Gweru,165,2025-10-29,9.4,48.5,63.71,1.67,106.4,219.91,60.27,11.63,30.37,10.48,219.15,0.76,5.6,5.9,3.0,False,0,Good,0.0,Clear,0.0,0.25,0,None
TRP00789,TRK019,DRV002,Harare,Mutare,Harare → Mutare,263,2026-03-04,26.3,94.9,95.68,1.79,171.27,355.58,77.31,24.34,46.58,15.12,334.62,20.96,9.2,9.2,4.0,False,0,Fair,0.35,Clear,0.0,0.25,0,None
TRP00790,TRK007,DRV005,Bulawayo,Masvingo,Bulawayo → Masvingo,260,2026-03-16,13.9,56.0,86.24,1.58,136.26,357.07,62.22,25.54,48.39,14.56,286.97,70.1,9.0,9.0,4.6,False,0,Fair,0.35,Cloudy,0.25,0.25,0,None
TRP00791,TRK025,DRV011,Harare,Chirundu,Harare → Chirundu,335,2025-10-30,18.3,82.4,130.22,1.77,230.49,436.23,87.62,25.62,64.01,22.28,430.02,6.21,8.6,8.7,3.2,False,0,Good,0.0,Clear,0.0,0.45,1,Chirundu Border Post
TRP00792,TRK006,DRV022,Gweru,Chirundu,Gweru → Chirundu,610,2026-07-23,21.4,79.9,223.21,1.6,357.14,778.1,145.75,76.64,104.32,38.73,722.58,55.52,14.8,14.8,4.4,False,0,Fair,0.35,Clear,0.0,0.62,1,Chirundu Border Post
TRP00793,TRK031,DRV002,Masvingo,Chirundu,Masvingo → Chirundu,627,2026-04-30,11.6,54.0,270.49,1.83,495.0,787.17,140.33,51.33,125.72,40.76,853.14,-65.97,14.8,15.5,3.2,True,26,Good,0.0,Rain,0.65,0.64,1,Chirundu Border Post
TRP00794,TRK011,DRV039,Beitbridge,Chirundu,Beitbridge → Chirundu,830,2026-05-02,18.4,94.8,391.54,1.5,587.31,1224.08,190.85,49.47,147.52,52.7,1027.85,196.23,18.8,19.6,3.8,True,32,Good,0.0,Cloudy,0.25,0.78,1,Chirundu Border Post
TRP00795,TRK004,DRV007,Harare,Chirundu,Harare → Chirundu,335,2026-03-10,11.2,43.2,121.61,1.7,206.74,494.91,80.94,49.26,60.84,19.77,417.55,77.36,7.9,9.2,2.0,True,75,Fair,0.35,Clear,0.0,0.45,1,Chirundu Border Post
TRP00796,TRK013,DRV027,Bulawayo,Mutare,Bulawayo → Mutare,500,2026-09-13,14.9,64.8,204.61,1.61,329.42,780.19,119.41,18.24,95.93,29.5,592.5,187.69,12.7,12.7,3.5,False,0,Poor,0.8,Cloudy,0.25,0.25,0,None
TRP00797,TRK035,DRV017,Gweru,Chirundu,Gweru → Chirundu,610,2026-08-26,15.3,73.2,234.64,1.77,415.31,847.31,155.62,37.62,110.87,37.82,757.24,90.07,12.8,12.8,2.7,False,0,Good,0.0,Clear,0.0,0.62,1,Chirundu Border Post
TRP00798,TRK020,DRV016,Bulawayo,Beitbridge,Bulawayo → Beitbridge,270,2025-11-10,14.7,54.0,88.56,1.45,128.41,356.26,66.19,64.71,53.85,15.93,329.09,27.17,7.6,7.6,2.8,False,0,Fair,0.35,Cloudy,0.25,0.55,1,Beitbridge Border Post
TRP00799,TRK026,DRV037,Harare,Mutare,Harare → Mutare,263,2026-06-30,20.2,71.6,86.23,1.73,149.18,405.86,69.69,29.33,46.02,16.7,310.92,94.94,8.4,8.8,3.8,False,0,Good,0.0,Clear,0.0,0.25,0,None
TRP00800,TRK010,DRV004,Gweru,Masvingo,Gweru → Masvingo,160,2026-03-25,21.3,94.7,71.41,1.79,127.82,221.24,47.06,23.78,29.7,9.92,238.28,-17.04,6.6,6.6,3.7,False,0,Poor,0.92,Clear,0.0,0.25,0,None
TRP00801,TRK028,DRV006,Harare,Bulawayo,Harare → Bulawayo,440,2026-02-19,17.1,72.8,169.12,1.84,311.18,569.79,115.24,0.87,75.69,26.62,529.6,40.19,12.7,12.6,5.0,False,0,Good,0.0,Clear,0.0,0.25,0,None
TRP00802,TRK031,DRV013,Beitbridge,Chirundu,Beitbridge → Chirundu,830,2025-11-10,20.4,94.9,364.72,1.8,656.5,1122.0,194.78,66.68,161.59,53.95,1133.5,-11.5,18.3,18.5,5.1,False,0,Good,0.0,Clear,0.0,0.78,1,Chirundu Border Post
TRP00803,TRK014,DRV011,Harare,Bulawayo,Harare → Bulawayo,440,2026-08-14,14.8,51.6,147.44,1.7,250.65,634.43,105.32,4.52,83.73,25.3,469.52,164.91,10.2,10.2,3.1,False,0,Fair,0.35,Clear,0.0,0.25,0,None
TRP00804,TRK006,DRV031,Bulawayo,Beitbridge,Bulawayo → Beitbridge,270,2025-11-20,20.8,77.6,94.93,1.92,182.27,399.33,80.79,22.7,52.89,17.14,355.79,43.54,9.2,9.3,4.2,False,0,Fair,0.35,Clear,0.0,0.55,1,Beitbridge Border Post
TRP00805,TRK026,DRV031,Bulawayo,Beitbridge,Bulawayo → Beitbridge,270,2026-05-30,16.7,59.2,97.5,1.87,182.33,370.62,76.86,72.35,49.73,17.14,398.41,-27.79,9.0,9.2,4.0,False,0,Fair,0.35,Clear,0.0,0.55,1,Beitbridge Border Post
TRP00806,TRK006,DRV042,Bulawayo,Masvingo,Bulawayo → Masvingo,260,2026-06-27,16.9,63.1,91.58,1.67,152.94,314.59,70.23,19.57,43.1,16.51,302.35,12.24,7.9,8.8,3.0,True,59,Fair,0.35,Rain,0.65,0.25,0,None
TRP00807,TRK012,DRV024,Mutare,Masvingo,Mutare → Masvingo,380,2026-04-05,16.0,60.6,121.25,1.6,194.0,589.37,91.77,19.27,64.97,20.71,390.72,198.65,8.7,8.5,2.6,False,0,Good,0.0,Clear,0.0,0.25,0,None
TRP00808,TRK012,DRV029,Mutare,Gweru,Mutare → Gweru,365,2025-10-14,16.6,62.9,138.91,1.77,245.87,545.46,97.88,22.21,63.21,19.89,449.06,96.4,10.1,10.0,3.6,False,0,Fair,0.35,Clear,0.0,0.25,0,None
TRP00809,TRK029,DRV030,Bulawayo,Masvingo,Bulawayo → Masvingo,260,2026-02-03,15.9,67.9,109.32,1.77,193.5,366.94,56.22,11.35,48.43,16.51,326.01,40.93,8.9,9.5,4.0,True,49,Fair,0.35,Rain,0.65,0.25,0,None
TRP00810,TRK018,DRV037,Bulawayo,Gweru,Bulawayo → Gweru,165,2025-10-23,21.1,76.4,57.66,1.77,102.06,199.63,54.28,6.01,30.85,10.48,203.68,-4.05,5.9,5.8,2.8,False,0,Fair,0.35,Clear,0.0,0.25,0,None
TRP00811,TRK007,DRV006,Harare,Beitbridge,Harare → Beitbridge,582,2026-08-30,14.1,56.9,203.41,1.62,329.52,747.15,133.78,61.16,101.44,32.59,658.49,88.66,12.7,12.7,3.2,False,0,Good,0.0,Clear,0.0,0.65,1,Beitbridge Border Post
TRP00812,TRK035,DRV027,Mutare,Gweru,Mutare → Gweru,365,2026-07-20,8.6,41.1,155.97,1.78,277.63,470.33,95.78,7.88,69.28,22.63,473.2,-2.87,9.8,9.9,3.3,False,0,Poor,0.8,Clear,0.0,0.25,0,None
TRP00813,TRK004,DRV025,Bulawayo,Gweru,Bulawayo → Gweru,165,2026-06-16,19.9,76.8,62.22,1.73,107.64,238.8,56.84,29.96,27.87,9.73,232.04,6.76,6.8,7.0,4.1,False,0,Fair,0.35,Clear,0.0,0.25,0,None
TRP00814,TRK035,DRV044,Mutare,Beitbridge,Mutare → Beitbridge,630,2026-05-23,19.9,95.2,257.35,1.68,432.35,895.51,154.62,69.07,108.04,39.06,803.14,92.37,15.4,15.3,4.6,False,0,Fair,0.35,Clear,0.0,0.7,1,Beitbridge Border Post
TRP00815,TRK016,DRV031,Masvingo,Beitbridge,Masvingo → Beitbridge,215,2026-02-22,19.4,73.8,72.91,1.68,122.49,309.08,70.15,67.05,40.52,12.04,312.25,-3.17,7.4,7.3,3.8,False,0,Fair,0.35,Clear,0.0,0.58,1,Beitbridge Border Post
TRP00816,TRK026,DRV003,Harare,Gweru,Harare → Gweru,275,2026-06-06,22.3,79.1,96.84,1.81,175.28,351.0,66.18,19.38,48.28,17.46,326.58,24.42,8.5,8.3,3.6,False,0,Good,0.0,Cloudy,0.25,0.25,0,None
TRP00817,TRK034,DRV037,Masvingo,Beitbridge,Masvingo → Beitbridge,215,2026-09-03,25.3,95.1,81.09,1.75,141.91,274.03,60.87,54.12,36.56,12.68,306.14,-32.11,9.7,10.0,5.5,False,0,Fair,0.35,Cloudy,0.25,0.58,1,Beitbridge Border Post
TRP00818,TRK010,DRV008,Masvingo,Chirundu,Masvingo → Chirundu,627,2026-05-09,4.0,17.8,245.27,1.65,404.7,701.1,145.82,47.27,120.74,38.87,757.4,-56.3,11.9,11.7,2.3,False,0,Good,0.0,Rain,0.65,0.64,1,Chirundu Border Post
TRP00819,TRK011,DRV014,Harare,Chirundu,Harare → Chirundu,335,2025-12-29,12.0,61.9,136.38,1.74,237.3,471.4,84.61,62.65,58.02,21.27,463.85,7.55,9.0,8.9,3.3,False,0,Good,0.0,Clear,0.0,0.45,1,Chirundu Border Post
TRP00820,TRK003,DRV028,Harare,Beitbridge,Harare → Beitbridge,582,2025-11-01,17.7,77.0,258.98,1.5,388.47,816.81,143.9,32.27,98.41,32.59,695.64,121.17,15.6,17.7,4.0,True,119,Poor,0.92,Rain,0.65,0.65,1,Beitbridge Border Post
TRP00821,TRK013,DRV041,Mutare,Beitbridge,Mutare → Beitbridge,630,2025-12-06,9.2,40.0,229.44,1.67,383.16,746.53,159.7,57.25,115.94,37.17,753.22,-6.69,14.0,16.7,3.5,True,149,Fair,0.35,Clear,0.0,0.7,1,Beitbridge Border Post
TRP00822,TRK017,DRV021,Masvingo,Chirundu,Masvingo → Chirundu,627,2025-10-26,21.2,80.6,192.07,1.71,328.44,967.36,160.02,63.16,125.56,34.17,711.35,256.01,14.2,15.4,3.5,True,69,Fair,0.35,Clear,0.0,0.64,1,Chirundu Border Post
TRP00823,TRK025,DRV036,Harare,Gweru,Harare → Gweru,275,2026-04-13,10.1,45.5,109.04,1.61,175.55,408.27,77.66,11.9,54.86,18.29,338.26,70.01,6.7,6.6,2.1,False,0,Fair,0.35,Clear,0.0,0.25,0,None
TRP00824,TRK021,DRV018,Gweru,Chirundu,Gweru → Chirundu,610,2026-06-15,15.6,67.2,214.36,1.7,364.41,758.52,156.26,58.19,114.07,39.65,732.58,25.94,14.4,17.4,3.1,True,177,Fair,0.35,Clear,0.0,0.62,1,Chirundu Border Post
TRP00825,TRK001,DRV045,Mutare,Chirundu,Mutare → Chirundu,598,2026-08-07,11.2,53.6,258.51,1.65,426.54,807.79,148.31,35.02,116.0,40.66,766.53,41.26,14.0,13.7,3.8,False,0,Fair,0.35,Cloudy,0.25,0.68,1,Chirundu Border Post
TRP00826,TRK034,DRV027,Masvingo,Beitbridge,Masvingo → Beitbridge,215,2025-11-18,14.7,55.3,73.91,1.63,120.47,302.71,61.65,50.66,35.56,12.68,281.02,21.69,7.1,7.0,3.7,False,0,Good,0.0,Clear,0.0,0.58,1,Beitbridge Border Post
TRP00827,TRK010,DRV010,Mutare,Beitbridge,Mutare → Beitbridge,630,2026-07-09,11.1,49.3,231.37,1.62,374.82,945.18,150.74,75.04,110.91,39.06,750.57,194.61,13.5,13.5,3.3,False,0,Good,0.0,Clear,0.0,0.7,1,Beitbridge Border Post
TRP00828,TRK007,DRV007,Masvingo,Beitbridge,Masvingo → Beitbridge,215,2026-07-07,20.5,82.7,77.97,1.67,130.21,308.0,52.99,36.5,40.57,12.04,272.31,35.69,6.6,6.7,3.0,False,0,Poor,0.8,Clear,0.0,0.58,1,Beitbridge Border Post
TRP00829,TRK019,DRV035,Harare,Masvingo,Harare → Masvingo,292,2026-03-17,15.8,57.0,92.93,1.81,168.2,355.56,80.76,10.9,54.7,16.79,331.35,24.21,8.7,8.6,3.5,False,0,Good,0.0,Clear,0.0,0.25,0,None
TRP00830,TRK017,DRV025,Mutare,Beitbridge,Mutare → Beitbridge,630,2026-08-23,17.5,66.5,187.64,1.7,318.99,889.2,161.55,68.65,103.95,34.34,687.48,201.72,14.1,14.1,3.3,False,0,Good,0.0,Clear,0.0,0.7,1,Beitbridge Border Post
TRP00831,TRK031,DRV003,Gweru,Masvingo,Gweru → Masvingo,160,2025-12-19,15.6,72.6,66.02,1.69,111.57,230.72,65.0,2.21,30.44,10.4,219.62,11.1,6.3,6.8,3.2,True,38,Fair,0.35,Cloudy,0.25,0.25,0,None
TRP00832,TRK026,DRV010,Bulawayo,Masvingo,Bulawayo → Masvingo,260,2026-08-04,12.5,44.3,95.71,1.65,157.92,374.72,73.1,21.73,43.12,16.51,312.38,62.34,7.9,7.8,3.6,False,0,Fair,0.35,Rain,0.65,0.25,0,None
TRP00833,TRK026,DRV003,Masvingo,Chirundu,Masvingo → Chirundu,627,2026-04-12,16.7,59.2,256.2,1.75,448.35,871.7,157.43,61.42,111.31,39.81,818.32,53.38,14.9,16.8,3.4,True,111,Poor,0.8,Rain,0.65,0.64,1,Chirundu Border Post
TRP00834,TRK016,DRV004,Bulawayo,Chirundu,Bulawayo → Chirundu,775,2026-05-23,15.5,58.9,251.1,1.69,424.36,1100.47,198.34,23.11,138.99,43.4,828.2,272.27,16.0,17.9,3.7,True,125,Poor,0.8,Clear,0.0,0.72,1,Chirundu Border Post
TRP00835,TRK024,DRV002,Bulawayo,Masvingo,Bulawayo → Masvingo,260,2026-03-13,17.2,69.9,84.92,1.67,141.82,391.42,64.36,6.74,45.84,14.17,272.93,118.49,7.7,7.4,3.3,False,0,Fair,0.35,Clear,0.0,0.25,0,None
TRP00836,TRK020,DRV018,Bulawayo,Beitbridge,Bulawayo → Beitbridge,270,2026-05-31,14.5,53.3,85.69,1.57,134.53,311.38,77.95,37.72,51.48,15.93,317.61,-6.23,8.0,10.8,3.6,True,172,Poor,0.8,Clear,0.0,0.55,1,Beitbridge Border Post
TRP00837,TRK015,DRV009,Harare,Masvingo,Harare → Masvingo,292,2026-02-22,16.3,64.9,111.67,1.6,178.67,363.78,72.75,25.49,56.57,17.67,351.15,12.63,8.1,8.1,3.5,False,0,Fair,0.35,Cloudy,0.25,0.25,0,None
TRP00838,TRK021,DRV018,Mutare,Chirundu,Mutare → Chirundu,598,2026-04-23,14.7,63.4,228.23,1.64,374.3,875.01,146.06,70.08,98.68,38.87,727.99,147.02,13.6,13.7,3.1,False,0,Good,0.0,Cloudy,0.25,0.68,1,Chirundu Border Post
TRP00839,TRK006,DRV013,Masvingo,Chirundu,Masvingo → Chirundu,627,2026-05-06,13.3,49.6,209.02,1.63,340.7,847.98,151.5,26.56,116.24,39.81,674.81,173.17,14.3,14.2,4.0,False,0,Good,0.0,Clear,0.0,0.64,1,Chirundu Border Post
TRP00840,TRK027,DRV032,Bulawayo,Mutare,Bulawayo → Mutare,500,2026-06-13,24.1,90.9,163.07,1.78,290.26,650.67,125.64,25.71,98.09,27.25,566.95,83.72,13.8,13.9,4.6,False,0,Fair,0.35,Clear,0.0,0.25,0,None
TRP00841,TRK004,DRV033,Mutare,Gweru,Mutare → Gweru,365,2025-12-12,24.6,95.0,140.04,1.64,229.67,530.64,91.94,4.59,62.31,21.54,410.05,120.59,12.3,15.0,4.2,True,165,Poor,0.92,Clear,0.0,0.25,0,None
TRP00842,TRK020,DRV033,Harare,Gweru,Harare → Gweru,275,2026-04-16,17.3,63.6,92.39,1.69,156.14,430.77,78.15,18.38,53.41,16.22,322.3,108.47,10.0,10.0,5.0,False,0,Fair,0.35,Cloudy,0.25,0.25,0,None
TRP00843,TRK034,DRV037,Harare,Beitbridge,Harare → Beitbridge,582,2025-10-06,20.2,75.9,234.97,1.72,404.15,913.98,141.8,63.81,117.06,34.34,761.16,152.82,15.4,17.0,3.2,True,110,Poor,0.8,Clear,0.0,0.65,1,Beitbridge Border Post
TRP00844,TRK013,DRV013,Harare,Chirundu,Harare → Chirundu,335,2025-10-21,12.2,53.0,124.85,1.6,199.76,416.33,88.54,79.6,56.61,19.77,444.28,-27.95,7.7,9.0,2.3,True,80,Fair,0.35,Rain,0.65,0.45,1,Chirundu Border Post
TRP00845,TRK003,DRV030,Bulawayo,Gweru,Bulawayo → Gweru,165,2025-10-17,12.2,53.0,58.92,1.67,98.4,210.83,49.29,19.3,31.98,9.24,208.21,2.62,7.6,7.6,4.3,False,0,Fair,0.35,Cloudy,0.25,0.25,0,None
TRP00846,TRK013,DRV018,Mutare,Gweru,Mutare → Gweru,365,2026-03-29,17.8,77.4,140.93,1.81,255.08,479.46,96.46,18.12,65.47,21.54,456.67,22.79,10.8,10.8,4.3,False,0,Fair,0.35,Clear,0.0,0.25,0,None
TRP00847,TRK033,DRV026,Mutare,Chirundu,Mutare → Chirundu,598,2026-08-13,8.5,37.8,246.11,1.71,420.85,755.61,143.42,35.0,112.31,39.77,751.35,4.26,12.0,12.1,2.9,False,0,Good,0.0,Clear,0.0,0.68,1,Chirundu Border Post
TRP00848,TRK002,DRV016,Harare,Masvingo,Harare → Masvingo,292,2026-03-31,14.3,61.1,106.41,1.56,166.0,346.33,92.75,19.72,55.32,18.1,351.89,-5.56,9.1,9.2,4.1,False,0,Good,0.0,Clear,0.0,0.25,0,None
TRP00849,TRK029,DRV012,Gweru,Masvingo,Gweru → Masvingo,160,2026-05-22,18.6,79.5,61.38,1.68,103.12,204.2,50.23,6.49,31.64,10.16,201.64,2.56,6.7,6.7,3.6,False,0,Good,0.0,Clear,0.0,0.25,0,None
TRP00850,TRK023,DRV023,Masvingo,Beitbridge,Masvingo → Beitbridge,215,2025-12-14,9.9,36.7,68.5,1.7,116.45,260.79,67.08,44.22,35.24,12.36,275.35,-14.56,5.8,5.8,2.3,False,0,Fair,0.35,Rain,0.65,0.58,1,Beitbridge Border Post
TRP00851,TRK006,DRV019,Bulawayo,Masvingo,Bulawayo → Masvingo,260,2025-10-06,25.4,94.8,103.1,1.62,167.02,377.51,72.71,9.33,46.05,16.51,311.62,65.89,9.2,9.0,4.1,False,0,Good,0.0,Rain,0.65,0.25,0,None
TRP00852,TRK004,DRV011,Mutare,Masvingo,Mutare → Masvingo,380,2026-07-11,18.4,71.0,136.06,1.65,224.5,594.19,106.57,27.36,69.59,22.42,450.44,143.75,10.5,12.4,4.0,True,119,Fair,0.35,Clear,0.0,0.25,0,None
TRP00853,TRK015,DRV042,Bulawayo,Mutare,Bulawayo → Mutare,500,2026-01-15,10.7,42.6,172.73,1.8,310.91,696.43,129.92,25.49,81.17,30.25,577.74,118.69,11.0,11.1,3.1,False,0,Good,0.0,Clear,0.0,0.25,0,None
TRP00854,TRK018,DRV042,Bulawayo,Mutare,Bulawayo → Mutare,500,2026-04-19,13.5,48.9,171.34,1.88,322.12,699.18,118.08,16.59,97.53,31.75,586.07,113.11,11.3,11.4,3.6,False,0,Good,0.0,Cloudy,0.25,0.25,0,None
TRP00855,TRK002,DRV044,Gweru,Beitbridge,Gweru → Beitbridge,375,2025-09-26,17.2,73.5,143.59,1.71,245.54,453.87,101.16,56.76,68.45,23.25,495.16,-41.29,10.2,12.7,3.8,True,142,Fair,0.35,Cloudy,0.25,0.52,1,Beitbridge Border Post
TRP00856,TRK009,DRV042,Gweru,Masvingo,Gweru → Masvingo,160,2025-12-19,14.4,69.9,66.61,1.64,109.24,182.77,48.4,4.99,31.78,10.16,204.57,-21.8,6.7,6.8,4.0,False,0,Good,0.0,Clear,0.0,0.25,0,None
TRP00857,TRK001,DRV015,Masvingo,Chirundu,Masvingo → Chirundu,627,2026-01-29,12.7,60.8,284.35,1.61,457.8,750.86,161.02,34.25,104.62,42.64,800.33,-49.47,15.5,15.3,3.8,False,0,Fair,0.35,Cloudy,0.25,0.64,1,Chirundu Border Post
TRP00858,TRK020,DRV042,Masvingo,Chirundu,Masvingo → Chirundu,627,2026-02-09,20.1,73.9,223.58,1.95,435.98,1002.79,159.14,50.23,101.84,36.99,784.18,218.61,18.0,18.1,4.2,False,0,Poor,0.92,Clear,0.0,0.64,1,Chirundu Border Post
TRP00859,TRK025,DRV023,Mutare,Beitbridge,Mutare → Beitbridge,630,2026-05-15,14.6,65.8,254.17,1.75,444.8,780.22,147.96,62.75,114.57,41.9,811.98,-31.76,14.7,14.8,3.4,False,0,Fair,0.35,Clear,0.0,0.7,1,Beitbridge Border Post
TRP00860,TRK014,DRV030,Bulawayo,Masvingo,Bulawayo → Masvingo,260,2026-02-23,27.3,95.1,94.06,1.76,165.55,406.48,71.75,7.58,45.49,14.95,305.32,101.16,9.6,9.8,5.0,False,0,Good,0.0,Rain,0.65,0.25,0,None
TRP00861,TRK026,DRV038,Gweru,Beitbridge,Gweru → Beitbridge,375,2025-11-13,16.3,57.8,127.12,1.52,193.22,530.02,100.6,25.74,75.18,23.81,418.55,111.47,8.7,8.8,2.5,False,0,Good,0.0,Clear,0.0,0.52,1,Beitbridge Border Post
TRP00862,TRK033,DRV043,Harare,Bulawayo,Harare → Bulawayo,440,2026-04-01,17.2,76.4,187.54,1.71,320.69,553.23,111.64,8.74,76.24,29.26,546.57,6.66,10.4,10.6,3.6,False,0,Good,0.0,Clear,0.0,0.25,0,None
TRP00863,TRK019,DRV020,Gweru,Chirundu,Gweru → Chirundu,610,2026-09-07,21.0,75.8,203.62,1.69,344.12,819.45,152.44,69.14,104.64,35.07,705.41,114.04,15.2,15.0,3.8,False,0,Good,0.0,Cloudy,0.25,0.62,1,Chirundu Border Post
TRP00864,TRK031,DRV005,Harare,Masvingo,Harare → Masvingo,292,2026-03-13,14.7,68.4,127.12,1.85,235.17,392.65,70.45,4.03,52.47,18.98,381.1,11.55,9.8,9.9,4.0,False,0,Poor,0.92,Clear,0.0,0.25,0,None
TRP00865,TRK021,DRV018,Bulawayo,Masvingo,Bulawayo → Masvingo,260,2026-02-02,11.6,50.0,93.22,1.73,161.27,329.37,86.33,5.39,47.61,16.9,317.5,11.87,9.3,10.1,4.6,True,49,Fair,0.35,Cloudy,0.25,0.25,0,None
TRP00866,TRK020,DRV013,Beitbridge,Chirundu,Beitbridge → Chirundu,830,2025-12-07,23.3,85.7,293.17,1.6,469.07,1059.94,197.58,36.86,134.85,48.97,887.33,172.61,19.8,21.3,5.1,True,105,Fair,0.35,Clear,0.0,0.78,1,Chirundu Border Post
TRP00867,TRK016,DRV004,Gweru,Beitbridge,Gweru → Beitbridge,375,2026-07-26,24.8,94.3,125.38,1.6,200.61,523.83,100.06,40.8,66.24,21.0,428.71,95.12,10.7,10.9,4.7,False,0,Good,0.0,Clear,0.0,0.52,1,Beitbridge Border Post
TRP00868,TRK021,DRV044,Mutare,Masvingo,Mutare → Masvingo,380,2025-12-02,15.5,66.8,158.68,1.6,253.89,553.63,104.25,6.08,62.11,24.7,451.03,102.6,11.6,11.6,4.3,False,0,Poor,0.92,Clear,0.0,0.25,0,None
TRP00869,TRK032,DRV019,Harare,Bulawayo,Harare → Bulawayo,440,2026-02-01,14.3,78.1,185.04,1.61,297.91,595.62,110.74,4.85,87.58,27.94,529.02,66.6,11.0,10.7,3.8,False,0,Good,0.0,Clear,0.0,0.25,0,None
TRP00870,TRK026,DRV025,Mutare,Beitbridge,Mutare → Beitbridge,630,2025-10-10,26.8,95.0,231.73,1.74,403.21,887.24,144.48,32.87,105.28,40.01,725.85,161.39,14.8,17.1,4.4,True,135,Good,0.0,Clear,0.0,0.7,1,Beitbridge Border Post
TRP00871,TRK013,DRV022,Masvingo,Beitbridge,Masvingo → Beitbridge,215,2026-09-22,15.4,67.0,83.46,1.78,148.56,257.68,52.91,73.8,40.13,12.68,328.08,-70.4,8.1,7.9,4.0,False,0,Fair,0.35,Cloudy,0.25,0.58,1,Beitbridge Border Post
TRP00872,TRK035,DRV041,Bulawayo,Gweru,Bulawayo → Gweru,165,2026-05-23,13.3,63.6,65.73,1.56,102.54,230.11,54.1,28.86,31.34,10.23,227.07,3.04,7.0,6.7,4.1,False,0,Good,0.0,Cloudy,0.25,0.25,0,None
TRP00873,TRK033,DRV020,Mutare,Gweru,Mutare → Gweru,365,2025-12-18,15.7,69.8,145.05,1.68,243.68,481.38,110.62,29.15,71.9,24.27,479.62,1.76,10.4,10.4,3.6,False,0,Fair,0.35,Clear,0.0,0.25,0,None
TRP00874,TRK012,DRV019,Gweru,Chirundu,Gweru → Chirundu,610,2025-11-10,12.5,47.3,200.01,1.8,360.02,740.6,145.94,51.49,120.74,33.25,711.44,29.16,12.9,12.9,3.0,False,0,Good,0.0,Clear,0.0,0.62,1,Chirundu Border Post
TRP00875,TRK009,DRV017,Gweru,Masvingo,Gweru → Masvingo,160,2026-07-05,16.3,79.1,67.95,1.55,105.32,234.23,49.26,6.76,26.76,10.16,198.26,35.97,6.5,6.6,3.8,False,0,Good,0.0,Cloudy,0.25,0.25,0,None
TRP00876,TRK022,DRV042,Harare,Chirundu,Harare → Chirundu,335,2025-11-06,18.1,75.4,118.37,1.78,210.7,491.16,84.86,29.0,62.68,18.76,406.0,85.16,9.2,8.9,3.7,False,0,Good,0.0,Clear,0.0,0.45,1,Chirundu Border Post
TRP00877,TRK023,DRV015,Bulawayo,Gweru,Bulawayo → Gweru,165,2026-02-26,10.7,39.6,48.99,1.78,87.2,233.9,45.28,24.2,30.99,9.49,197.16,36.74,5.7,5.9,3.1,False,0,Good,0.0,Clear,0.0,0.25,0,None
TRP00878,TRK022,DRV024,Mutare,Beitbridge,Mutare → Beitbridge,630,2026-02-02,19.4,80.8,257.2,1.54,396.09,986.84,154.77,46.16,125.58,35.28,757.88,228.96,16.3,18.1,3.7,True,93,Fair,0.35,Rain,0.65,0.7,1,Beitbridge Border Post
TRP00879,TRK019,DRV030,Masvingo,Beitbridge,Masvingo → Beitbridge,215,2025-11-21,21.5,77.6,76.71,1.86,142.68,276.16,59.17,20.66,42.92,12.36,277.79,-1.63,7.3,8.5,3.0,True,71,Fair,0.35,Rain,0.65,0.58,1,Beitbridge Border Post
TRP00880,TRK004,DRV041,Gweru,Masvingo,Gweru → Masvingo,160,2026-07-17,24.6,95.0,62.0,1.87,115.94,214.09,52.01,20.44,28.21,9.44,226.04,-11.95,7.2,7.3,4.2,False,0,Fair,0.35,Clear,0.0,0.25,0,None
TRP00881,TRK005,DRV031,Masvingo,Beitbridge,Masvingo → Beitbridge,215,2025-12-30,11.1,47.0,80.62,1.6,128.99,239.31,64.52,45.02,40.59,12.36,291.48,-52.17,6.8,6.7,3.2,False,0,Fair,0.35,Clear,0.0,0.58,1,Beitbridge Border Post
TRP00882,TRK008,DRV044,Gweru,Beitbridge,Gweru → Beitbridge,375,2026-04-05,10.4,43.7,137.19,1.9,260.66,533.13,101.85,64.67,62.93,24.38,514.49,18.64,9.0,8.8,3.3,False,0,Fair,0.35,Clear,0.0,0.52,1,Beitbridge Border Post
TRP00883,TRK020,DRV027,Gweru,Beitbridge,Gweru → Beitbridge,375,2025-10-19,24.6,90.4,123.78,1.57,194.33,618.11,98.4,50.22,65.47,22.12,430.54,187.57,10.5,10.5,4.2,False,0,Good,0.0,Clear,0.0,0.52,1,Beitbridge Border Post
TRP00884,TRK009,DRV013,Harare,Beitbridge,Harare → Beitbridge,582,2026-03-16,13.8,67.0,259.61,1.64,425.76,821.16,132.38,56.58,99.19,36.96,750.87,70.29,14.0,14.0,2.9,False,0,Fair,0.35,Cloudy,0.25,0.65,1,Beitbridge Border Post
TRP00885,TRK030,DRV010,Mutare,Beitbridge,Mutare → Beitbridge,630,2026-03-02,12.9,62.9,269.52,1.8,485.14,741.09,149.69,48.29,102.07,39.06,824.25,-83.16,13.3,15.2,3.5,True,108,Good,0.0,Clear,0.0,0.7,1,Beitbridge Border Post
TRP00886,TRK006,DRV032,Harare,Chirundu,Harare → Chirundu,335,2026-03-11,17.6,65.7,122.8,1.71,209.99,453.74,93.89,62.1,61.81,21.27,449.06,4.68,9.9,9.8,4.0,False,0,Fair,0.35,Clear,0.0,0.45,1,Chirundu Border Post
TRP00887,TRK012,DRV021,Beitbridge,Chirundu,Beitbridge → Chirundu,830,2026-08-12,17.8,67.4,321.64,1.64,527.49,1177.4,191.2,53.73,157.25,45.24,974.91,202.49,18.9,19.9,2.5,True,59,Poor,0.8,Rain,0.65,0.78,1,Chirundu Border Post
TRP00888,TRK001,DRV029,Harare,Mutare,Harare → Mutare,263,2026-02-09,14.6,69.9,117.9,1.8,212.22,382.3,63.67,22.14,43.38,17.88,359.29,23.01,8.7,8.9,4.3,False,0,Good,0.0,Cloudy,0.25,0.25,0,None
TRP00889,TRK011,DRV037,Bulawayo,Mutare,Bulawayo → Mutare,500,2025-12-12,11.6,59.8,205.6,1.73,355.69,608.11,119.92,5.31,88.12,31.75,600.79,7.32,12.3,12.3,4.4,False,0,Good,0.0,Cloudy,0.25,0.25,0,None
TRP00890,TRK006,DRV009,Gweru,Masvingo,Gweru → Masvingo,160,2026-08-02,17.5,65.3,56.06,1.87,104.83,190.87,49.23,1.13,31.82,10.16,197.17,-6.3,7.1,7.2,4.1,False,0,Fair,0.35,Clear,0.0,0.25,0,None
TRP00891,TRK028,DRV026,Mutare,Beitbridge,Mutare → Beitbridge,630,2026-04-29,13.4,57.0,250.55,1.81,453.5,811.42,150.87,70.2,126.17,38.12,838.86,-27.44,15.3,16.0,3.1,True,40,Poor,0.8,Clear,0.0,0.7,1,Beitbridge Border Post
TRP00892,TRK025,DRV001,Gweru,Masvingo,Gweru → Masvingo,160,2025-10-11,14.5,65.3,64.0,1.77,113.28,197.83,46.46,25.55,29.75,10.64,225.68,-27.85,5.5,5.6,2.8,False,0,Fair,0.35,Clear,0.0,0.25,0,None
TRP00893,TRK013,DRV024,Gweru,Chirundu,Gweru → Chirundu,610,2025-09-29,13.5,58.7,243.71,1.85,450.86,861.05,141.04,46.29,121.9,35.99,796.08,64.97,13.4,16.5,3.0,True,163,Poor,0.8,Cloudy,0.25,0.62,1,Chirundu Border Post
TRP00894,TRK034,DRV013,Bulawayo,Chirundu,Bulawayo → Chirundu,775,2025-10-01,15.4,57.9,281.58,1.7,478.69,1169.06,179.26,23.67,145.98,45.72,873.32,295.74,18.1,19.0,3.8,True,53,Fair,0.35,Cloudy,0.25,0.72,1,Chirundu Border Post
TRP00895,TRK016,DRV015,Harare,Bulawayo,Harare → Bulawayo,440,2026-09-12,19.9,75.7,128.06,1.76,225.39,642.84,112.57,3.69,83.53,24.64,449.82,193.02,11.5,11.4,3.4,False,0,Fair,0.35,Clear,0.0,0.25,0,None
TRP00896,TRK020,DRV009,Mutare,Gweru,Mutare → Gweru,365,2025-11-13,19.6,72.1,109.67,1.61,176.57,490.74,95.98,29.23,65.16,21.54,388.48,102.26,11.3,11.6,4.0,False,0,Fair,0.35,Clear,0.0,0.25,0,None
TRP00897,TRK033,DRV038,Mutare,Masvingo,Mutare → Masvingo,380,2026-02-25,21.4,95.1,162.19,1.54,249.77,492.69,92.21,26.66,67.4,25.27,461.31,31.38,10.9,11.8,4.4,True,72,Fair,0.35,Clear,0.0,0.25,0,None
TRP00898,TRK005,DRV003,Harare,Chirundu,Harare → Chirundu,335,2026-02-21,14.6,61.9,119.0,1.83,217.77,426.75,83.57,66.32,67.21,19.26,454.13,-27.38,9.6,9.5,4.0,False,0,Good,0.0,Clear,0.0,0.45,1,Chirundu Border Post
TRP00899,TRK030,DRV034,Bulawayo,Beitbridge,Bulawayo → Beitbridge,270,2026-07-24,15.3,74.6,115.18,1.58,181.98,404.95,73.65,49.53,49.73,16.74,371.63,33.32,7.5,7.8,2.8,False,0,Good,0.0,Cloudy,0.25,0.55,1,Beitbridge Border Post
TRP00900,TRK022,DRV028,Gweru,Beitbridge,Gweru → Beitbridge,375,2026-09-08,14.1,58.8,128.51,1.94,249.31,457.39,101.5,24.63,64.0,21.0,460.44,-3.05,9.9,9.8,3.9,False,0,Good,0.0,Clear,0.0,0.52,1,Beitbridge Border Post
TRP00901,TRK022,DRV032,Harare,Beitbridge,Harare → Beitbridge,582,2026-03-24,14.5,60.4,231.97,1.86,431.46,841.96,145.22,53.93,100.16,32.59,763.36,78.6,14.1,15.8,3.9,True,110,Fair,0.35,Rain,0.65,0.65,1,Beitbridge Border Post
TRP00902,TRK011,DRV026,Bulawayo,Mutare,Bulawayo → Mutare,500,2025-10-01,14.0,72.2,216.22,1.8,389.2,633.25,124.02,18.04,83.83,31.75,646.84,-13.59,12.1,12.2,3.9,False,0,Good,0.0,Clear,0.0,0.25,0,None
TRP00903,TRK015,DRV009,Bulawayo,Gweru,Bulawayo → Gweru,165,2026-01-08,19.4,77.3,64.6,1.8,116.28,200.46,52.72,27.01,31.99,9.98,237.98,-37.52,6.3,6.5,3.5,False,0,Fair,0.35,Clear,0.0,0.25,0,None
TRP00904,TRK033,DRV011,Harare,Bulawayo,Harare → Bulawayo,440,2025-11-24,12.5,55.6,174.82,1.55,270.97,615.79,109.44,8.01,80.11,29.26,497.79,118.0,10.0,9.9,3.0,False,0,Good,0.0,Cloudy,0.25,0.25,0,None
TRP00905,TRK003,DRV025,Mutare,Gweru,Mutare → Gweru,365,2026-08-15,14.8,64.3,128.32,1.68,215.58,421.03,92.96,5.15,61.84,20.44,395.97,25.06,9.8,9.5,3.6,False,0,Good,0.0,Clear,0.0,0.25,0,None
TRP00906,TRK035,DRV040,Bulawayo,Masvingo,Bulawayo → Masvingo,260,2025-10-16,13.0,62.2,110.87,1.75,194.02,358.92,71.81,18.79,45.03,16.12,345.77,13.15,8.4,8.5,3.5,False,0,Fair,0.35,Cloudy,0.25,0.25,0,None
TRP00907,TRK004,DRV043,Masvingo,Chirundu,Masvingo → Chirundu,627,2025-11-16,24.6,95.0,239.94,1.64,393.5,887.62,148.46,57.13,115.1,36.99,751.18,136.44,14.7,14.6,4.1,False,0,Good,0.0,Clear,0.0,0.64,1,Chirundu Border Post
TRP00908,TRK002,DRV004,Beitbridge,Chirundu,Beitbridge → Chirundu,830,2026-09-10,14.3,61.1,337.06,1.64,552.78,1220.89,191.46,42.32,160.1,51.46,998.12,222.77,17.5,18.2,2.2,True,42,Poor,0.8,Clear,0.0,0.78,1,Chirundu Border Post
TRP00909,TRK027,DRV029,Harare,Masvingo,Harare → Masvingo,292,2026-04-04,20.1,75.8,91.94,1.72,158.14,440.11,79.28,25.86,51.74,15.91,330.93,109.18,9.7,9.7,4.0,False,0,Fair,0.35,Clear,0.0,0.25,0,None
TRP00910,TRK017,DRV031,Harare,Masvingo,Harare → Masvingo,292,2026-09-16,17.0,64.6,89.91,1.59,142.96,390.57,83.31,14.52,52.32,15.91,309.02,81.55,9.2,9.4,3.9,False,0,Good,0.0,Cloudy,0.25,0.25,0,None
TRP00911,TRK014,DRV045,Harare,Beitbridge,Harare → Beitbridge,582,2026-09-08,16.3,56.8,200.36,1.77,354.64,832.57,142.78,24.16,117.18,33.46,672.22,160.35,12.7,12.7,3.6,False,0,Good,0.0,Clear,0.0,0.65,1,Beitbridge Border Post
TRP00912,TRK001,DRV020,Beitbridge,Chirundu,Beitbridge → Chirundu,830,2026-04-25,14.7,70.3,347.19,1.79,621.47,1070.05,200.47,59.63,159.81,56.44,1097.82,-27.77,19.1,19.3,3.7,False,0,Fair,0.35,Cloudy,0.25,0.78,1,Chirundu Border Post
TRP00913,TRK034,DRV018,Harare,Masvingo,Harare → Masvingo,292,2026-08-06,25.3,95.1,111.74,1.58,176.55,376.12,77.89,23.46,53.66,17.23,348.79,27.33,10.0,9.8,4.7,False,0,Fair,0.35,Cloudy,0.25,0.25,0,None
TRP00914,TRK009,DRV027,Masvingo,Chirundu,Masvingo → Chirundu,627,2025-11-14,12.4,60.2,273.88,1.68,460.12,948.88,149.25,64.97,102.05,39.81,816.2,132.68,15.9,17.4,3.9,True,78,Poor,0.92,Clear,0.0,0.64,1,Chirundu Border Post
TRP00915,TRK008,DRV019,Gweru,Beitbridge,Gweru → Beitbridge,375,2025-11-19,20.6,86.6,144.41,1.66,239.72,565.98,99.97,40.68,71.4,24.38,476.15,89.83,10.6,12.7,3.9,True,126,Good,0.0,Cloudy,0.25,0.52,1,Beitbridge Border Post
TRP00916,TRK032,DRV013,Harare,Masvingo,Harare → Masvingo,292,2026-07-30,14.5,79.2,136.56,1.69,230.79,391.59,75.21,23.19,50.12,18.54,397.85,-6.26,9.8,9.8,4.4,False,0,Fair,0.35,Rain,0.65,0.25,0,None
TRP00917,TRK017,DRV034,Bulawayo,Mutare,Bulawayo → Mutare,500,2026-01-03,23.7,90.1,161.24,1.68,270.88,826.25,127.42,23.08,99.21,27.25,547.84,278.41,12.1,12.0,3.4,False,0,Fair,0.35,Clear,0.0,0.25,0,None
TRP00918,TRK027,DRV019,Mutare,Gweru,Mutare → Gweru,365,2025-12-13,17.4,65.7,111.25,1.64,182.45,457.69,95.12,12.92,61.65,19.89,372.03,85.66,10.3,10.4,4.3,False,0,Fair,0.35,Cloudy,0.25,0.25,0,None
TRP00919,TRK032,DRV014,Harare,Mutare,Harare → Mutare,263,2026-09-09,16.2,88.5,105.28,1.85,194.77,396.31,75.56,23.21,46.99,16.7,357.23,39.08,9.3,9.3,4.7,False,0,Good,0.0,Clear,0.0,0.25,0,None
TRP00920,TRK022,DRV016,Gweru,Masvingo,Gweru → Masvingo,160,2025-09-23,17.3,72.1,57.96,1.76,102.01,234.17,58.16,29.16,26.8,8.96,225.09,9.08,6.3,6.5,3.5,False,0,Good,0.0,Rain,0.65,0.25,0,None
TRP00921,TRK006,DRV008,Harare,Bulawayo,Harare → Bulawayo,440,2026-07-12,15.8,59.0,143.18,1.9,272.04,550.97,109.12,2.12,86.92,27.94,498.14,52.83,10.1,9.8,3.0,False,0,Good,0.0,Clear,0.0,0.25,0,None
TRP00922,TRK010,DRV006,Gweru,Masvingo,Gweru → Masvingo,160,2026-06-10,7.6,33.8,65.37,1.88,122.9,220.36,44.1,5.83,31.49,9.92,214.24,6.12,5.8,5.6,2.9,False,0,Fair,0.35,Clear,0.0,0.25,0,None
TRP00923,TRK007,DRV017,Harare,Gweru,Harare → Gweru,275,2026-08-17,16.9,68.1,99.37,1.76,174.89,377.91,78.67,27.23,50.85,15.4,347.04,30.87,9.6,9.5,4.6,False,0,Good,0.0,Rain,0.65,0.25,0,None
TRP00924,TRK030,DRV019,Bulawayo,Gweru,Bulawayo → Gweru,165,2026-02-04,17.3,84.4,65.09,1.66,108.05,214.22,43.1,19.03,30.89,10.23,211.3,2.92,5.9,5.8,3.3,False,0,Good,0.0,Clear,0.0,0.25,0,None
TRP00925,TRK004,DRV007,Mutare,Chirundu,Mutare → Chirundu,598,2025-12-20,21.4,82.6,232.68,1.78,414.17,983.02,146.9,39.27,108.67,35.28,744.29,238.73,16.3,18.3,4.5,True,115,Fair,0.35,Rain,0.65,0.68,1,Chirundu Border Post
TRP00926,TRK019,DRV024,Harare,Mutare,Harare → Mutare,263,2026-09-03,14.7,53.1,81.98,1.68,137.73,338.13,74.37,20.94,50.51,15.12,298.67,39.46,7.7,7.7,3.2,False,0,Fair,0.35,Clear,0.0,0.25,0,None
TRP00927,TRK028,DRV008,Bulawayo,Chirundu,Bulawayo → Chirundu,775,2025-11-09,19.2,81.7,310.31,1.56,484.08,1131.86,188.48,21.81,131.07,46.89,872.33,259.53,20.3,19.9,4.7,False,0,Fair,0.35,Cloudy,0.25,0.72,1,Chirundu Border Post
TRP00928,TRK001,DRV009,Harare,Mutare,Harare → Mutare,263,2026-08-27,18.1,86.6,113.96,1.64,186.89,364.99,72.86,2.91,47.07,17.88,327.61,37.38,8.2,8.4,3.5,False,0,Good,0.0,Rain,0.65,0.25,0,None
TRP00929,TRK011,DRV022,Beitbridge,Chirundu,Beitbridge → Chirundu,830,2026-03-24,7.9,40.7,336.39,1.66,558.41,1180.75,188.97,79.14,163.21,52.7,1042.43,138.32,17.4,20.0,2.7,True,155,Fair,0.35,Cloudy,0.25,0.78,1,Chirundu Border Post
TRP00930,TRK018,DRV006,Mutare,Chirundu,Mutare → Chirundu,598,2026-03-31,20.2,73.2,224.24,1.7,381.21,939.35,147.91,44.46,100.24,37.97,711.79,227.56,14.5,14.9,3.4,True,25,Fair,0.35,Cloudy,0.25,0.68,1,Chirundu Border Post
TRP00931,TRK012,DRV008,Bulawayo,Chirundu,Bulawayo → Chirundu,775,2026-04-15,16.3,61.7,283.27,1.82,515.55,1172.92,187.83,49.85,130.95,42.24,926.42,246.5,16.8,16.7,4.1,False,0,Fair,0.35,Cloudy,0.25,0.72,1,Chirundu Border Post
TRP00932,TRK030,DRV018,Mutare,Masvingo,Mutare → Masvingo,380,2026-04-07,16.6,81.0,165.19,1.69,279.17,487.42,96.29,5.08,76.41,23.56,480.51,6.91,10.7,10.9,4.1,False,0,Fair,0.35,Clear,0.0,0.25,0,None
TRP00933,TRK027,DRV042,Gweru,Masvingo,Gweru → Masvingo,160,2025-12-16,25.2,95.1,61.19,1.75,107.08,251.58,58.84,7.74,28.86,8.72,211.24,40.34,7.3,7.2,4.0,False,0,Poor,0.92,Rain,0.65,0.25,0,None
TRP00934,TRK009,DRV045,Harare,Masvingo,Harare → Masvingo,292,2025-10-22,19.0,92.2,128.83,1.72,221.59,450.54,77.62,15.49,53.05,18.54,386.29,64.25,9.4,9.5,4.0,False,0,Good,0.0,Clear,0.0,0.25,0,None
TRP00935,TRK007,DRV027,Harare,Chirundu,Harare → Chirundu,335,2026-07-21,10.1,40.7,112.42,1.66,186.62,455.34,94.16,70.38,60.7,18.76,430.62,24.72,9.0,9.1,3.4,False,0,Fair,0.35,Clear,0.0,0.45,1,Chirundu Border Post
TRP00936,TRK029,DRV012,Gweru,Masvingo,Gweru → Masvingo,160,2026-07-31,14.3,61.1,61.81,1.64,101.37,202.22,44.29,12.89,30.99,10.16,199.7,2.52,6.7,6.7,3.8,False,0,Good,0.0,Cloudy,0.25,0.25,0,None
TRP00937,TRK023,DRV040,Mutare,Masvingo,Mutare → Masvingo,380,2025-10-06,24.7,91.5,122.27,1.77,216.42,625.6,93.6,22.32,68.85,21.85,423.04,202.56,11.0,10.8,4.4,False,0,Fair,0.35,Clear,0.0,0.25,0,None
TRP00938,TRK031,DRV032,Harare,Beitbridge,Harare → Beitbridge,582,2025-11-18,20.4,94.9,256.57,1.86,477.22,743.92,144.26,68.98,106.34,37.83,834.63,-90.71,14.5,16.5,3.1,True,119,Fair,0.35,Cloudy,0.25,0.65,1,Beitbridge Border Post
TRP00939,TRK029,DRV003,Mutare,Beitbridge,Mutare → Beitbridge,630,2025-10-24,18.3,78.2,239.82,1.82,436.47,771.4,156.33,53.01,116.64,40.01,802.46,-31.06,14.5,14.3,3.8,False,0,Fair,0.35,Clear,0.0,0.7,1,Beitbridge Border Post
TRP00940,TRK021,DRV001,Bulawayo,Masvingo,Bulawayo → Masvingo,260,2026-09-17,15.0,64.7,102.43,1.66,170.03,375.21,68.62,2.15,49.78,16.9,307.48,67.73,7.5,7.4,3.1,False,0,Fair,0.35,Clear,0.0,0.25,0,None
TRP00941,TRK015,DRV043,Gweru,Beitbridge,Gweru → Beitbridge,375,2026-03-14,15.3,61.0,156.39,1.6,250.22,534.09,90.09,51.58,69.83,22.69,484.41,49.68,10.3,12.1,3.4,True,116,Poor,0.92,Cloudy,0.25,0.52,1,Beitbridge Border Post
TRP00942,TRK034,DRV045,Gweru,Beitbridge,Gweru → Beitbridge,375,2026-09-15,20.8,78.2,143.95,1.78,256.23,508.94,100.89,27.32,71.51,22.12,478.07,30.87,10.3,12.1,3.8,True,92,Fair,0.35,Cloudy,0.25,0.52,1,Beitbridge Border Post
TRP00943,TRK007,DRV028,Masvingo,Chirundu,Masvingo → Chirundu,627,2026-08-26,16.1,64.9,206.47,1.77,365.45,741.13,154.44,50.39,112.81,35.11,718.2,22.93,13.8,13.7,3.7,False,0,Fair,0.35,Clear,0.0,0.64,1,Chirundu Border Post
TRP00944,TRK031,DRV023,Bulawayo,Gweru,Bulawayo → Gweru,165,2026-08-27,17.1,79.5,63.57,1.74,110.61,240.43,58.29,11.73,31.71,10.72,223.06,17.37,7.4,7.6,4.6,False,0,Good,0.0,Clear,0.0,0.25,0,None
TRP00945,TRK025,DRV010,Beitbridge,Chirundu,Beitbridge → Chirundu,830,2026-07-04,14.6,65.8,385.12,1.69,650.85,1107.53,199.05,69.08,143.05,55.2,1117.23,-9.7,17.9,18.7,2.7,True,57,Poor,0.8,Cloudy,0.25,0.78,1,Chirundu Border Post
TRP00946,TRK004,DRV001,Masvingo,Chirundu,Masvingo → Chirundu,627,2026-08-17,22.6,87.3,216.17,1.88,406.4,1007.07,153.91,71.68,123.8,36.99,792.78,214.29,14.8,14.6,4.6,False,0,Good,0.0,Clear,0.0,0.64,1,Chirundu Border Post
TRP00947,TRK033,DRV031,Harare,Chirundu,Harare → Chirundu,335,2026-06-02,10.5,46.7,146.8,1.72,252.5,487.44,95.74,61.01,67.03,22.28,498.56,-11.12,8.7,9.0,3.1,False,0,Good,0.0,Cloudy,0.25,0.45,1,Chirundu Border Post
TRP00948,TRK005,DRV032,Harare,Chirundu,Harare → Chirundu,335,2026-03-05,13.3,56.4,122.92,1.86,228.63,445.11,77.1,23.97,63.26,19.26,412.22,32.89,9.1,9.1,3.5,False,0,Fair,0.35,Clear,0.0,0.45,1,Chirundu Border Post
TRP00949,TRK022,DRV018,Bulawayo,Gweru,Bulawayo → Gweru,165,2025-10-17,15.8,65.8,63.29,1.77,112.02,255.73,44.87,12.8,30.76,9.24,209.69,46.04,6.6,6.7,4.1,False,0,Good,0.0,Cloudy,0.25,0.25,0,None
TRP00950,TRK015,DRV036,Gweru,Beitbridge,Gweru → Beitbridge,375,2026-08-17,15.2,60.6,130.66,1.67,218.2,459.97,91.11,75.16,74.06,22.69,481.22,-21.25,9.4,9.3,3.5,False,0,Fair,0.35,Clear,0.0,0.52,1,Beitbridge Border Post
TRP00951,TRK026,DRV016,Mutare,Masvingo,Mutare → Masvingo,380,2025-11-01,10.9,38.7,123.52,1.82,224.81,478.95,102.2,19.79,75.54,24.13,446.47,32.48,9.1,9.4,3.1,False,0,Good,0.0,Clear,0.0,0.25,0,None
TRP00952,TRK029,DRV037,Mutare,Chirundu,Mutare → Chirundu,598,2026-05-09,10.9,46.6,207.35,1.66,344.2,713.34,146.42,76.3,105.49,37.97,710.38,2.96,12.1,12.3,3.0,False,0,Good,0.0,Cloudy,0.25,0.68,1,Chirundu Border Post
TRP00953,TRK032,DRV029,Harare,Gweru,Harare → Gweru,275,2026-03-02,13.2,72.1,124.54,1.66,206.74,335.64,72.81,28.9,52.06,17.46,377.97,-42.33,9.1,9.3,4.2,False,0,Good,0.0,Cloudy,0.25,0.25,0,None
TRP00954,TRK032,DRV042,Harare,Masvingo,Harare → Masvingo,292,2025-10-01,14.4,78.7,127.35,1.67,212.67,441.61,81.86,12.0,54.34,18.54,379.41,62.2,8.8,8.9,3.9,False,0,Good,0.0,Rain,0.65,0.25,0,None
TRP00955,TRK026,DRV027,Harare,Masvingo,Harare → Masvingo,292,2025-10-10,21.4,75.9,107.1,1.76,188.5,373.14,78.63,21.34,49.87,18.54,356.88,16.26,9.4,9.4,4.3,False,0,Good,0.0,Clear,0.0,0.25,0,None
TRP00956,TRK001,DRV006,Gweru,Chirundu,Gweru → Chirundu,610,2026-07-28,7.6,36.4,266.78,1.95,520.22,859.11,142.64,40.98,117.27,41.48,862.59,-3.48,11.0,13.2,1.3,True,133,Poor,0.8,Clear,0.0,0.62,1,Chirundu Border Post
TRP00957,TRK020,DRV033,Masvingo,Chirundu,Masvingo → Chirundu,627,2026-07-06,18.2,66.9,208.98,1.69,353.18,771.98,156.19,58.85,109.99,36.99,715.2,56.78,14.7,14.5,3.8,False,0,Good,0.0,Rain,0.65,0.64,1,Chirundu Border Post
TRP00958,TRK030,DRV022,Bulawayo,Mutare,Bulawayo → Mutare,500,2026-03-27,14.1,68.8,229.66,1.66,381.24,677.25,127.77,4.09,94.59,31.0,638.69,38.56,11.4,11.2,3.0,False,0,Fair,0.35,Clear,0.0,0.25,0,None
TRP00959,TRK015,DRV030,Harare,Mutare,Harare → Mutare,263,2026-03-10,12.2,48.6,93.95,1.75,164.41,383.77,76.3,28.1,46.54,15.91,331.26,52.51,8.0,8.1,3.6,False,0,Fair,0.35,Rain,0.65,0.25,0,None
TRP00960,TRK031,DRV043,Gweru,Chirundu,Gweru → Chirundu,610,2026-03-27,15.6,72.6,239.11,1.59,380.18,846.26,156.36,77.88,106.75,39.65,760.82,85.44,14.2,14.0,4.3,False,0,Good,0.0,Clear,0.0,0.62,1,Chirundu Border Post
TRP00961,TRK008,DRV007,Mutare,Chirundu,Mutare → Chirundu,598,2026-08-25,7.0,29.4,236.87,1.69,400.31,698.72,146.88,41.9,117.53,38.87,745.49,-46.77,12.0,11.7,2.6,False,0,Good,0.0,Cloudy,0.25,0.68,1,Chirundu Border Post
TRP00962,TRK001,DRV022,Bulawayo,Gweru,Bulawayo → Gweru,165,2026-03-22,13.4,64.1,67.04,1.83,122.68,215.16,48.93,6.91,28.57,11.22,218.31,-3.15,5.9,5.8,3.1,False,0,Good,0.0,Cloudy,0.25,0.25,0,None
TRP00963,TRK019,DRV036,Beitbridge,Chirundu,Beitbridge → Chirundu,830,2026-06-16,17.8,64.3,280.54,1.74,488.14,1286.94,193.03,77.39,144.82,47.72,951.1,335.84,17.5,20.2,3.2,True,142,Good,0.0,Cloudy,0.25,0.78,1,Chirundu Border Post
TRP00964,TRK007,DRV003,Mutare,Gweru,Mutare → Gweru,365,2025-12-15,15.8,63.7,141.96,1.72,244.17,531.27,91.05,29.96,69.71,20.44,455.33,75.94,9.8,9.7,3.7,False,0,Fair,0.35,Clear,0.0,0.25,0,None
TRP00965,TRK009,DRV027,Gweru,Masvingo,Gweru → Masvingo,160,2025-11-15,12.8,62.1,63.91,1.68,107.37,234.02,52.31,20.17,26.91,10.16,216.92,17.1,6.0,6.0,3.0,False,0,Good,0.0,Cloudy,0.25,0.25,0,None
TRP00966,TRK013,DRV013,Bulawayo,Masvingo,Bulawayo → Masvingo,260,2025-11-22,15.2,66.1,95.55,1.65,157.66,386.48,78.61,12.86,45.84,15.34,310.31,76.17,9.3,9.3,4.5,False,0,Fair,0.35,Clear,0.0,0.25,0,None
TRP00967,TRK014,DRV030,Mutare,Masvingo,Mutare → Masvingo,380,2025-12-28,19.8,69.0,124.51,1.79,222.87,514.52,100.36,20.07,75.11,21.85,440.26,74.26,10.2,10.2,3.6,False,0,Fair,0.35,Clear,0.0,0.25,0,None
TRP00968,TRK007,DRV027,Bulawayo,Chirundu,Bulawayo → Chirundu,775,2025-10-15,14.6,58.9,303.31,1.61,488.33,914.12,182.88,34.43,134.23,43.4,883.27,30.85,17.1,20.1,4.1,True,175,Fair,0.35,Cloudy,0.25,0.72,1,Chirundu Border Post
TRP00969,TRK008,DRV029,Beitbridge,Chirundu,Beitbridge → Chirundu,830,2026-05-14,19.9,83.6,331.73,1.67,553.99,1054.81,205.38,37.55,158.03,53.95,1008.9,45.91,16.7,16.5,3.0,False,0,Fair,0.35,Clear,0.0,0.78,1,Chirundu Border Post
TRP00970,TRK033,DRV009,Masvingo,Beitbridge,Masvingo → Beitbridge,215,2026-06-04,14.8,65.8,83.99,1.55,130.18,259.59,73.39,65.05,36.54,14.3,319.46,-59.87,7.2,8.9,3.5,True,104,Good,0.0,Clear,0.0,0.58,1,Beitbridge Border Post
TRP00971,TRK034,DRV004,Harare,Bulawayo,Harare → Bulawayo,440,2026-07-02,16.1,60.5,153.96,1.64,252.49,556.52,115.34,24.83,81.53,25.96,500.15,56.37,10.6,10.5,3.4,False,0,Good,0.0,Clear,0.0,0.25,0,None
TRP00972,TRK031,DRV033,Mutare,Beitbridge,Mutare → Beitbridge,630,2025-12-21,15.3,71.2,240.57,1.68,404.16,978.88,147.55,50.48,112.67,40.95,755.81,223.07,14.7,14.8,3.7,False,0,Fair,0.35,Cloudy,0.25,0.7,1,Beitbridge Border Post
TRP00973,TRK012,DRV009,Masvingo,Beitbridge,Masvingo → Beitbridge,215,2025-11-14,14.7,55.7,79.18,1.75,138.56,252.13,64.0,76.4,39.1,11.72,329.78,-77.65,7.8,8.0,4.0,False,0,Fair,0.35,Cloudy,0.25,0.58,1,Beitbridge Border Post
TRP00974,TRK021,DRV033,Mutare,Masvingo,Mutare → Masvingo,380,2026-04-06,16.9,72.8,145.84,1.64,239.18,446.05,96.05,4.97,63.03,24.7,427.93,18.12,10.8,10.6,4.0,False,0,Good,0.0,Clear,0.0,0.25,0,None
TRP00975,TRK016,DRV018,Mutare,Beitbridge,Mutare → Beitbridge,630,2026-04-13,10.2,38.8,179.06,1.75,313.36,857.25,143.91,27.71,117.43,35.28,637.69,219.56,14.9,17.1,4.3,True,132,Good,0.0,Clear,0.0,0.7,1,Beitbridge Border Post
TRP00976,TRK019,DRV029,Bulawayo,Chirundu,Bulawayo → Chirundu,775,2025-11-29,18.3,66.1,270.48,1.66,449.0,1090.03,185.85,42.29,145.47,44.56,867.17,222.86,16.1,16.1,4.3,False,0,Good,0.0,Clear,0.0,0.72,1,Chirundu Border Post
TRP00977,TRK027,DRV039,Harare,Beitbridge,Harare → Beitbridge,582,2026-09-15,12.8,48.3,188.59,1.81,341.35,834.71,139.58,79.63,95.54,31.72,687.82,146.89,14.0,13.9,4.2,False,0,Fair,0.35,Clear,0.0,0.65,1,Beitbridge Border Post
TRP00978,TRK020,DRV045,Gweru,Beitbridge,Gweru → Beitbridge,375,2026-06-29,25.6,94.1,145.3,1.84,267.35,483.11,97.43,58.7,72.95,22.12,518.55,-35.44,13.0,15.2,5.2,True,126,Poor,0.8,Rain,0.65,0.52,1,Beitbridge Border Post
TRP00979,TRK014,DRV013,Bulawayo,Chirundu,Bulawayo → Chirundu,775,2026-01-07,15.5,54.0,276.62,1.72,475.79,972.0,177.85,48.45,127.1,44.56,873.75,98.25,17.0,17.1,4.4,False,0,Good,0.0,Cloudy,0.25,0.72,1,Chirundu Border Post
TRP00980,TRK019,DRV044,Masvingo,Chirundu,Masvingo → Chirundu,627,2026-03-17,21.7,78.3,245.45,1.7,417.26,841.01,156.3,28.2,115.51,36.05,753.32,87.69,15.7,15.6,4.8,False,0,Fair,0.35,Cloudy,0.25,0.64,1,Chirundu Border Post
TRP00981,TRK012,DRV033,Harare,Beitbridge,Harare → Beitbridge,582,2026-06-26,16.5,62.5,193.08,1.75,337.89,692.21,150.81,28.07,97.2,31.72,645.69,46.52,12.6,12.5,3.3,False,0,Good,0.0,Clear,0.0,0.65,1,Beitbridge Border Post
TRP00982,TRK021,DRV008,Beitbridge,Chirundu,Beitbridge → Chirundu,830,2026-03-21,15.6,67.2,325.86,1.83,596.32,1057.5,195.32,75.89,148.73,53.95,1070.21,-12.71,18.3,19.3,4.3,True,46,Good,0.0,Cloudy,0.25,0.78,1,Chirundu Border Post
TRP00983,TRK031,DRV038,Gweru,Chirundu,Gweru → Chirundu,610,2026-07-11,19.9,92.6,251.51,1.78,447.69,963.59,142.99,58.53,110.9,39.65,799.76,163.83,15.6,17.6,5.0,True,106,Fair,0.35,Clear,0.0,0.62,1,Chirundu Border Post
TRP00984,TRK035,DRV019,Mutare,Beitbridge,Mutare → Beitbridge,630,2026-04-26,11.1,53.1,250.39,1.74,435.68,701.83,159.15,44.22,116.68,39.06,794.79,-92.96,13.9,16.5,3.5,True,157,Good,0.0,Clear,0.0,0.7,1,Beitbridge Border Post
TRP00985,TRK034,DRV007,Harare,Bulawayo,Harare → Bulawayo,440,2025-10-04,16.2,60.9,161.8,1.85,299.33,575.92,106.42,15.35,86.26,25.96,533.32,42.6,10.2,10.9,3.6,True,54,Good,0.0,Clear,0.0,0.25,0,None
TRP00986,TRK010,DRV004,Mutare,Masvingo,Mutare → Masvingo,380,2026-08-31,16.8,74.7,160.35,1.67,267.78,597.98,96.64,12.45,63.16,23.56,463.59,134.39,10.4,10.6,3.4,False,0,Fair,0.35,Clear,0.0,0.25,0,None
TRP00987,TRK013,DRV018,Harare,Mutare,Harare → Mutare,263,2025-12-13,17.2,74.8,113.22,1.74,197.0,344.33,70.74,20.9,47.99,15.52,352.15,-7.82,6.6,6.7,2.1,False,0,Fair,0.35,Clear,0.0,0.25,0,None
TRP00988,TRK017,DRV010,Bulawayo,Beitbridge,Bulawayo → Beitbridge,270,2025-10-23,24.4,92.8,90.81,1.84,167.09,352.9,66.53,29.45,49.29,14.72,327.08,25.82,9.3,11.5,3.9,True,133,Poor,0.8,Clear,0.0,0.55,1,Beitbridge Border Post
TRP00989,TRK014,DRV035,Bulawayo,Beitbridge,Bulawayo → Beitbridge,270,2025-10-08,21.1,73.5,99.36,1.87,185.8,401.05,77.33,30.3,52.3,15.52,361.25,39.8,8.8,8.7,4.5,False,0,Good,0.0,Clear,0.0,0.55,1,Beitbridge Border Post
TRP00990,TRK029,DRV007,Mutare,Gweru,Mutare → Gweru,365,2026-08-03,15.9,67.9,152.84,1.81,276.64,432.37,96.59,9.02,67.76,23.18,473.19,-40.82,10.6,10.4,4.1,False,0,Fair,0.35,Cloudy,0.25,0.25,0,None
TRP00991,TRK015,DRV042,Gweru,Chirundu,Gweru → Chirundu,610,2026-07-06,15.5,61.8,211.99,1.76,373.1,884.97,147.99,37.53,106.96,36.91,702.49,182.48,14.3,16.8,3.7,True,147,Fair,0.35,Clear,0.0,0.62,1,Chirundu Border Post
TRP00992,TRK016,DRV033,Mutare,Masvingo,Mutare → Masvingo,380,2026-09-13,11.4,43.3,112.04,1.59,178.14,445.77,109.26,23.6,70.18,21.28,402.46,43.31,8.7,8.5,2.3,False,0,Fair,0.35,Clear,0.0,0.25,0,None
TRP00993,TRK004,DRV025,Bulawayo,Beitbridge,Bulawayo → Beitbridge,270,2026-04-08,17.5,67.6,102.84,1.67,171.74,338.37,72.08,24.54,52.5,15.93,336.79,1.58,8.5,8.5,3.9,False,0,Good,0.0,Clear,0.0,0.55,1,Beitbridge Border Post
TRP00994,TRK021,DRV036,Mutare,Beitbridge,Mutare → Beitbridge,630,2025-10-19,14.4,62.1,223.19,1.73,386.12,747.32,152.96,27.23,103.99,40.95,711.25,36.07,15.6,15.9,3.8,False,0,Fair,0.35,Cloudy,0.25,0.7,1,Beitbridge Border Post
TRP00995,TRK017,DRV013,Harare,Bulawayo,Harare → Bulawayo,440,2026-08-05,23.3,88.6,143.75,1.59,228.56,683.79,108.96,15.43,80.69,23.98,457.62,226.17,11.1,11.1,3.3,False,0,Fair,0.35,Clear,0.0,0.25,0,None
TRP00996,TRK015,DRV041,Mutare,Chirundu,Mutare → Chirundu,598,2026-09-17,11.6,46.2,205.8,1.78,366.32,678.83,148.21,21.54,115.55,36.18,687.8,-8.97,11.9,12.9,2.8,True,64,Good,0.0,Cloudy,0.25,0.68,1,Chirundu Border Post
TRP00997,TRK024,DRV038,Beitbridge,Chirundu,Beitbridge → Chirundu,830,2026-06-28,16.9,68.7,248.57,1.64,407.65,1047.35,195.4,73.89,134.63,45.24,856.81,190.54,17.7,18.8,4.0,True,76,Good,0.0,Cloudy,0.25,0.78,1,Chirundu Border Post
TRP00998,TRK013,DRV013,Masvingo,Chirundu,Masvingo → Chirundu,627,2026-02-19,13.9,60.4,241.09,1.68,405.03,910.49,154.47,40.48,102.54,36.99,739.51,170.98,14.5,15.0,3.3,True,38,Fair,0.35,Cloudy,0.25,0.64,1,Chirundu Border Post
TRP00999,TRK012,DRV044,Mutare,Chirundu,Mutare → Chirundu,598,2025-10-30,21.7,82.2,226.73,1.78,403.58,891.6,155.34,27.44,113.43,32.59,732.38,159.22,14.1,13.9,4.5,False,0,Good,0.0,Rain,0.65,0.68,1,Chirundu Border Post
TRP01000,TRK012,DRV033,Harare,Chirundu,Harare → Chirundu,335,2025-11-22,15.4,58.3,120.74,1.59,191.98,389.67,87.67,30.21,63.49,18.26,391.61,-1.94,9.3,9.4,3.3,False,0,Good,0.0,Clear,0.0,0.45,1,Chirundu Border Post
TRP01001,TRK003,DRV028,Mutare,Masvingo,Mutare → Masvingo,380,2026-02-11,13.0,56.5,118.4,1.69,200.1,502.52,89.49,26.57,66.1,21.28,403.54,98.98,9.8,9.7,3.5,False,0,Good,0.0,Clear,0.0,0.25,0,None
TRP01002,TRK017,DRV009,Gweru,Chirundu,Gweru → Chirundu,610,2025-12-13,12.6,47.9,182.43,1.67,304.66,752.5,145.16,79.16,109.22,33.25,671.45,81.05,14.8,14.6,3.3,False,0,Good,0.0,Rain,0.65,0.62,1,Chirundu Border Post
TRP01003,TRK017,DRV001,Masvingo,Beitbridge,Masvingo → Beitbridge,215,2026-03-10,20.6,78.3,70.51,1.76,124.1,265.84,63.62,66.26,39.96,11.72,305.66,-39.82,8.7,10.6,4.5,True,105,Fair,0.35,Clear,0.0,0.58,1,Beitbridge Border Post
TRP01004,TRK010,DRV003,Mutare,Chirundu,Mutare → Chirundu,598,2025-12-09,15.3,68.0,225.88,1.56,352.37,887.16,151.04,70.53,98.05,37.08,709.07,178.09,16.0,15.9,4.2,False,0,Fair,0.35,Clear,0.0,0.68,1,Chirundu Border Post
TRP01005,TRK004,DRV041,Bulawayo,Chirundu,Bulawayo → Chirundu,775,2026-08-03,17.6,68.0,305.76,1.8,550.37,1126.73,184.85,71.61,143.24,45.72,995.79,130.94,17.7,20.4,4.5,True,165,Fair,0.35,Clear,0.0,0.72,1,Chirundu Border Post
TRP01006,TRK032,DRV037,Bulawayo,Beitbridge,Bulawayo → Beitbridge,270,2026-06-30,9.5,51.9,110.79,1.86,206.07,387.07,71.3,46.49,45.77,17.14,386.77,0.3,8.6,8.4,3.9,False,0,Good,0.0,Clear,0.0,0.55,1,Beitbridge Border Post
TRP01007,TRK005,DRV021,Mutare,Gweru,Mutare → Gweru,365,2026-06-18,15.6,66.1,127.02,1.83,232.45,574.24,89.08,27.06,70.78,20.99,440.36,133.88,9.3,9.4,3.2,False,0,Good,0.0,Rain,0.65,0.25,0,None
TRP01008,TRK012,DRV034,Bulawayo,Gweru,Bulawayo → Gweru,165,2025-10-26,16.1,61.0,59.12,1.77,104.64,214.52,50.65,25.97,33.08,8.99,223.33,-8.81,5.5,5.6,2.9,False,0,Good,0.0,Clear,0.0,0.25,0,None
TRP01009,TRK011,DRV027,Gweru,Beitbridge,Gweru → Beitbridge,375,2026-06-27,12.6,64.9,152.55,1.6,244.08,485.93,94.95,42.84,67.82,23.81,473.5,12.43,11.7,13.0,4.9,True,74,Poor,0.8,Clear,0.0,0.52,1,Beitbridge Border Post
TRP01010,TRK026,DRV006,Gweru,Chirundu,Gweru → Chirundu,610,2026-03-19,23.0,81.6,231.92,1.72,398.9,775.99,148.16,43.59,101.04,38.73,730.42,45.57,14.1,13.9,3.1,False,0,Fair,0.35,Clear,0.0,0.62,1,Chirundu Border Post
TRP01011,TRK014,DRV043,Bulawayo,Gweru,Bulawayo → Gweru,165,2026-03-10,20.0,69.7,59.95,1.76,105.51,221.89,50.24,8.6,28.29,9.49,202.13,19.76,6.0,5.9,3.0,False,0,Fair,0.35,Rain,0.65,0.25,0,None
TRP01012,TRK024,DRV019,Bulawayo,Chirundu,Bulawayo → Chirundu,775,2026-01-11,13.5,54.9,224.45,1.79,401.77,1192.65,182.42,60.26,146.35,42.24,833.04,359.61,16.7,19.3,4.0,True,165,Good,0.0,Rain,0.65,0.72,1,Chirundu Border Post
TRP01013,TRK034,DRV031,Masvingo,Chirundu,Masvingo → Chirundu,627,2026-07-06,19.0,71.4,222.33,1.61,357.95,992.89,148.27,63.67,103.47,36.99,710.35,282.54,13.5,13.3,3.0,False,0,Good,0.0,Clear,0.0,0.64,1,Chirundu Border Post
TRP01014,TRK001,DRV008,Beitbridge,Chirundu,Beitbridge → Chirundu,830,2026-08-30,13.4,64.1,370.86,1.81,671.26,1084.84,199.85,53.77,152.96,56.44,1134.28,-49.44,18.7,20.0,2.4,True,78,Poor,0.8,Cloudy,0.25,0.78,1,Chirundu Border Post
TRP01015,TRK029,DRV016,Mutare,Gweru,Mutare → Gweru,365,2026-08-16,20.8,88.9,155.06,1.68,260.5,507.0,96.43,11.63,69.55,23.18,461.29,45.71,10.2,10.1,3.7,False,0,Fair,0.35,Clear,0.0,0.25,0,None
TRP01016,TRK016,DRV003,Masvingo,Chirundu,Masvingo → Chirundu,627,2026-09-06,16.3,62.0,198.23,1.62,321.13,854.25,155.25,20.32,106.93,35.11,638.74,215.51,13.3,13.3,3.1,False,0,Fair,0.35,Clear,0.0,0.64,1,Chirundu Border Post
TRP01017,TRK025,DRV008,Bulawayo,Chirundu,Bulawayo → Chirundu,775,2026-04-07,11.8,53.2,327.64,1.55,507.84,1169.95,190.5,70.5,131.66,51.54,952.04,217.91,17.6,18.8,4.0,True,77,Poor,0.8,Clear,0.0,0.72,1,Chirundu Border Post
TRP01018,TRK035,DRV019,Bulawayo,Masvingo,Bulawayo → Masvingo,260,2025-10-04,15.0,71.8,106.64,1.64,174.89,331.98,67.79,21.96,47.58,16.12,328.34,3.64,8.7,8.7,4.6,False,0,Good,0.0,Cloudy,0.25,0.25,0,None
TRP01019,TRK024,DRV033,Gweru,Beitbridge,Gweru → Beitbridge,375,2026-06-09,20.0,81.3,118.27,1.68,198.69,519.05,96.86,24.8,67.62,20.44,408.41,110.64,9.0,9.2,3.0,False,0,Good,0.0,Clear,0.0,0.52,1,Beitbridge Border Post
TRP01020,TRK032,DRV003,Mutare,Chirundu,Mutare → Chirundu,598,2026-02-20,14.2,77.6,237.57,1.86,441.88,759.03,136.58,54.64,120.16,37.97,791.23,-32.2,13.3,13.4,2.6,False,0,Good,0.0,Clear,0.0,0.68,1,Chirundu Border Post
TRP01021,TRK013,DRV021,Beitbridge,Chirundu,Beitbridge → Chirundu,830,2026-06-12,12.9,56.1,300.85,1.84,553.56,1175.38,191.48,71.48,146.86,48.97,1012.35,163.03,17.5,19.8,3.0,True,129,Fair,0.35,Cloudy,0.25,0.78,1,Chirundu Border Post
TRP01022,TRK007,DRV011,Harare,Gweru,Harare → Gweru,275,2026-06-24,11.2,45.2,86.51,1.6,138.42,352.85,83.96,8.71,49.05,15.4,295.54,57.31,7.0,6.9,2.2,False,0,Good,0.0,Clear,0.0,0.25,0,None
TRP01023,TRK001,DRV041,Gweru,Chirundu,Gweru → Chirundu,610,2025-10-25,16.3,78.0,280.67,1.75,491.17,869.14,151.05,60.13,115.03,41.48,858.86,10.28,14.7,14.9,3.8,False,0,Fair,0.35,Cloudy,0.25,0.62,1,Chirundu Border Post
TRP01024,TRK014,DRV044,Bulawayo,Mutare,Bulawayo → Mutare,500,2026-04-27,13.8,48.1,167.94,1.82,305.65,598.91,122.48,2.05,92.68,28.75,551.61,47.3,10.7,10.8,2.6,False,0,Fair,0.35,Clear,0.0,0.25,0,None
TRP01025,TRK014,DRV035,Harare,Masvingo,Harare → Masvingo,292,2026-09-16,19.8,69.0,105.22,1.72,180.98,377.92,81.13,0.05,51.3,16.79,330.25,47.67,8.5,8.5,3.7,False,0,Good,0.0,Clear,0.0,0.25,0,None
TRP01026,TRK005,DRV044,Mutare,Beitbridge,Mutare → Beitbridge,630,2025-12-09,19.5,82.6,248.47,1.75,434.82,753.37,153.89,39.34,121.34,36.22,785.61,-32.24,14.2,14.2,3.7,False,0,Fair,0.35,Clear,0.0,0.7,1,Beitbridge Border Post
TRP01027,TRK030,DRV022,Harare,Bulawayo,Harare → Bulawayo,440,2025-10-11,15.7,76.6,198.86,1.68,334.08,599.14,118.09,5.0,76.33,27.28,560.78,38.36,12.5,12.7,4.6,False,0,Poor,0.8,Clear,0.0,0.25,0,None
TRP01028,TRK005,DRV004,Harare,Gweru,Harare → Gweru,275,2025-12-22,16.9,71.6,101.61,1.85,187.98,381.69,70.03,25.28,55.05,15.81,354.15,27.54,8.8,9.0,4.0,False,0,Fair,0.35,Cloudy,0.25,0.25,0,None
TRP01029,TRK005,DRV037,Bulawayo,Masvingo,Bulawayo → Masvingo,260,2026-01-16,22.4,94.9,104.07,1.84,191.49,322.88,68.49,23.62,45.47,14.95,344.02,-21.14,9.2,9.3,4.8,False,0,Good,0.0,Clear,0.0,0.25,0,None
TRP01030,TRK027,DRV025,Bulawayo,Masvingo,Bulawayo → Masvingo,260,2026-05-10,17.7,66.8,84.99,1.66,141.08,319.55,69.15,17.41,46.66,14.17,288.47,31.08,8.4,8.4,3.5,False,0,Fair,0.35,Cloudy,0.25,0.25,0,None
TRP01031,TRK026,DRV028,Beitbridge,Chirundu,Beitbridge → Chirundu,830,2026-03-02,18.7,66.3,288.33,1.78,513.23,1291.45,197.39,52.09,149.35,52.7,964.76,326.69,17.2,18.8,3.0,True,95,Fair,0.35,Clear,0.0,0.78,1,Chirundu Border Post
TRP01032,TRK025,DRV044,Harare,Bulawayo,Harare → Bulawayo,440,2025-11-21,21.1,95.0,196.8,1.78,350.3,705.07,103.55,9.59,75.17,29.26,567.87,137.2,12.5,13.6,4.1,True,75,Fair,0.35,Cloudy,0.25,0.25,0,None
TRP01033,TRK001,DRV042,Gweru,Chirundu,Gweru → Chirundu,610,2026-08-04,16.8,80.4,263.19,1.86,489.53,802.52,144.96,30.31,104.05,41.48,810.33,-7.81,11.9,13.1,3.0,True,64,Fair,0.35,Clear,0.0,0.62,1,Chirundu Border Post
TRP01034,TRK003,DRV045,Harare,Gweru,Harare → Gweru,275,2025-10-29,11.6,50.4,98.41,1.71,168.28,310.86,72.4,18.61,50.99,15.4,325.68,-14.82,7.0,6.8,2.6,False,0,Good,0.0,Clear,0.0,0.25,0,None
TRP01035,TRK033,DRV007,Mutare,Gweru,Mutare → Gweru,365,2026-02-17,11.9,52.9,146.71,1.59,233.27,526.66,95.83,14.6,61.35,24.27,429.32,97.34,9.7,9.5,3.7,False,0,Good,0.0,Clear,0.0,0.25,0,None
TRP01036,TRK006,DRV019,Bulawayo,Beitbridge,Bulawayo → Beitbridge,270,2026-05-04,16.9,63.1,95.56,1.71,163.41,347.32,73.27,62.89,50.35,17.14,367.06,-19.74,8.7,10.8,3.6,True,134,Fair,0.35,Cloudy,0.25,0.55,1,Beitbridge Border Post
TRP01037,TRK026,DRV043,Mutare,Masvingo,Mutare → Masvingo,380,2025-10-07,16.7,59.2,128.67,1.74,223.89,602.16,102.18,23.84,71.61,24.13,445.65,156.51,9.8,9.8,3.3,False,0,Poor,0.8,Clear,0.0,0.25,0,None
TRP01038,TRK011,DRV035,Gweru,Masvingo,Gweru → Masvingo,160,2026-01-12,18.4,94.8,67.15,1.61,108.11,213.17,48.43,22.44,30.46,10.16,219.6,-6.43,7.0,6.8,3.8,False,0,Poor,0.92,Cloudy,0.25,0.25,0,None
TRP01039,TRK026,DRV035,Harare,Beitbridge,Harare → Beitbridge,582,2026-02-20,17.9,63.5,197.05,1.75,344.84,909.11,137.87,52.4,104.77,36.96,676.84,232.27,13.3,13.3,3.3,False,0,Fair,0.35,Clear,0.0,0.65,1,Beitbridge Border Post
TRP01040,TRK010,DRV020,Beitbridge,Chirundu,Beitbridge → Chirundu,830,2026-09-03,21.4,95.1,363.83,1.73,629.43,1166.26,201.67,46.59,137.18,51.46,1066.33,99.93,20.0,21.5,3.6,True,91,Fair,0.35,Rain,0.65,0.78,1,Chirundu Border Post
TRP01041,TRK024,DRV001,Beitbridge,Chirundu,Beitbridge → Chirundu,830,2026-07-02,16.7,67.9,251.38,1.73,434.89,1233.32,191.24,35.19,138.05,45.24,844.61,388.71,18.0,18.0,3.7,False,0,Good,0.0,Clear,0.0,0.78,1,Chirundu Border Post
TRP01042,TRK010,DRV008,Gweru,Chirundu,Gweru → Chirundu,610,2025-10-13,13.7,60.9,260.15,1.91,496.89,718.79,145.54,24.44,110.14,37.82,814.83,-96.04,14.0,16.2,3.2,True,126,Poor,0.8,Clear,0.0,0.62,1,Chirundu Border Post
TRP01043,TRK026,DRV035,Harare,Bulawayo,Harare → Bulawayo,440,2026-06-29,19.7,69.9,154.82,1.66,257.0,583.27,103.9,5.66,87.62,27.94,482.12,101.15,11.0,11.1,3.9,False,0,Fair,0.35,Clear,0.0,0.25,0,None
TRP01044,TRK020,DRV014,Harare,Gweru,Harare → Gweru,275,2026-03-17,21.5,79.0,90.76,1.57,142.49,340.56,72.24,24.58,51.27,16.22,306.8,33.76,8.0,8.1,3.7,False,0,Fair,0.35,Clear,0.0,0.25,0,None
TRP01045,TRK027,DRV042,Bulawayo,Mutare,Bulawayo → Mutare,500,2026-06-11,19.7,74.3,154.42,1.66,256.34,795.47,124.55,13.72,99.92,27.25,521.78,273.69,12.2,11.8,3.2,False,0,Good,0.0,Cloudy,0.25,0.25,0,None
TRP01046,TRK011,DRV012,Harare,Beitbridge,Harare → Beitbridge,582,2026-01-13,11.7,60.3,255.01,1.71,436.07,788.14,151.62,36.61,104.64,36.96,765.9,22.24,13.7,13.8,3.4,False,0,Poor,0.92,Cloudy,0.25,0.65,1,Beitbridge Border Post
TRP01047,TRK017,DRV013,Masvingo,Chirundu,Masvingo → Chirundu,627,2025-11-19,21.7,82.5,207.68,1.54,319.83,903.57,147.37,57.53,120.69,34.17,679.59,223.98,15.1,14.9,4.1,False,0,Fair,0.35,Clear,0.0,0.64,1,Chirundu Border Post
TRP01048,TRK004,DRV036,Harare,Chirundu,Harare → Chirundu,335,2026-05-16,18.9,73.0,129.17,1.71,220.88,407.55,93.55,75.37,54.98,19.77,464.55,-57.0,9.0,9.0,3.3,False,0,Fair,0.35,Clear,0.0,0.45,1,Chirundu Border Post
TRP01049,TRK005,DRV019,Beitbridge,Chirundu,Beitbridge → Chirundu,830,2026-08-31,12.8,54.2,280.5,1.71,479.65,982.82,202.88,46.33,164.79,47.72,941.37,41.45,16.6,16.6,3.0,False,0,Fair,0.35,Clear,0.0,0.78,1,Chirundu Border Post
TRP01050,TRK017,DRV007,Harare,Gweru,Harare → Gweru,275,2026-01-01,14.8,56.3,84.98,1.71,145.32,395.91,78.74,9.76,49.3,14.99,298.11,97.8,7.3,7.5,2.8,False,0,Good,0.0,Cloudy,0.25,0.25,0,None
TRP01051,TRK032,DRV022,Masvingo,Beitbridge,Masvingo → Beitbridge,215,2026-03-23,13.8,75.4,101.94,1.77,180.43,248.14,59.89,79.7,38.49,13.65,372.16,-124.02,7.1,9.7,2.9,True,171,Fair,0.35,Rain,0.65,0.58,1,Beitbridge Border Post
TRP01052,TRK016,DRV007,Harare,Beitbridge,Harare → Beitbridge,582,2026-02-14,23.8,90.5,191.49,1.76,337.02,920.13,143.09,29.15,95.97,32.59,637.82,282.31,14.7,15.1,4.2,True,25,Fair,0.35,Clear,0.0,0.65,1,Beitbridge Border Post
TRP01053,TRK005,DRV013,Masvingo,Chirundu,Masvingo → Chirundu,627,2026-03-03,19.0,80.5,260.7,1.68,437.98,849.96,148.01,71.94,116.7,36.05,810.68,39.28,14.7,14.7,4.0,False,0,Good,0.0,Cloudy,0.25,0.64,1,Chirundu Border Post
TRP01054,TRK029,DRV022,Gweru,Masvingo,Gweru → Masvingo,160,2026-08-03,18.0,76.9,66.73,1.58,105.43,195.53,47.68,0.52,28.8,10.16,192.59,2.94,6.5,6.3,3.6,False,0,Poor,0.8,Cloudy,0.25,0.25,0,None
TRP01055,TRK010,DRV037,Bulawayo,Beitbridge,Bulawayo → Beitbridge,270,2026-07-09,17.5,77.8,121.12,1.71,207.12,324.89,67.58,43.48,51.39,16.74,386.31,-61.42,7.9,9.8,2.7,True,130,Poor,0.8,Clear,0.0,0.55,1,Beitbridge Border Post
TRP01056,TRK021,DRV028,Mutare,Gweru,Mutare → Gweru,365,2025-12-17,19.2,82.8,133.15,1.87,248.99,572.48,96.66,5.29,63.86,23.73,438.53,133.95,10.5,10.3,4.6,False,0,Good,0.0,Clear,0.0,0.25,0,None
TRP01057,TRK021,DRV016,Harare,Bulawayo,Harare → Bulawayo,440,2026-01-13,13.7,59.1,175.49,1.65,289.56,569.74,112.83,25.72,73.92,28.6,530.63,39.11,11.1,11.1,3.0,False,0,Poor,0.92,Clear,0.0,0.25,0,None
TRP01058,TRK028,DRV018,Beitbridge,Chirundu,Beitbridge → Chirundu,830,2026-03-25,17.1,72.8,326.19,1.7,554.52,1288.54,199.91,51.46,157.66,50.21,1013.76,274.78,17.7,17.8,4.3,False,0,Good,0.0,Cloudy,0.25,0.78,1,Chirundu Border Post
TRP01059,TRK022,DRV031,Harare,Beitbridge,Harare → Beitbridge,582,2026-05-16,22.8,95.0,242.75,1.57,381.12,900.38,148.8,24.87,105.03,32.59,692.41,207.97,16.3,16.7,4.8,True,27,Fair,0.35,Clear,0.0,0.65,1,Beitbridge Border Post
TRP01060,TRK023,DRV020,Mutare,Chirundu,Mutare → Chirundu,598,2026-05-29,23.6,87.4,201.13,1.73,347.95,993.47,152.43,46.36,117.92,34.38,699.04,294.43,14.5,16.4,4.2,True,123,Poor,0.8,Clear,0.0,0.68,1,Chirundu Border Post
TRP01061,TRK007,DRV012,Gweru,Chirundu,Gweru → Chirundu,610,2026-08-18,15.4,62.1,231.01,1.64,378.86,802.94,148.72,30.44,102.38,34.16,694.56,108.38,13.7,14.1,3.6,False,0,Fair,0.35,Cloudy,0.25,0.62,1,Chirundu Border Post
TRP01062,TRK006,DRV018,Masvingo,Chirundu,Masvingo → Chirundu,627,2025-12-02,11.1,41.4,205.63,1.56,320.78,760.95,150.88,65.49,122.75,39.81,699.71,61.24,13.5,14.6,3.0,True,69,Good,0.0,Rain,0.65,0.64,1,Chirundu Border Post
TRP01063,TRK013,DRV017,Gweru,Chirundu,Gweru → Chirundu,610,2026-08-08,16.1,70.0,233.57,1.75,408.75,792.67,147.82,67.8,100.16,35.99,760.52,32.15,14.9,16.0,3.8,True,47,Fair,0.35,Rain,0.65,0.62,1,Chirundu Border Post
TRP01064,TRK005,DRV002,Harare,Gweru,Harare → Gweru,275,2026-06-08,12.9,54.7,94.34,1.66,156.6,388.42,79.87,15.47,52.28,15.81,320.03,68.39,8.5,8.2,3.8,False,0,Good,0.0,Cloudy,0.25,0.25,0,None
TRP01065,TRK002,DRV038,Beitbridge,Chirundu,Beitbridge → Chirundu,830,2026-07-15,19.2,82.1,339.68,1.71,580.85,1167.79,194.36,30.33,136.91,51.46,993.91,173.88,19.1,19.4,4.3,False,0,Good,0.0,Rain,0.65,0.78,1,Chirundu Border Post
TRP01066,TRK014,DRV003,Mutare,Masvingo,Mutare → Masvingo,380,2026-07-01,22.5,78.4,129.52,1.78,230.55,502.15,99.38,24.68,74.51,21.85,450.97,51.18,11.1,11.1,4.2,False,0,Good,0.0,Clear,0.0,0.25,0,None
TRP01067,TRK035,DRV035,Bulawayo,Masvingo,Bulawayo → Masvingo,260,2026-05-21,19.0,90.9,105.84,1.75,185.22,394.58,73.36,1.57,51.43,16.12,327.7,66.88,8.5,8.6,4.0,False,0,Fair,0.35,Clear,0.0,0.25,0,None
TRP01068,TRK010,DRV024,Beitbridge,Chirundu,Beitbridge → Chirundu,830,2026-04-10,19.7,87.6,359.12,1.71,614.1,1252.83,191.27,50.44,140.05,51.46,1047.32,205.51,19.9,22.1,4.2,True,123,Poor,0.8,Cloudy,0.25,0.78,1,Chirundu Border Post
TRP01069,TRK019,DRV009,Bulawayo,Gweru,Bulawayo → Gweru,165,2026-05-17,18.2,65.7,53.37,1.61,85.93,226.33,49.21,19.93,30.2,9.49,194.76,31.57,6.7,6.5,3.8,False,0,Fair,0.35,Clear,0.0,0.25,0,None
TRP01070,TRK033,DRV006,Gweru,Beitbridge,Gweru → Beitbridge,375,2026-04-13,15.3,68.0,156.0,1.58,246.48,518.06,98.41,76.39,65.79,24.94,512.01,6.05,11.3,11.1,4.2,False,0,Poor,0.8,Clear,0.0,0.52,1,Beitbridge Border Post
TRP01071,TRK033,DRV001,Mutare,Gweru,Mutare → Gweru,365,2026-08-27,19.2,85.3,167.49,1.72,288.08,466.23,94.67,4.63,65.7,24.27,477.35,-11.12,10.3,9.9,3.7,False,0,Fair,0.35,Cloudy,0.25,0.25,0,None
TRP01072,TRK011,DRV033,Bulawayo,Gweru,Bulawayo → Gweru,165,2025-12-02,13.4,69.1,69.86,1.72,120.16,210.81,49.55,14.96,27.96,10.48,223.11,-12.3,5.8,5.9,3.1,False,0,Good,0.0,Cloudy,0.25,0.25,0,None
TRP01073,TRK011,DRV012,Mutare,Chirundu,Mutare → Chirundu,598,2026-07-08,9.8,50.5,257.95,1.8,464.31,766.99,145.54,26.22,105.46,37.97,779.5,-12.51,12.8,12.5,3.0,False,0,Fair,0.35,Clear,0.0,0.68,1,Chirundu Border Post
TRP01074,TRK010,DRV031,Masvingo,Beitbridge,Masvingo → Beitbridge,215,2026-03-24,16.7,74.2,88.22,1.75,154.38,309.02,64.78,38.08,35.57,13.33,306.14,2.88,7.0,7.0,3.5,False,0,Good,0.0,Clear,0.0,0.58,1,Beitbridge Border Post
TRP01075,TRK015,DRV032,Harare,Mutare,Harare → Mutare,263,2026-01-18,10.2,40.6,91.37,1.98,180.91,300.28,73.18,24.0,46.98,15.91,340.98,-40.7,6.4,6.4,2.4,False,0,Fair,0.35,Clear,0.0,0.25,0,None
TRP01076,TRK017,DRV024,Harare,Gweru,Harare → Gweru,275,2026-01-19,16.5,62.7,85.03,1.61,136.9,392.23,67.77,12.85,54.77,14.99,287.28,104.95,7.7,7.5,3.4,False,0,Good,0.0,Clear,0.0,0.25,0,None
TRP01077,TRK014,DRV034,Harare,Mutare,Harare → Mutare,263,2026-03-25,27.3,95.1,89.05,1.66,147.82,454.58,73.8,27.75,44.83,15.12,309.32,145.26,8.7,9.0,3.9,False,0,Fair,0.35,Cloudy,0.25,0.25,0,None
TRP01078,TRK031,DRV030,Mutare,Masvingo,Mutare → Masvingo,380,2025-10-15,13.8,64.2,147.15,1.59,233.97,461.73,92.26,26.03,73.3,24.7,450.26,11.47,9.7,11.4,3.3,True,96,Good,0.0,Clear,0.0,0.25,0,None
TRP01079,TRK021,DRV007,Harare,Mutare,Harare → Mutare,263,2026-09-17,16.5,71.1,95.33,1.76,167.78,326.8,68.98,22.52,50.45,17.1,326.83,-0.03,7.6,7.6,3.5,False,0,Good,0.0,Clear,0.0,0.25,0,None
TRP01080,TRK018,DRV017,Gweru,Beitbridge,Gweru → Beitbridge,375,2026-07-15,13.5,48.9,126.77,1.78,225.65,483.21,99.33,55.52,70.73,23.81,475.04,8.17,10.1,10.3,3.4,False,0,Fair,0.35,Clear,0.0,0.52,1,Beitbridge Border Post
TRP01081,TRK012,DRV025,Gweru,Chirundu,Gweru → Chirundu,610,2026-08-22,20.4,77.3,231.09,1.64,378.99,906.66,151.21,61.0,117.69,33.25,742.14,164.52,15.7,15.8,3.6,False,0,Fair,0.35,Cloudy,0.25,0.62,1,Chirundu Border Post
TRP01082,TRK024,DRV038,Mutare,Masvingo,Mutare → Masvingo,380,2026-08-22,19.3,78.5,121.94,1.89,230.47,501.17,99.64,14.49,61.72,20.71,427.03,74.14,10.5,13.2,3.8,True,163,Fair,0.35,Clear,0.0,0.25,0,None
TRP01083,TRK034,DRV017,Harare,Gweru,Harare → Gweru,275,2026-04-02,15.3,57.5,105.87,1.7,179.98,415.3,79.37,29.23,52.33,16.22,357.13,58.17,9.1,9.1,3.5,False,0,Poor,0.8,Clear,0.0,0.25,0,None
TRP01084,TRK034,DRV026,Bulawayo,Gweru,Bulawayo → Gweru,165,2026-03-21,18.4,69.2,60.2,1.68,101.14,225.74,42.02,14.41,27.8,9.73,195.1,30.64,5.4,5.4,2.5,False,0,Good,0.0,Cloudy,0.25,0.25,0,None
TRP01085,TRK032,DRV031,Mutare,Gweru,Mutare → Gweru,365,2026-07-28,10.7,58.5,154.5,1.59,245.66,507.92,92.2,26.28,62.42,23.18,449.74,58.18,8.9,8.8,2.9,False,0,Good,0.0,Cloudy,0.25,0.25,0,None
TRP01086,TRK033,DRV009,Harare,Bulawayo,Harare → Bulawayo,440,2026-05-05,17.7,78.7,182.51,1.81,330.34,676.21,113.11,8.64,73.31,29.26,554.66,121.55,11.8,11.6,3.5,False,0,Good,0.0,Cloudy,0.25,0.25,0,None
TRP01087,TRK015,DRV005,Harare,Chirundu,Harare → Chirundu,335,2026-06-12,22.9,91.2,122.94,1.57,193.02,514.13,90.2,54.12,67.09,20.27,424.7,89.43,11.0,13.3,4.7,True,124,Poor,0.8,Clear,0.0,0.45,1,Chirundu Border Post
TRP01088,TRK018,DRV014,Beitbridge,Chirundu,Beitbridge → Chirundu,830,2025-12-07,13.7,49.6,286.01,1.64,469.06,1004.35,195.44,72.83,141.54,52.7,931.57,72.78,17.4,17.3,4.0,False,0,Fair,0.35,Clear,0.0,0.78,1,Chirundu Border Post
TRP01089,TRK011,DRV024,Harare,Chirundu,Harare → Chirundu,335,2026-07-27,13.6,70.1,154.98,1.54,238.67,434.29,84.53,33.08,64.04,21.27,441.59,-7.3,9.7,9.7,3.8,False,0,Fair,0.35,Clear,0.0,0.45,1,Chirundu Border Post
TRP01090,TRK015,DRV027,Harare,Masvingo,Harare → Masvingo,292,2026-03-10,15.0,59.8,107.4,1.64,176.14,440.01,73.93,0.13,49.68,17.67,317.55,122.46,8.2,8.2,3.0,False,0,Fair,0.35,Cloudy,0.25,0.25,0,None
TRP01091,TRK031,DRV044,Harare,Masvingo,Harare → Masvingo,292,2026-05-25,15.5,72.1,116.29,1.51,175.6,361.61,77.19,16.54,58.16,18.98,346.47,15.14,8.4,8.3,3.5,False,0,Good,0.0,Clear,0.0,0.25,0,None
TRP01092,TRK014,DRV038,Gweru,Masvingo,Gweru → Masvingo,160,2025-12-13,15.8,55.1,50.87,1.8,91.57,197.14,57.02,11.26,28.91,9.2,197.96,-0.82,5.7,5.7,3.1,False,0,Good,0.0,Clear,0.0,0.25,0,None
TRP01093,TRK027,DRV002,Beitbridge,Chirundu,Beitbridge → Chirundu,830,2026-01-24,17.6,66.4,274.46,1.81,496.77,1003.65,199.36,45.88,159.37,45.24,946.62,57.03,20.8,21.6,4.3,True,54,Poor,0.92,Cloudy,0.25,0.78,1,Chirundu Border Post
TRP01094,TRK009,DRV037,Harare,Mutare,Harare → Mutare,263,2026-07-22,12.6,61.2,122.81,1.68,206.32,350.42,68.57,12.28,43.47,16.7,347.34,3.08,8.2,8.2,3.7,False,0,Fair,0.35,Cloudy,0.25,0.25,0,None
TRP01095,TRK009,DRV041,Harare,Chirundu,Harare → Chirundu,335,2026-06-11,11.4,55.3,143.29,1.7,243.59,420.49,89.76,45.24,58.94,21.27,458.8,-38.31,9.4,9.6,4.0,False,0,Fair,0.35,Cloudy,0.25,0.45,1,Chirundu Border Post
TRP01096,TRK010,DRV004,Harare,Mutare,Harare → Mutare,263,2025-12-16,20.5,91.1,117.41,1.75,205.47,362.64,69.22,29.38,45.51,16.31,365.89,-3.25,10.4,10.1,5.2,False,0,Poor,0.92,Clear,0.0,0.25,0,None
TRP01097,TRK012,DRV034,Bulawayo,Masvingo,Bulawayo → Masvingo,260,2026-04-17,25.1,95.1,104.61,1.84,192.48,331.39,76.74,15.13,50.05,14.17,348.57,-17.18,8.8,8.5,3.9,False,0,Fair,0.35,Cloudy,0.25,0.25,0,None
TRP01098,TRK002,DRV043,Masvingo,Chirundu,Masvingo → Chirundu,627,2026-02-14,16.9,72.2,219.0,1.88,411.72,844.55,150.97,43.56,119.89,38.87,765.01,79.54,15.4,15.2,5.0,False,0,Good,0.0,Clear,0.0,0.64,1,Chirundu Border Post
TRP01099,TRK014,DRV029,Harare,Gweru,Harare → Gweru,275,2026-07-29,21.8,76.0,98.46,1.64,161.47,372.46,81.49,20.51,46.68,15.81,325.96,46.5,9.7,9.6,4.5,False,0,Poor,0.8,Clear,0.0,0.25,0,None
TRP01100,TRK031,DRV011,Gweru,Masvingo,Gweru → Masvingo,160,2026-01-12,15.1,70.2,65.46,1.64,107.35,250.01,53.67,23.34,30.79,10.4,225.55,24.46,6.7,6.7,4.1,False,0,Good,0.0,Clear,0.0,0.25,0,None
TRP01101,TRK010,DRV038,Mutare,Beitbridge,Mutare → Beitbridge,630,2025-12-24,17.7,78.7,248.0,1.74,431.52,830.61,146.63,77.16,113.02,39.06,807.39,23.22,15.7,17.2,4.4,True,75,Good,0.0,Rain,0.65,0.7,1,Beitbridge Border Post
TRP01102,TRK033,DRV017,Masvingo,Chirundu,Masvingo → Chirundu,627,2025-12-16,8.8,39.1,242.34,1.77,428.94,810.31,146.58,36.89,111.89,41.7,766.0,44.31,13.7,13.5,3.6,False,0,Good,0.0,Clear,0.0,0.64,1,Chirundu Border Post
TRP01103,TRK030,DRV039,Bulawayo,Chirundu,Bulawayo → Chirundu,775,2026-07-21,15.0,73.2,359.31,1.77,635.98,1106.24,186.25,48.33,131.69,48.05,1050.3,55.94,19.0,20.8,3.9,True,126,Poor,0.8,Cloudy,0.25,0.72,1,Chirundu Border Post
TRP01104,TRK015,DRV025,Harare,Gweru,Harare → Gweru,275,2026-04-07,16.3,64.9,108.15,1.58,170.88,342.49,80.03,2.03,52.14,16.64,321.72,20.77,8.3,8.2,3.0,False,0,Poor,0.8,Clear,0.0,0.25,0,None
TRP01105,TRK007,DRV002,Harare,Beitbridge,Harare → Beitbridge,582,2026-01-03,20.7,83.5,226.21,1.66,375.51,747.38,148.96,59.34,99.66,32.59,716.06,31.32,15.1,17.4,3.9,True,143,Poor,0.92,Clear,0.0,0.65,1,Beitbridge Border Post
TRP01106,TRK033,DRV044,Gweru,Beitbridge,Gweru → Beitbridge,375,2026-04-24,13.2,58.7,160.46,1.64,263.15,469.83,95.53,58.45,65.22,24.94,507.29,-37.46,9.1,9.6,2.5,True,44,Fair,0.35,Cloudy,0.25,0.52,1,Beitbridge Border Post
TRP01107,TRK007,DRV012,Harare,Beitbridge,Harare → Beitbridge,582,2026-05-23,20.0,80.6,230.65,1.73,399.02,834.4,142.13,63.13,110.36,32.59,747.23,87.17,14.2,14.2,3.1,False,0,Poor,0.8,Clear,0.0,0.65,1,Beitbridge Border Post
TRP01108,TRK003,DRV035,Masvingo,Chirundu,Masvingo → Chirundu,627,2026-06-06,12.3,53.5,208.34,1.55,322.93,873.74,142.29,59.39,114.32,35.11,674.04,199.7,13.8,13.8,3.3,False,0,Good,0.0,Cloudy,0.25,0.64,1,Chirundu Border Post
TRP01109,TRK006,DRV031,Harare,Masvingo,Harare → Masvingo,292,2026-08-25,15.9,59.3,99.45,1.61,160.11,349.56,78.35,29.19,48.42,18.54,334.61,14.95,8.4,8.3,3.6,False,0,Good,0.0,Cloudy,0.25,0.25,0,None
TRP01110,TRK035,DRV001,Harare,Beitbridge,Harare → Beitbridge,582,2026-09-04,16.6,79.4,238.68,1.66,396.21,870.74,151.7,38.83,116.06,36.08,738.88,131.86,13.9,15.3,3.6,True,97,Good,0.0,Cloudy,0.25,0.65,1,Beitbridge Border Post
TRP01111,TRK028,DRV034,Beitbridge,Chirundu,Beitbridge → Chirundu,830,2026-04-25,11.6,49.4,315.43,1.74,548.85,1213.04,192.93,44.37,145.63,50.21,981.99,231.05,18.1,20.7,2.9,True,158,Fair,0.35,Cloudy,0.25,0.78,1,Chirundu Border Post
TRP01112,TRK003,DRV045,Mutare,Gweru,Mutare → Gweru,365,2026-06-20,18.4,80.0,127.31,1.68,213.88,478.21,94.84,12.16,70.94,20.44,412.26,65.95,10.3,10.7,3.9,False,0,Good,0.0,Clear,0.0,0.25,0,None
TRP01113,TRK015,DRV031,Mutare,Beitbridge,Mutare → Beitbridge,630,2026-04-05,20.5,81.7,232.97,1.84,428.66,924.38,152.81,53.01,108.79,38.12,781.39,142.99,15.6,18.2,4.4,True,156,Fair,0.35,Clear,0.0,0.7,1,Beitbridge Border Post
TRP01114,TRK007,DRV028,Mutare,Gweru,Mutare → Gweru,365,2025-11-29,20.7,83.5,138.4,1.61,222.82,455.61,89.0,17.53,66.42,20.44,416.21,39.4,10.1,11.2,3.8,True,68,Fair,0.35,Clear,0.0,0.25,0,None
TRP01115,TRK031,DRV015,Bulawayo,Masvingo,Bulawayo → Masvingo,260,2025-11-03,20.4,94.9,110.92,1.75,194.11,329.22,63.89,0.08,44.11,16.9,319.09,10.13,8.6,8.5,3.9,False,0,Good,0.0,Clear,0.0,0.25,0,None
TRP01116,TRK035,DRV027,Bulawayo,Beitbridge,Bulawayo → Beitbridge,270,2026-01-31,14.8,70.8,110.68,1.71,189.26,326.04,75.13,32.94,53.67,16.74,367.74,-41.7,9.1,8.9,4.4,False,0,Good,0.0,Cloudy,0.25,0.55,1,Beitbridge Border Post
TRP01117,TRK001,DRV001,Bulawayo,Mutare,Bulawayo → Mutare,500,2026-07-14,11.7,56.0,229.25,1.8,412.65,599.96,117.01,28.59,97.74,34.0,689.99,-90.03,12.3,13.9,2.6,True,98,Poor,0.8,Rain,0.65,0.25,0,None
TRP01118,TRK008,DRV034,Gweru,Beitbridge,Gweru → Beitbridge,375,2025-09-25,19.7,82.8,153.49,1.7,260.93,590.64,99.16,64.58,62.75,24.38,511.8,78.84,10.6,10.8,3.9,False,0,Fair,0.35,Cloudy,0.25,0.52,1,Beitbridge Border Post
TRP01119,TRK014,DRV045,Mutare,Masvingo,Mutare → Masvingo,380,2026-03-02,25.0,87.1,135.05,1.74,234.99,523.59,98.48,29.9,70.09,21.85,455.31,68.28,11.1,11.2,4.4,False,0,Good,0.0,Rain,0.65,0.25,0,None
TRP01120,TRK024,DRV007,Mutare,Beitbridge,Mutare → Beitbridge,630,2025-12-10,16.0,65.0,179.7,1.69,303.69,740.65,163.75,62.64,126.31,34.34,690.73,49.92,13.8,13.7,3.2,False,0,Good,0.0,Clear,0.0,0.7,1,Beitbridge Border Post
TRP01121,TRK017,DRV017,Mutare,Beitbridge,Mutare → Beitbridge,630,2026-06-23,16.8,63.9,197.14,1.65,325.28,970.8,147.62,29.63,117.37,34.34,654.24,316.56,14.5,14.6,3.7,False,0,Good,0.0,Cloudy,0.25,0.7,1,Beitbridge Border Post
TRP01122,TRK024,DRV040,Mutare,Beitbridge,Mutare → Beitbridge,630,2026-02-10,17.5,71.1,206.78,1.74,359.8,745.32,155.65,41.75,111.96,34.34,703.5,41.82,15.6,15.4,3.9,False,0,Poor,0.92,Clear,0.0,0.7,1,Beitbridge Border Post
TRP01123,TRK014,DRV027,Mutare,Masvingo,Mutare → Masvingo,380,2026-07-01,22.6,78.7,136.06,1.83,248.99,611.98,95.52,25.47,66.41,21.85,458.24,153.74,10.9,10.9,4.4,False,0,Fair,0.35,Cloudy,0.25,0.25,0,None
TRP01124,TRK031,DRV012,Gweru,Chirundu,Gweru → Chirundu,610,2026-03-30,19.7,91.6,271.91,1.86,505.75,884.33,148.11,41.0,104.67,39.65,839.18,45.15,15.8,16.2,4.0,True,27,Fair,0.35,Clear,0.0,0.62,1,Chirundu Border Post
TRP01125,TRK031,DRV017,Gweru,Chirundu,Gweru → Chirundu,610,2026-02-26,10.1,47.0,241.36,1.69,407.9,747.7,150.06,50.45,105.72,39.65,753.78,-6.08,13.1,12.9,3.5,False,0,Good,0.0,Clear,0.0,0.62,1,Chirundu Border Post
TRP01126,TRK023,DRV026,Masvingo,Beitbridge,Masvingo → Beitbridge,215,2025-12-01,15.5,57.4,73.9,1.71,126.37,298.35,65.24,30.76,36.57,12.36,271.3,27.05,7.0,7.8,3.4,True,43,Poor,0.92,Clear,0.0,0.58,1,Beitbridge Border Post
TRP01127,TRK015,DRV029,Harare,Masvingo,Harare → Masvingo,292,2026-09-15,10.8,43.0,103.39,1.78,184.03,390.89,88.58,22.27,58.78,17.67,371.33,19.56,8.7,8.6,4.1,False,0,Fair,0.35,Cloudy,0.25,0.25,0,None
TRP01128,TRK007,DRV014,Harare,Chirundu,Harare → Chirundu,335,2026-06-09,18.9,76.2,119.49,1.7,203.13,485.81,92.44,50.84,60.57,18.76,425.74,60.07,10.3,10.3,3.6,False,0,Fair,0.35,Cloudy,0.25,0.45,1,Chirundu Border Post
TRP01129,TRK022,DRV036,Mutare,Masvingo,Mutare → Masvingo,380,2026-08-02,15.6,65.0,135.33,1.65,223.29,524.24,101.5,9.02,65.54,21.28,420.63,103.61,10.0,9.8,3.8,False,0,Good,0.0,Clear,0.0,0.25,0,None
TRP01130,TRK011,DRV025,Harare,Mutare,Harare → Mutare,263,2026-08-13,15.7,80.9,106.01,1.69,179.16,358.06,71.43,6.04,43.19,16.7,316.52,41.54,7.5,7.5,3.4,False,0,Good,0.0,Clear,0.0,0.25,0,None
TRP01131,TRK006,DRV010,Harare,Bulawayo,Harare → Bulawayo,440,2026-05-21,14.4,53.7,150.17,1.64,246.28,594.45,110.81,24.17,75.05,27.94,484.25,110.2,10.0,12.6,3.3,True,159,Fair,0.35,Cloudy,0.25,0.25,0,None
TRP01132,TRK028,DRV006,Masvingo,Chirundu,Masvingo → Chirundu,627,2025-10-24,10.1,43.0,228.43,1.86,424.88,744.6,145.02,45.44,111.26,37.93,764.53,-19.93,13.1,13.7,2.5,True,35,Good,0.0,Rain,0.65,0.64,1,Chirundu Border Post
TRP01133,TRK015,DRV024,Bulawayo,Masvingo,Bulawayo → Masvingo,260,2025-11-01,21.3,84.9,100.4,1.71,171.68,358.98,68.42,23.6,47.09,15.73,326.52,32.46,8.6,8.6,3.6,False,0,Fair,0.35,Cloudy,0.25,0.25,0,None
TRP01134,TRK003,DRV025,Masvingo,Chirundu,Masvingo → Chirundu,627,2026-04-15,14.7,63.9,235.82,1.71,403.25,977.15,153.76,33.92,105.97,35.11,732.01,245.14,14.8,15.1,4.2,False,0,Fair,0.35,Clear,0.0,0.64,1,Chirundu Border Post
TRP01135,TRK034,DRV019,Masvingo,Chirundu,Masvingo → Chirundu,627,2026-09-21,13.3,50.0,219.34,1.95,427.71,738.51,157.93,24.04,110.69,36.99,757.36,-18.85,13.6,13.4,2.9,False,0,Fair,0.35,Clear,0.0,0.64,1,Chirundu Border Post
TRP01136,TRK004,DRV012,Masvingo,Chirundu,Masvingo → Chirundu,627,2026-08-15,13.5,52.1,221.06,1.73,382.43,891.57,151.52,57.29,103.96,36.99,732.19,159.38,13.5,16.4,4.3,True,170,Good,0.0,Clear,0.0,0.64,1,Chirundu Border Post
TRP01137,TRK029,DRV001,Gweru,Masvingo,Gweru → Masvingo,160,2026-01-03,9.9,42.3,55.17,1.91,105.37,215.76,56.62,29.34,26.38,10.16,227.87,-12.11,6.4,6.4,3.7,False,0,Fair,0.35,Clear,0.0,0.25,0,None
TRP01138,TRK019,DRV013,Gweru,Beitbridge,Gweru → Beitbridge,375,2025-10-09,17.9,64.6,132.58,1.73,229.36,532.6,96.46,53.1,65.27,21.56,465.75,66.85,10.1,10.7,3.1,True,45,Fair,0.35,Rain,0.65,0.52,1,Beitbridge Border Post
TRP01139,TRK033,DRV034,Masvingo,Chirundu,Masvingo → Chirundu,627,2026-09-14,13.6,60.4,247.46,1.79,442.95,726.43,152.91,59.66,105.19,41.7,802.41,-75.98,15.2,15.1,4.3,False,0,Fair,0.35,Cloudy,0.25,0.64,1,Chirundu Border Post
TRP01140,TRK011,DRV044,Bulawayo,Gweru,Bulawayo → Gweru,165,2025-10-10,15.0,77.3,70.97,1.53,108.58,258.28,48.77,12.83,28.57,10.48,209.23,49.05,7.8,8.1,5.1,False,0,Good,0.0,Cloudy,0.25,0.25,0,None
TRP01141,TRK016,DRV042,Mutare,Gweru,Mutare → Gweru,365,2025-09-22,18.4,70.0,118.2,1.81,213.94,486.61,88.23,14.77,70.13,20.44,407.51,79.1,10.1,10.1,4.1,False,0,Good,0.0,Clear,0.0,0.25,0,None
TRP01142,TRK006,DRV018,Harare,Chirundu,Harare → Chirundu,335,2026-04-14,19.4,72.4,112.55,1.64,184.58,423.56,86.57,63.07,59.09,21.27,414.58,8.98,9.0,9.0,3.5,False,0,Good,0.0,Clear,0.0,0.45,1,Chirundu Border Post
TRP01143,TRK026,DRV026,Mutare,Gweru,Mutare → Gweru,365,2026-07-19,26.8,95.0,140.88,1.65,232.45,470.27,101.93,3.14,71.21,23.18,431.91,38.36,11.4,11.2,5.1,False,0,Good,0.0,Clear,0.0,0.25,0,None
TRP01144,TRK034,DRV001,Bulawayo,Mutare,Bulawayo → Mutare,500,2026-09-17,17.3,65.0,178.82,1.73,309.36,784.77,122.25,5.95,93.28,29.5,560.34,224.43,12.5,12.5,4.0,False,0,Good,0.0,Rain,0.65,0.25,0,None
TRP01145,TRK006,DRV036,Harare,Gweru,Harare → Gweru,275,2026-02-14,18.3,68.3,87.65,1.75,153.39,338.45,78.26,3.29,46.82,17.46,299.22,39.23,8.6,8.5,4.2,False,0,Good,0.0,Clear,0.0,0.25,0,None
TRP01146,TRK023,DRV023,Gweru,Chirundu,Gweru → Chirundu,610,2026-02-10,15.7,58.1,181.89,1.71,311.03,711.24,143.32,29.07,111.15,35.07,629.64,81.6,14.3,14.2,3.9,False,0,Good,0.0,Cloudy,0.25,0.62,1,Chirundu Border Post
TRP01147,TRK013,DRV030,Bulawayo,Gweru,Bulawayo → Gweru,165,2026-04-16,10.2,44.3,59.78,1.74,104.02,209.2,56.47,26.61,26.95,9.73,223.78,-14.58,6.3,6.5,3.7,False,0,Fair,0.35,Clear,0.0,0.25,0,None
TRP01148,TRK001,DRV017,Masvingo,Beitbridge,Masvingo → Beitbridge,215,2025-12-20,16.0,76.6,95.31,1.68,160.12,276.54,51.66,33.69,43.28,14.62,303.37,-26.83,8.3,8.2,4.6,False,0,Good,0.0,Clear,0.0,0.58,1,Beitbridge Border Post
TRP01149,TRK033,DRV007,Mutare,Beitbridge,Mutare → Beitbridge,630,2026-07-05,13.4,59.6,253.69,1.72,436.35,774.55,154.97,47.8,125.23,41.9,806.25,-31.7,15.7,15.9,4.6,False,0,Good,0.0,Clear,0.0,0.7,1,Beitbridge Border Post
TRP01150,TRK033,DRV019,Harare,Gweru,Harare → Gweru,275,2026-03-15,12.7,56.4,116.04,1.74,201.91,394.75,77.81,29.35,46.54,18.29,373.9,20.85,8.6,8.5,4.1,False,0,Good,0.0,Clear,0.0,0.25,0,None
TRP01151,TRK033,DRV017,Harare,Masvingo,Harare → Masvingo,292,2026-06-24,13.2,58.7,131.48,1.73,227.46,394.48,78.75,12.38,52.16,19.42,390.17,4.31,9.5,9.5,4.3,False,0,Fair,0.35,Cloudy,0.25,0.25,0,None
TRP01152,TRK017,DRV045,Masvingo,Beitbridge,Masvingo → Beitbridge,215,2026-05-06,17.6,66.9,64.54,1.68,108.43,288.31,65.35,31.26,42.8,11.72,259.56,28.75,7.0,7.3,3.6,False,0,Good,0.0,Clear,0.0,0.58,1,Beitbridge Border Post
TRP01153,TRK031,DRV016,Mutare,Masvingo,Mutare → Masvingo,380,2026-03-14,11.9,55.3,151.54,1.79,271.26,515.14,104.44,19.11,69.8,24.7,489.31,25.83,9.5,9.1,2.8,False,0,Good,0.0,Rain,0.65,0.25,0,None
TRP01154,TRK030,DRV038,Mutare,Chirundu,Mutare → Chirundu,598,2025-10-06,12.2,59.5,239.92,1.83,439.05,720.71,152.51,60.15,102.46,37.08,791.25,-70.54,12.3,12.0,1.8,False,0,Fair,0.35,Clear,0.0,0.68,1,Chirundu Border Post
TRP01155,TRK008,DRV017,Gweru,Masvingo,Gweru → Masvingo,160,2025-10-26,14.3,60.1,56.67,1.52,86.14,246.92,42.43,26.41,26.8,10.4,192.18,54.74,6.1,6.2,3.5,False,0,Good,0.0,Clear,0.0,0.25,0,None
TRP01156,TRK015,DRV044,Mutare,Masvingo,Mutare → Masvingo,380,2026-09-16,17.2,68.5,141.38,1.45,205.0,452.06,96.51,10.84,64.05,22.99,399.39,52.67,10.2,11.6,3.6,True,78,Poor,0.8,Clear,0.0,0.25,0,None
TRP01157,TRK021,DRV027,Bulawayo,Gweru,Bulawayo → Gweru,165,2026-03-21,13.3,57.3,64.64,1.7,109.89,240.04,52.83,18.68,32.56,10.72,224.68,15.36,5.7,5.6,2.9,False,0,Fair,0.35,Clear,0.0,0.25,0,None
TRP01158,TRK035,DRV001,Gweru,Beitbridge,Gweru → Beitbridge,375,2026-09-15,12.1,57.9,153.46,1.76,270.09,467.57,97.32,79.84,64.31,23.25,534.81,-67.24,10.9,12.7,3.9,True,97,Good,0.0,Rain,0.65,0.52,1,Beitbridge Border Post
TRP01159,TRK016,DRV019,Bulawayo,Masvingo,Bulawayo → Masvingo,260,2025-11-08,23.4,89.0,82.21,1.63,134.0,381.29,70.48,5.83,42.23,14.56,267.1,114.19,9.1,9.1,4.4,False,0,Good,0.0,Clear,0.0,0.25,0,None
TRP01160,TRK022,DRV005,Mutare,Masvingo,Mutare → Masvingo,380,2026-07-02,17.0,70.8,134.28,1.74,233.65,600.59,99.32,18.61,64.66,21.28,437.52,163.07,9.4,9.5,3.0,False,0,Good,0.0,Clear,0.0,0.25,0,None
TRP01161,TRK031,DRV021,Harare,Chirundu,Harare → Chirundu,335,2026-03-22,18.8,87.4,146.79,1.7,249.54,510.14,85.88,37.79,58.54,21.78,453.53,56.61,10.0,10.0,3.8,False,0,Fair,0.35,Rain,0.65,0.45,1,Chirundu Border Post
TRP01162,TRK018,DRV012,Bulawayo,Mutare,Bulawayo → Mutare,500,2026-09-06,22.3,80.8,183.96,1.63,299.85,757.09,118.76,27.24,86.05,31.75,563.65,193.44,12.7,12.5,4.1,False,0,Good,0.0,Cloudy,0.25,0.25,0,None
TRP01163,TRK032,DRV013,Bulawayo,Mutare,Bulawayo → Mutare,500,2026-01-20,10.7,58.5,223.75,1.64,366.95,629.73,119.14,1.24,83.29,31.75,602.37,27.36,12.6,13.0,3.5,False,0,Poor,0.92,Cloudy,0.25,0.25,0,None
TRP01164,TRK017,DRV014,Bulawayo,Gweru,Bulawayo → Gweru,165,2026-01-17,16.7,63.5,52.56,1.68,88.3,235.4,42.68,22.15,32.54,8.99,194.66,40.74,5.5,5.5,2.8,False,0,Good,0.0,Cloudy,0.25,0.25,0,None
TRP01165,TRK016,DRV040,Bulawayo,Mutare,Bulawayo → Mutare,500,2026-03-23,25.0,95.1,174.73,1.64,286.56,644.1,123.78,0.72,86.94,28.0,526.0,118.1,14.5,14.4,5.3,False,0,Good,0.0,Cloudy,0.25,0.25,0,None
TRP01166,TRK007,DRV008,Harare,Beitbridge,Harare → Beitbridge,582,2025-11-01,10.8,43.5,182.6,1.69,308.59,650.53,141.94,22.17,109.9,32.59,615.19,35.34,12.7,12.7,3.2,False,0,Good,0.0,Clear,0.0,0.65,1,Beitbridge Border Post
TRP01167,TRK001,DRV035,Gweru,Masvingo,Gweru → Masvingo,160,2025-10-13,16.9,80.9,71.1,1.64,116.6,217.46,54.79,0.73,30.1,10.88,213.1,4.36,6.8,6.8,3.9,False,0,Fair,0.35,Cloudy,0.25,0.25,0,None
TRP01168,TRK024,DRV040,Gweru,Masvingo,Gweru → Masvingo,160,2026-03-02,14.8,60.2,46.31,1.86,86.14,235.24,61.56,1.95,31.72,8.72,190.09,45.15,6.9,7.2,4.2,False,0,Good,0.0,Clear,0.0,0.25,0,None
TRP01169,TRK018,DRV032,Gweru,Masvingo,Gweru → Masvingo,160,2025-12-24,18.1,65.6,58.93,1.57,92.52,222.28,53.19,18.2,26.66,10.16,200.73,21.55,6.7,6.8,3.8,False,0,Good,0.0,Clear,0.0,0.25,0,None
TRP01170,TRK018,DRV026,Gweru,Beitbridge,Gweru → Beitbridge,375,2026-01-13,23.9,86.6,141.57,1.77,250.58,530.67,86.82,52.2,66.48,23.81,479.89,50.78,10.9,13.7,4.3,True,168,Good,0.0,Clear,0.0,0.52,1,Beitbridge Border Post
TRP01171,TRK009,DRV004,Masvingo,Beitbridge,Masvingo → Beitbridge,215,2026-06-18,16.2,78.6,93.05,1.63,151.67,265.6,69.29,77.65,38.54,13.65,350.8,-85.2,8.9,8.8,4.8,False,0,Good,0.0,Cloudy,0.25,0.58,1,Beitbridge Border Post
TRP01172,TRK031,DRV035,Mutare,Beitbridge,Mutare → Beitbridge,630,2025-10-08,19.5,90.7,236.34,1.63,385.23,783.57,152.1,26.3,112.0,40.95,716.58,66.99,16.4,17.7,4.8,True,71,Good,0.0,Clear,0.0,0.7,1,Beitbridge Border Post
TRP01173,TRK023,DRV026,Gweru,Beitbridge,Gweru → Beitbridge,375,2026-09-08,19.5,72.2,120.08,1.72,206.54,507.63,95.63,32.24,69.2,21.56,425.17,82.46,10.5,11.3,3.6,True,46,Fair,0.35,Rain,0.65,0.52,1,Beitbridge Border Post
TRP01174,TRK030,DRV008,Harare,Chirundu,Harare → Chirundu,335,2026-09-14,14.8,72.2,133.22,1.9,253.12,421.24,84.02,24.61,57.04,20.77,439.56,-18.32,9.6,9.7,4.1,False,0,Good,0.0,Cloudy,0.25,0.45,1,Chirundu Border Post
TRP01175,TRK030,DRV021,Gweru,Beitbridge,Gweru → Beitbridge,375,2026-09-09,19.5,95.1,174.66,1.7,296.92,520.08,100.81,47.23,70.36,23.25,538.57,-18.49,10.0,11.5,4.0,True,89,Good,0.0,Clear,0.0,0.52,1,Beitbridge Border Post
TRP01176,TRK001,DRV044,Harare,Bulawayo,Harare → Bulawayo,440,2026-01-07,14.9,71.3,200.59,1.78,357.05,568.77,112.52,15.68,88.56,29.92,603.73,-34.96,13.1,15.7,4.5,True,159,Poor,0.92,Cloudy,0.25,0.25,0,None
TRP01177,TRK007,DRV021,Mutare,Masvingo,Mutare → Masvingo,380,2026-03-26,21.4,86.3,146.77,1.64,240.7,531.91,97.04,21.21,74.04,21.28,454.27,77.64,11.1,11.1,4.3,False,0,Poor,0.92,Cloudy,0.25,0.25,0,None
TRP01178,TRK017,DRV012,Masvingo,Chirundu,Masvingo → Chirundu,627,2026-06-29,16.1,61.2,202.79,1.72,348.8,798.82,157.45,42.11,110.73,34.17,693.26,105.56,13.9,15.5,3.2,True,86,Good,0.0,Cloudy,0.25,0.64,1,Chirundu Border Post
TRP01179,TRK016,DRV018,Bulawayo,Masvingo,Bulawayo → Masvingo,260,2026-05-21,18.4,70.0,80.71,1.6,129.14,371.68,64.46,25.07,47.69,14.56,280.92,90.76,8.7,8.8,3.7,False,0,Good,0.0,Rain,0.65,0.25,0,None
TRP01180,TRK022,DRV024,Masvingo,Chirundu,Masvingo → Chirundu,627,2025-12-25,15.5,64.6,232.7,1.84,428.17,930.62,150.67,32.17,124.16,35.11,770.28,160.34,12.9,12.7,3.5,False,0,Good,0.0,Clear,0.0,0.64,1,Chirundu Border Post
TRP01181,TRK028,DRV014,Gweru,Masvingo,Gweru → Masvingo,160,2026-04-24,22.3,94.9,65.97,1.68,110.83,264.98,53.93,7.99,26.53,9.68,208.96,56.02,7.7,7.5,4.9,False,0,Good,0.0,Clear,0.0,0.25,0,None
TRP01182,TRK024,DRV026,Mutare,Gweru,Mutare → Gweru,365,2026-02-12,14.7,59.8,117.32,1.59,186.54,427.23,98.2,27.82,60.84,19.89,393.29,33.94,8.8,8.8,2.5,False,0,Fair,0.35,Clear,0.0,0.25,0,None
TRP01183,TRK012,DRV037,Mutare,Chirundu,Mutare → Chirundu,598,2025-11-28,19.7,74.6,226.7,1.58,358.19,888.81,152.28,45.33,100.27,32.59,688.66,200.15,13.2,14.3,3.0,True,68,Good,0.0,Clear,0.0,0.68,1,Chirundu Border Post
TRP01184,TRK015,DRV007,Masvingo,Beitbridge,Masvingo → Beitbridge,215,2026-02-07,17.0,67.7,82.1,1.61,132.18,327.2,66.05,79.11,42.13,13.01,332.48,-5.28,8.3,8.3,4.4,False,0,Fair,0.35,Clear,0.0,0.58,1,Beitbridge Border Post
TRP01185,TRK028,DRV025,Bulawayo,Gweru,Bulawayo → Gweru,165,2025-12-31,18.4,78.3,63.53,1.67,106.1,228.62,54.05,19.74,30.12,9.98,219.99,8.63,6.2,6.0,3.3,False,0,Fair,0.35,Clear,0.0,0.25,0,None
TRP01186,TRK010,DRV031,Harare,Beitbridge,Harare → Beitbridge,582,2025-09-26,16.7,74.2,246.48,1.97,485.57,832.09,148.38,23.17,104.03,36.08,797.23,34.86,13.3,13.2,3.5,False,0,Fair,0.35,Cloudy,0.25,0.65,1,Beitbridge Border Post
TRP01187,TRK027,DRV032,Harare,Chirundu,Harare → Chirundu,335,2025-11-29,12.5,47.2,101.08,1.71,172.85,503.01,92.84,56.86,63.5,18.26,404.31,98.7,7.9,8.0,2.6,False,0,Good,0.0,Cloudy,0.25,0.45,1,Chirundu Border Post
TRP01188,TRK034,DRV035,Beitbridge,Chirundu,Beitbridge → Chirundu,830,2026-03-02,17.1,64.3,322.28,1.7,547.88,1248.86,212.39,22.81,154.66,48.97,986.71,262.15,18.5,18.7,4.2,False,0,Good,0.0,Cloudy,0.25,0.78,1,Chirundu Border Post
TRP01189,TRK020,DRV017,Gweru,Masvingo,Gweru → Masvingo,160,2026-07-06,22.3,82.0,53.91,1.8,97.04,202.28,50.12,6.45,25.96,9.44,189.01,13.27,6.3,6.4,3.4,False,0,Fair,0.35,Clear,0.0,0.25,0,None
TRP01190,TRK004,DRV026,Masvingo,Beitbridge,Masvingo → Beitbridge,215,2025-11-11,18.9,73.0,80.29,1.71,137.3,276.53,63.4,57.4,41.31,12.68,312.09,-35.56,6.8,6.8,2.8,False,0,Fair,0.35,Clear,0.0,0.58,1,Beitbridge Border Post
TRP01191,TRK004,DRV014,Harare,Chirundu,Harare → Chirundu,335,2026-01-30,10.4,40.2,119.73,1.69,202.34,394.48,96.63,48.99,62.34,19.77,430.07,-35.59,10.0,12.6,3.5,True,148,Poor,0.92,Cloudy,0.25,0.45,1,Chirundu Border Post
TRP01192,TRK007,DRV029,Gweru,Masvingo,Gweru → Masvingo,160,2026-03-12,12.6,50.8,57.33,1.65,94.59,218.01,43.91,18.75,30.43,8.96,196.64,21.37,5.1,5.1,2.3,False,0,Good,0.0,Rain,0.65,0.25,0,None
TRP01193,TRK024,DRV024,Bulawayo,Masvingo,Bulawayo → Masvingo,260,2026-07-05,17.1,69.5,73.72,1.82,134.17,340.64,67.39,1.93,43.94,14.17,261.6,79.04,8.0,7.7,3.3,False,0,Fair,0.35,Clear,0.0,0.25,0,None
TRP01194,TRK017,DRV023,Gweru,Chirundu,Gweru → Chirundu,610,2025-10-02,19.2,73.0,214.34,1.55,332.23,829.81,153.05,20.24,115.45,33.25,654.22,175.59,14.3,14.1,3.7,False,0,Fair,0.35,Clear,0.0,0.62,1,Chirundu Border Post
TRP01195,TRK008,DRV023,Mutare,Beitbridge,Mutare → Beitbridge,630,2026-09-04,8.4,35.3,254.23,1.81,460.16,899.64,150.31,25.72,115.07,40.95,792.21,107.43,12.7,14.6,2.5,True,107,Fair,0.35,Cloudy,0.25,0.7,1,Beitbridge Border Post
TRP01196,TRK013,DRV037,Masvingo,Chirundu,Masvingo → Chirundu,627,2026-07-13,8.0,34.8,213.7,1.84,393.21,825.25,148.8,43.15,117.68,36.99,739.83,85.42,12.7,14.0,3.2,True,62,Good,0.0,Clear,0.0,0.64,1,Chirundu Border Post
TRP01197,TRK035,DRV012,Beitbridge,Chirundu,Beitbridge → Chirundu,830,2026-02-14,13.4,64.1,323.26,1.61,520.45,1174.16,188.74,47.56,156.5,51.46,964.71,209.45,18.7,18.4,3.4,False,0,Good,0.0,Clear,0.0,0.78,1,Chirundu Border Post
TRP01198,TRK021,DRV044,Mutare,Gweru,Mutare → Gweru,365,2026-06-10,15.4,66.4,130.87,1.65,215.94,544.73,94.04,11.13,72.8,23.73,417.64,127.09,9.7,9.9,3.5,False,0,Good,0.0,Rain,0.65,0.25,0,None
TRP01199,TRK029,DRV006,Gweru,Masvingo,Gweru → Masvingo,160,2026-04-05,16.0,68.4,57.57,1.73,99.6,243.52,56.42,5.06,29.57,10.16,200.81,42.71,5.7,5.7,3.3,False,0,Good,0.0,Clear,0.0,0.25,0,None
TRP01200,TRK019,DRV030,Masvingo,Chirundu,Masvingo → Chirundu,627,2026-08-11,25.4,91.7,228.47,1.89,431.81,906.12,157.43,45.22,112.9,36.05,783.41,122.71,15.2,15.3,4.0,False,0,Fair,0.35,Cloudy,0.25,0.64,1,Chirundu Border Post
TRP01201,TRK011,DRV041,Harare,Beitbridge,Harare → Beitbridge,582,2026-03-13,14.4,74.2,246.3,1.78,438.41,746.52,154.25,77.07,103.39,36.96,810.08,-63.56,12.9,13.0,3.9,False,0,Good,0.0,Clear,0.0,0.65,1,Beitbridge Border Post
TRP01202,TRK026,DRV005,Mutare,Beitbridge,Mutare → Beitbridge,630,2025-11-01,21.7,77.0,220.37,1.94,427.52,931.06,152.66,79.15,120.06,40.01,819.4,111.66,15.0,15.0,4.0,False,0,Good,0.0,Clear,0.0,0.7,1,Beitbridge Border Post
TRP01203,TRK022,DRV015,Harare,Chirundu,Harare → Chirundu,335,2026-03-01,17.2,71.7,134.94,1.83,246.94,515.35,89.35,58.25,57.57,18.76,470.87,44.48,8.7,10.0,3.2,True,71,Fair,0.35,Cloudy,0.25,0.45,1,Chirundu Border Post
TRP01204,TRK019,DRV018,Bulawayo,Chirundu,Bulawayo → Chirundu,775,2026-07-28,20.0,72.2,258.18,1.76,454.4,966.73,181.35,55.62,126.23,44.56,862.16,104.57,15.6,17.6,3.5,True,123,Good,0.0,Clear,0.0,0.72,1,Chirundu Border Post
TRP01205,TRK026,DRV018,Beitbridge,Chirundu,Beitbridge → Chirundu,830,2026-05-07,22.4,79.4,298.42,1.85,552.08,1204.62,199.39,50.11,162.01,52.7,1016.29,188.33,18.9,21.8,4.1,True,169,Fair,0.35,Rain,0.65,0.78,1,Chirundu Border Post
TRP01206,TRK034,DRV029,Mutare,Gweru,Mutare → Gweru,365,2026-04-21,19.4,72.9,121.07,1.77,214.29,542.63,100.41,19.76,65.09,21.54,421.09,121.54,9.9,10.0,3.6,False,0,Good,0.0,Cloudy,0.25,0.25,0,None
TRP01207,TRK012,DRV002,Harare,Chirundu,Harare → Chirundu,335,2025-11-25,17.9,67.8,113.14,1.69,191.21,510.54,86.12,50.51,55.77,18.26,401.87,108.67,10.5,10.4,4.6,False,0,Good,0.0,Clear,0.0,0.45,1,Chirundu Border Post
TRP01208,TRK017,DRV045,Bulawayo,Gweru,Bulawayo → Gweru,165,2025-11-01,9.0,34.2,46.47,1.81,84.11,237.32,59.3,14.76,29.91,8.99,197.07,40.25,5.9,6.1,3.2,False,0,Poor,0.92,Clear,0.0,0.25,0,None
TRP01209,TRK011,DRV026,Bulawayo,Mutare,Bulawayo → Mutare,500,2025-11-13,13.3,68.6,211.17,1.67,352.65,743.99,122.41,24.94,89.84,31.75,621.59,122.4,12.7,12.7,4.6,False,0,Good,0.0,Clear,0.0,0.25,0,None
TRP01210,TRK005,DRV031,Harare,Masvingo,Harare → Masvingo,292,2026-06-29,13.9,58.9,107.44,1.73,185.87,440.72,78.92,15.75,50.5,16.79,347.83,92.89,8.0,8.1,3.3,False,0,Good,0.0,Clear,0.0,0.25,0,None
TRP01211,TRK002,DRV026,Harare,Mutare,Harare → Mutare,263,2026-06-17,14.2,60.7,89.62,1.94,173.86,338.48,73.01,17.1,52.93,16.31,333.21,5.27,7.5,7.8,3.4,False,0,Good,0.0,Clear,0.0,0.25,0,None
TRP01212,TRK007,DRV017,Harare,Gweru,Harare → Gweru,275,2026-08-04,16.4,66.1,100.99,1.76,177.74,339.44,75.71,11.66,48.3,15.4,328.81,10.63,8.2,8.3,3.3,False,0,Fair,0.35,Cloudy,0.25,0.25,0,None
TRP01213,TRK006,DRV042,Harare,Beitbridge,Harare → Beitbridge,582,2026-04-09,19.5,72.8,197.21,1.58,311.59,931.67,140.2,46.97,104.79,36.96,640.51,291.16,14.7,16.8,3.5,True,133,Poor,0.8,Clear,0.0,0.65,1,Beitbridge Border Post
TRP01214,TRK015,DRV016,Bulawayo,Beitbridge,Bulawayo → Beitbridge,270,2026-02-14,23.1,92.0,111.11,1.53,170.0,339.51,80.07,39.88,53.93,16.34,360.22,-20.71,9.5,9.5,3.6,False,0,Poor,0.92,Clear,0.0,0.55,1,Beitbridge Border Post
TRP01215,TRK009,DRV009,Mutare,Chirundu,Mutare → Chirundu,598,2026-06-18,14.5,70.4,259.64,1.92,498.51,859.98,154.88,70.89,109.98,37.97,872.23,-12.25,15.1,18.0,3.8,True,174,Poor,0.8,Clear,0.0,0.68,1,Chirundu Border Post
TRP01216,TRK002,DRV003,Harare,Chirundu,Harare → Chirundu,335,2026-08-27,18.4,78.6,126.36,1.7,214.81,525.09,88.17,40.56,63.64,20.77,427.95,97.14,10.3,12.0,4.5,True,87,Fair,0.35,Cloudy,0.25,0.45,1,Chirundu Border Post
TRP01217,TRK021,DRV031,Mutare,Gweru,Mutare → Gweru,365,2026-05-19,14.8,63.8,143.46,1.59,228.1,556.84,97.56,27.02,71.18,23.73,447.59,109.25,9.5,9.7,3.0,False,0,Good,0.0,Rain,0.65,0.25,0,None
TRP01218,TRK018,DRV036,Gweru,Chirundu,Gweru → Chirundu,610,2026-05-07,23.1,83.7,206.93,1.7,351.78,988.91,144.6,70.44,121.97,38.73,727.52,261.39,15.0,16.4,4.0,True,75,Good,0.0,Rain,0.65,0.62,1,Chirundu Border Post
TRP01219,TRK035,DRV012,Harare,Beitbridge,Harare → Beitbridge,582,2026-07-21,16.9,80.9,222.28,1.65,366.76,786.14,141.22,69.11,100.3,36.08,713.47,72.67,14.8,17.6,4.6,True,170,Good,0.0,Clear,0.0,0.65,1,Beitbridge Border Post
TRP01220,TRK030,DRV041,Masvingo,Chirundu,Masvingo → Chirundu,627,2026-08-13,18.0,87.8,271.85,1.86,505.64,1002.25,152.83,23.53,126.36,38.87,847.23,155.02,14.1,14.3,3.3,False,0,Good,0.0,Clear,0.0,0.64,1,Chirundu Border Post
TRP01221,TRK028,DRV034,Masvingo,Beitbridge,Masvingo → Beitbridge,215,2026-08-15,15.9,67.7,82.98,1.83,151.85,273.73,60.38,34.89,38.8,13.01,298.93,-25.2,6.4,6.5,3.0,False,0,Fair,0.35,Clear,0.0,0.58,1,Beitbridge Border Post
TRP01222,TRK035,DRV020,Beitbridge,Chirundu,Beitbridge → Chirundu,830,2026-03-18,11.1,53.1,340.08,1.62,550.93,1250.82,194.04,58.03,163.85,51.46,1018.31,232.51,18.2,18.4,4.1,False,0,Fair,0.35,Cloudy,0.25,0.78,1,Chirundu Border Post
TRP01223,TRK035,DRV015,Gweru,Masvingo,Gweru → Masvingo,160,2025-11-06,18.6,89.0,60.08,1.77,106.34,214.78,55.09,21.05,27.5,9.92,219.9,-5.12,7.4,7.4,4.6,False,0,Good,0.0,Clear,0.0,0.25,0,None
TRP01224,TRK020,DRV024,Mutare,Chirundu,Mutare → Chirundu,598,2026-04-21,20.8,76.5,186.49,1.55,289.06,919.21,146.28,61.43,102.53,35.28,634.58,284.63,14.0,13.7,3.9,False,0,Good,0.0,Clear,0.0,0.68,1,Chirundu Border Post
TRP01225,TRK010,DRV020,Bulawayo,Masvingo,Bulawayo → Masvingo,260,2025-09-27,10.6,47.1,104.53,1.62,169.34,345.22,77.52,21.69,51.0,16.12,335.67,9.55,6.7,6.6,2.5,False,0,Good,0.0,Clear,0.0,0.25,0,None
TRP01226,TRK034,DRV009,Harare,Bulawayo,Harare → Bulawayo,440,2026-03-17,15.6,58.6,181.84,1.64,298.22,684.34,109.14,11.9,72.27,25.96,517.49,166.85,12.0,14.6,3.7,True,148,Poor,0.92,Clear,0.0,0.25,0,None
TRP01227,TRK031,DRV035,Bulawayo,Beitbridge,Bulawayo → Beitbridge,270,2025-09-26,14.2,66.0,101.99,1.91,194.8,350.82,66.9,55.9,54.01,17.55,389.16,-38.34,8.0,8.0,3.6,False,0,Good,0.0,Clear,0.0,0.55,1,Beitbridge Border Post
TRP01228,TRK031,DRV020,Gweru,Masvingo,Gweru → Masvingo,160,2025-09-26,15.3,71.2,60.37,1.63,98.4,215.24,51.15,8.12,28.17,10.4,196.24,19.0,6.4,6.3,3.9,False,0,Good,0.0,Clear,0.0,0.25,0,None
TRP01229,TRK019,DRV039,Mutare,Beitbridge,Mutare → Beitbridge,630,2026-01-18,17.4,62.8,218.59,1.72,375.97,760.89,159.85,31.31,114.4,36.22,717.75,43.14,14.4,15.6,4.3,True,72,Fair,0.35,Clear,0.0,0.7,1,Beitbridge Border Post
TRP01230,TRK024,DRV013,Harare,Bulawayo,Harare → Bulawayo,440,2026-04-20,19.3,78.5,138.61,1.74,241.18,700.97,110.46,2.77,75.49,23.98,453.88,247.09,11.1,11.2,3.7,False,0,Good,0.0,Clear,0.0,0.25,0,None
TRP01231,TRK028,DRV026,Gweru,Chirundu,Gweru → Chirundu,610,2026-01-27,18.5,78.7,276.82,1.82,503.81,976.97,146.07,49.75,104.14,36.91,840.68,136.29,16.8,17.9,4.2,True,51,Poor,0.92,Rain,0.65,0.62,1,Chirundu Border Post
TRP01232,TRK025,DRV025,Harare,Chirundu,Harare → Chirundu,335,2026-01-12,17.8,80.2,156.7,1.75,274.22,434.38,87.06,52.81,62.77,22.28,499.14,-64.76,10.0,11.2,3.6,True,84,Fair,0.35,Cloudy,0.25,0.45,1,Chirundu Border Post
TRP01233,TRK006,DRV028,Bulawayo,Masvingo,Bulawayo → Masvingo,260,2026-08-08,20.4,76.1,84.45,1.75,147.79,409.13,77.19,21.66,47.07,16.51,310.22,98.91,7.6,7.7,3.3,False,0,Good,0.0,Cloudy,0.25,0.25,0,None
TRP01234,TRK034,DRV040,Bulawayo,Gweru,Bulawayo → Gweru,165,2026-09-12,11.1,41.7,55.22,1.77,97.74,236.17,48.59,25.12,29.12,9.73,210.3,25.87,4.5,4.5,1.9,False,0,Good,0.0,Clear,0.0,0.25,0,None
TRP01235,TRK019,DRV042,Bulawayo,Masvingo,Bulawayo → Masvingo,260,2026-06-21,17.2,62.1,90.81,1.7,154.38,349.06,74.22,22.31,50.89,14.95,316.75,32.31,7.6,7.4,3.4,False,0,Fair,0.35,Clear,0.0,0.25,0,None
TRP01236,TRK027,DRV013,Bulawayo,Masvingo,Bulawayo → Masvingo,260,2025-10-27,25.2,95.1,97.08,1.48,143.68,414.2,68.15,23.33,50.74,14.17,300.07,114.13,8.7,10.6,3.9,True,125,Poor,0.8,Clear,0.0,0.25,0,None
TRP01237,TRK009,DRV019,Harare,Chirundu,Harare → Chirundu,335,2025-11-17,14.1,68.4,146.83,1.87,274.57,445.97,89.63,49.24,65.39,21.27,500.1,-54.13,11.7,11.6,4.9,False,0,Fair,0.35,Rain,0.65,0.45,1,Chirundu Border Post
TRP01238,TRK030,DRV040,Beitbridge,Chirundu,Beitbridge → Chirundu,830,2026-05-11,11.0,53.7,373.24,1.69,630.78,1186.81,199.46,73.68,164.06,51.46,1119.44,67.37,19.3,20.5,3.9,True,82,Poor,0.8,Clear,0.0,0.78,1,Chirundu Border Post
TRP01239,TRK032,DRV013,Bulawayo,Masvingo,Bulawayo → Masvingo,260,2026-03-05,13.1,71.6,104.14,1.78,185.37,387.53,66.7,26.47,43.29,16.51,338.34,49.19,8.3,8.4,4.0,False,0,Fair,0.35,Clear,0.0,0.25,0,None
TRP01240,TRK010,DRV004,Harare,Bulawayo,Harare → Bulawayo,440,2026-06-22,16.0,71.1,187.78,1.56,292.94,559.39,108.25,9.63,86.57,27.28,524.67,34.72,10.7,10.6,3.1,False,0,Fair,0.35,Clear,0.0,0.25,0,None
TRP01241,TRK012,DRV007,Harare,Bulawayo,Harare → Bulawayo,440,2026-02-13,15.9,60.2,166.35,1.78,296.1,587.85,104.65,0.43,76.96,23.98,502.12,85.73,11.9,11.9,4.3,False,0,Poor,0.92,Clear,0.0,0.25,0,None
TRP01242,TRK009,DRV029,Bulawayo,Masvingo,Bulawayo → Masvingo,260,2025-09-26,15.6,75.7,118.1,1.81,213.76,348.94,78.56,17.56,48.66,16.51,375.05,-26.11,6.7,6.8,2.0,False,0,Good,0.0,Rain,0.65,0.25,0,None
TRP01243,TRK006,DRV010,Bulawayo,Gweru,Bulawayo → Gweru,165,2025-09-29,18.1,67.5,61.28,1.85,113.37,236.0,52.13,0.13,29.67,10.48,205.78,30.22,6.0,5.8,3.2,False,0,Poor,0.8,Clear,0.0,0.25,0,None
TRP01244,TRK014,DRV022,Gweru,Masvingo,Gweru → Masvingo,160,2026-04-25,27.3,95.1,63.22,1.82,115.06,265.58,45.49,18.34,27.2,9.2,215.29,50.29,7.5,7.4,4.4,False,0,Poor,0.8,Clear,0.0,0.25,0,None
TRP01245,TRK032,DRV024,Bulawayo,Beitbridge,Bulawayo → Beitbridge,270,2026-05-17,11.2,61.2,116.12,1.76,204.37,400.14,71.28,72.95,54.39,17.14,420.13,-19.99,7.2,7.3,3.1,False,0,Good,0.0,Clear,0.0,0.55,1,Beitbridge Border Post
TRP01246,TRK022,DRV006,Harare,Mutare,Harare → Mutare,263,2025-12-05,18.7,77.9,100.1,1.79,179.18,332.03,80.12,20.94,48.15,14.73,343.12,-11.09,8.8,8.9,4.3,False,0,Good,0.0,Clear,0.0,0.25,0,None
TRP01247,TRK018,DRV026,Harare,Mutare,Harare → Mutare,263,2025-10-28,21.0,76.1,87.97,1.61,141.63,386.96,73.61,4.09,46.41,16.7,282.44,104.52,9.1,9.1,4.3,False,0,Good,0.0,Cloudy,0.25,0.25,0,None
TRP01248,TRK031,DRV012,Gweru,Chirundu,Gweru → Chirundu,610,2025-12-29,20.4,94.9,255.21,1.78,454.27,804.27,153.22,45.39,107.79,39.65,800.32,3.95,15.6,16.9,4.5,True,82,Fair,0.35,Clear,0.0,0.62,1,Chirundu Border Post
TRP01249,TRK025,DRV001,Bulawayo,Masvingo,Bulawayo → Masvingo,260,2025-11-23,17.9,80.6,115.1,1.62,186.46,386.48,80.21,15.9,48.07,17.29,347.93,38.55,9.4,11.8,4.2,True,170,Poor,0.92,Clear,0.0,0.25,0,None
TRP01250,TRK025,DRV029,Bulawayo,Gweru,Bulawayo → Gweru,165,2026-01-26,17.0,76.6,70.82,1.85,131.02,260.77,52.59,6.98,30.77,10.97,232.33,28.44,5.7,5.7,2.8,False,0,Good,0.0,Rain,0.65,0.25,0,None
TRP01251,TRK013,DRV030,Harare,Mutare,Harare → Mutare,263,2025-11-09,11.5,50.0,93.98,1.62,152.25,338.67,67.81,9.06,47.11,15.52,291.75,46.92,7.8,8.0,3.2,False,0,Fair,0.35,Cloudy,0.25,0.25,0,None
TRP01252,TRK014,DRV031,Gweru,Beitbridge,Gweru → Beitbridge,375,2026-04-09,21.2,73.9,137.06,1.73,237.11,454.33,97.47,54.39,62.15,21.56,472.68,-18.35,11.1,11.4,4.0,False,0,Poor,0.8,Clear,0.0,0.52,1,Beitbridge Border Post
TRP01253,TRK021,DRV011,Bulawayo,Beitbridge,Bulawayo → Beitbridge,270,2026-08-10,19.1,82.3,100.25,1.81,181.45,338.48,79.2,54.33,46.51,17.55,379.04,-40.56,8.9,8.9,4.3,False,0,Good,0.0,Clear,0.0,0.55,1,Beitbridge Border Post
TRP01254,TRK034,DRV008,Harare,Mutare,Harare → Mutare,263,2026-01-29,16.6,62.4,95.29,1.77,168.66,409.71,85.26,5.06,47.12,15.52,321.62,88.09,7.9,8.1,3.6,False,0,Good,0.0,Cloudy,0.25,0.25,0,None
TRP01255,TRK020,DRV013,Gweru,Masvingo,Gweru → Masvingo,160,2026-03-25,19.8,72.8,55.03,1.57,86.4,198.28,52.88,19.24,29.31,9.44,197.27,1.01,7.5,7.3,4.2,False,0,Poor,0.92,Cloudy,0.25,0.25,0,None
TRP01256,TRK014,DRV008,Harare,Mutare,Harare → Mutare,263,2026-01-20,17.8,62.0,97.04,1.64,159.15,392.59,62.91,19.71,43.98,15.12,300.87,91.72,7.8,7.8,2.8,False,0,Poor,0.92,Clear,0.0,0.25,0,None
TRP01257,TRK028,DRV021,Beitbridge,Chirundu,Beitbridge → Chirundu,830,2025-09-29,14.5,61.7,316.85,1.77,560.82,1254.85,201.29,57.94,146.91,50.21,1017.17,237.68,17.1,17.2,3.0,False,0,Fair,0.35,Clear,0.0,0.78,1,Chirundu Border Post
TRP01258,TRK018,DRV038,Harare,Chirundu,Harare → Chirundu,335,2025-11-22,25.0,90.6,133.23,1.84,245.14,530.75,90.24,32.52,66.51,21.27,455.68,75.07,10.4,13.0,3.7,True,180,Poor,0.92,Cloudy,0.25,0.45,1,Chirundu Border Post
TRP01259,TRK016,DRV001,Mutare,Masvingo,Mutare → Masvingo,380,2025-10-13,14.4,54.8,112.27,1.58,177.39,487.81,101.27,24.16,74.77,21.28,398.87,88.94,10.4,10.5,3.2,False,0,Fair,0.35,Clear,0.0,0.25,0,None
TRP01260,TRK031,DRV045,Masvingo,Beitbridge,Masvingo → Beitbridge,215,2026-07-24,14.0,65.1,87.57,1.84,161.13,302.45,62.32,30.18,40.06,13.97,307.66,-5.21,7.1,6.8,3.7,False,0,Fair,0.35,Cloudy,0.25,0.58,1,Beitbridge Border Post
TRP01261,TRK024,DRV006,Harare,Beitbridge,Harare → Beitbridge,582,2026-01-27,10.4,42.3,164.74,1.57,258.64,660.7,138.15,64.93,99.28,31.72,592.72,67.98,13.7,13.6,3.8,False,0,Good,0.0,Cloudy,0.25,0.65,1,Beitbridge Border Post
TRP01262,TRK032,DRV006,Harare,Chirundu,Harare → Chirundu,335,2026-09-08,14.0,76.5,135.74,1.87,253.83,416.48,90.71,59.84,56.0,21.27,481.65,-65.17,9.2,9.1,3.7,False,0,Good,0.0,Clear,0.0,0.45,1,Chirundu Border Post
TRP01263,TRK022,DRV041,Masvingo,Chirundu,Masvingo → Chirundu,627,2025-10-22,14.6,60.8,210.64,1.78,374.94,823.05,149.59,47.03,122.41,35.11,729.08,93.97,14.1,16.1,3.8,True,118,Good,0.0,Cloudy,0.25,0.64,1,Chirundu Border Post
TRP01264,TRK023,DRV042,Harare,Mutare,Harare → Mutare,263,2025-12-09,16.7,61.9,87.1,1.66,144.59,382.18,76.55,24.47,45.85,15.12,306.58,75.6,7.7,7.7,3.2,False,0,Poor,0.92,Clear,0.0,0.25,0,None
TRP01265,TRK007,DRV009,Gweru,Chirundu,Gweru → Chirundu,610,2026-05-29,20.4,82.3,209.49,1.7,356.13,798.05,144.32,74.61,101.31,34.16,710.53,87.52,15.7,17.0,4.2,True,92,Poor,0.8,Clear,0.0,0.62,1,Chirundu Border Post
TRP01266,TRK021,DRV036,Bulawayo,Gweru,Bulawayo → Gweru,165,2026-08-18,13.1,56.5,61.61,1.92,118.29,229.13,50.23,28.68,33.06,10.72,240.98,-11.85,5.3,5.4,2.4,False,0,Fair,0.35,Cloudy,0.25,0.25,0,None
TRP01267,TRK029,DRV013,Mutare,Gweru,Mutare → Gweru,365,2025-10-02,17.5,74.8,137.46,1.81,248.8,477.2,97.66,5.8,70.71,23.18,446.15,31.05,10.0,9.9,3.8,False,0,Good,0.0,Clear,0.0,0.25,0,None
TRP01268,TRK023,DRV009,Mutare,Masvingo,Mutare → Masvingo,380,2026-01-28,16.1,59.6,118.73,1.71,203.03,455.85,99.95,8.48,75.3,21.85,408.61,47.24,9.8,9.6,3.5,False,0,Fair,0.35,Cloudy,0.25,0.25,0,None
TRP01269,TRK032,DRV029,Harare,Mutare,Harare → Mutare,263,2026-07-05,17.4,95.1,110.83,1.65,182.87,375.83,73.04,1.94,48.38,16.7,322.93,52.9,9.4,9.6,4.7,False,0,Good,0.0,Cloudy,0.25,0.25,0,None
TRP01270,TRK035,DRV045,Bulawayo,Beitbridge,Bulawayo → Beitbridge,270,2026-05-30,14.8,70.8,114.56,1.77,202.77,401.44,67.03,60.43,44.08,16.74,391.05,10.39,9.0,11.1,4.0,True,125,Fair,0.35,Cloudy,0.25,0.55,1,Beitbridge Border Post
TRP01271,TRK012,DRV035,Bulawayo,Mutare,Bulawayo → Mutare,500,2026-03-19,12.8,48.5,173.88,1.74,302.55,713.44,123.84,19.97,83.86,27.25,557.47,155.97,12.1,12.2,3.1,False,0,Fair,0.35,Cloudy,0.25,0.25,0,None
TRP01272,TRK030,DRV018,Bulawayo,Chirundu,Bulawayo → Chirundu,775,2026-07-25,15.2,74.1,314.82,1.81,569.82,1102.67,191.95,26.22,134.05,48.05,970.09,132.58,20.8,21.9,4.7,True,47,Fair,0.35,Cloudy,0.25,0.72,1,Chirundu Border Post
TRP01273,TRK011,DRV005,Gweru,Chirundu,Gweru → Chirundu,610,2026-06-20,12.5,64.4,267.72,1.68,449.77,756.99,149.74,47.05,121.2,38.73,806.49,-49.5,14.2,15.7,3.2,True,100,Fair,0.35,Clear,0.0,0.62,1,Chirundu Border Post
TRP01274,TRK029,DRV019,Harare,Beitbridge,Harare → Beitbridge,582,2026-02-03,22.1,94.4,227.54,1.7,386.82,901.21,152.01,72.17,107.17,36.96,755.13,146.08,14.1,16.8,4.2,True,162,Good,0.0,Clear,0.0,0.65,1,Beitbridge Border Post
TRP01275,TRK024,DRV030,Gweru,Chirundu,Gweru → Chirundu,610,2025-09-22,12.8,52.0,166.82,1.86,310.29,690.0,155.54,40.54,105.79,33.25,645.41,44.59,13.5,13.4,3.5,False,0,Good,0.0,Clear,0.0,0.62,1,Chirundu Border Post
TRP01276,TRK033,DRV025,Beitbridge,Chirundu,Beitbridge → Chirundu,830,2025-12-25,19.7,87.6,326.66,1.57,512.86,1180.75,190.45,64.91,166.87,55.2,990.29,190.46,17.6,18.9,3.8,True,68,Good,0.0,Clear,0.0,0.78,1,Chirundu Border Post
TRP01277,TRK024,DRV040,Harare,Bulawayo,Harare → Bulawayo,440,2026-01-22,19.3,78.5,152.34,1.58,240.7,684.36,105.67,4.88,82.52,23.98,457.75,226.61,13.1,13.2,4.0,False,0,Poor,0.92,Cloudy,0.25,0.25,0,None
TRP01278,TRK005,DRV043,Bulawayo,Chirundu,Bulawayo → Chirundu,775,2026-06-24,22.4,94.9,299.32,1.71,511.84,996.35,181.51,37.15,151.22,44.56,926.28,70.07,19.1,20.9,4.2,True,96,Poor,0.8,Clear,0.0,0.72,1,Chirundu Border Post
TRP01279,TRK013,DRV034,Mutare,Masvingo,Mutare → Masvingo,380,2026-09-06,15.6,67.8,134.92,1.91,257.7,456.36,106.47,9.97,66.82,22.42,463.38,-7.02,9.9,9.7,3.9,False,0,Good,0.0,Clear,0.0,0.25,0,None
TRP01280,TRK010,DRV040,Gweru,Masvingo,Gweru → Masvingo,160,2026-02-13,15.8,70.2,62.05,1.75,108.59,188.67,56.85,3.41,27.29,9.92,206.06,-17.39,6.4,8.8,3.6,True,126,Fair,0.35,Clear,0.0,0.25,0,None
TRP01281,TRK027,DRV042,Bulawayo,Chirundu,Bulawayo → Chirundu,775,2026-03-05,17.0,64.2,256.18,1.67,427.82,947.21,184.92,71.85,149.72,42.24,876.55,70.66,17.1,19.6,4.0,True,160,Fair,0.35,Cloudy,0.25,0.72,1,Chirundu Border Post
TRP01282,TRK007,DRV034,Harare,Masvingo,Harare → Masvingo,292,2026-08-25,22.9,92.3,106.45,1.78,189.48,472.14,80.24,2.55,55.7,16.35,344.32,127.82,10.2,10.3,4.6,False,0,Good,0.0,Clear,0.0,0.25,0,None
TRP01283,TRK003,DRV009,Harare,Gweru,Harare → Gweru,275,2025-12-22,14.3,62.2,98.3,1.68,165.14,425.33,73.93,17.66,44.73,15.4,316.86,108.47,7.7,7.7,3.5,False,0,Good,0.0,Clear,0.0,0.25,0,None
TRP01284,TRK013,DRV007,Harare,Mutare,Harare → Mutare,263,2026-05-28,19.1,83.0,95.41,1.84,175.55,381.33,78.43,5.55,49.47,15.52,324.52,56.81,8.2,8.3,3.8,False,0,Good,0.0,Clear,0.0,0.25,0,None
TRP01285,TRK007,DRV003,Bulawayo,Mutare,Bulawayo → Mutare,500,2026-07-11,15.1,60.9,175.71,1.69,296.95,726.43,135.56,4.91,95.69,28.0,561.11,165.32,12.3,12.2,3.3,False,0,Poor,0.8,Cloudy,0.25,0.25,0,None
TRP01286,TRK025,DRV043,Beitbridge,Chirundu,Beitbridge → Chirundu,830,2026-05-30,17.2,77.5,376.52,1.45,545.95,1234.1,193.9,36.45,158.99,55.2,990.49,243.61,18.7,20.6,5.1,True,114,Poor,0.8,Clear,0.0,0.78,1,Chirundu Border Post
TRP01287,TRK017,DRV004,Gweru,Beitbridge,Gweru → Beitbridge,375,2026-03-28,18.0,68.4,114.1,1.58,180.28,593.19,100.1,41.49,67.65,20.44,409.96,183.23,10.8,10.8,4.3,False,0,Fair,0.35,Clear,0.0,0.52,1,Beitbridge Border Post
TRP01288,TRK005,DRV001,Bulawayo,Gweru,Bulawayo → Gweru,165,2026-01-06,13.0,55.1,57.03,1.74,99.23,240.82,50.41,26.61,26.94,9.49,212.68,28.14,6.1,5.9,3.5,False,0,Fair,0.35,Clear,0.0,0.25,0,None
TRP01289,TRK032,DRV006,Beitbridge,Chirundu,Beitbridge → Chirundu,830,2026-05-19,14.8,80.9,371.44,1.93,716.88,1017.9,203.24,36.64,157.75,52.7,1167.21,-149.31,18.6,21.2,4.0,True,147,Fair,0.35,Rain,0.65,0.78,1,Chirundu Border Post
TRP01290,TRK004,DRV024,Beitbridge,Chirundu,Beitbridge → Chirundu,830,2026-07-04,17.1,66.0,317.41,1.79,568.16,971.96,194.2,57.34,153.43,48.97,1022.1,-50.14,17.3,17.7,3.1,True,36,Fair,0.35,Clear,0.0,0.78,1,Chirundu Border Post
TRP01291,TRK024,DRV004,Mutare,Beitbridge,Mutare → Beitbridge,630,2026-08-03,14.3,58.1,204.07,1.8,367.33,923.95,152.71,70.63,112.4,34.34,737.41,186.54,14.5,16.0,3.0,True,90,Poor,0.8,Clear,0.0,0.7,1,Beitbridge Border Post
TRP01292,TRK034,DRV003,Bulawayo,Masvingo,Bulawayo → Masvingo,260,2025-10-28,19.2,72.2,89.55,1.83,163.88,341.25,68.04,18.2,49.66,15.34,315.12,26.13,7.7,7.8,2.9,False,0,Good,0.0,Clear,0.0,0.25,0,None
TRP01293,TRK005,DRV014,Bulawayo,Beitbridge,Bulawayo → Beitbridge,270,2026-06-14,16.1,68.2,97.29,1.73,168.31,314.27,69.16,47.08,51.85,15.52,351.92,-37.65,8.6,8.9,3.8,False,0,Fair,0.35,Clear,0.0,0.55,1,Beitbridge Border Post
TRP01294,TRK007,DRV015,Harare,Masvingo,Harare → Masvingo,292,2026-06-21,14.3,57.7,95.37,1.79,170.71,391.73,80.1,25.45,48.44,16.35,341.05,50.68,8.8,8.8,3.6,False,0,Fair,0.35,Clear,0.0,0.25,0,None
TRP01295,TRK013,DRV013,Mutare,Masvingo,Mutare → Masvingo,380,2026-06-18,21.3,92.6,155.0,1.84,285.2,526.58,104.29,9.84,69.49,22.42,491.24,35.34,10.7,10.6,4.1,False,0,Fair,0.35,Clear,0.0,0.25,0,None
TRP01296,TRK012,DRV036,Bulawayo,Gweru,Bulawayo → Gweru,165,2026-07-04,15.3,58.0,61.34,1.63,99.98,204.47,43.99,7.41,27.63,8.99,188.0,16.47,5.7,5.7,3.0,False,0,Fair,0.35,Cloudy,0.25,0.25,0,None
TRP01297,TRK007,DRV041,Mutare,Beitbridge,Mutare → Beitbridge,630,2026-07-14,9.1,36.7,223.01,1.68,374.66,740.14,147.28,48.49,107.99,35.28,713.7,26.44,14.7,15.1,3.9,False,0,Fair,0.35,Clear,0.0,0.7,1,Beitbridge Border Post
TRP01298,TRK030,DRV045,Mutare,Gweru,Mutare → Gweru,365,2026-08-28,11.1,54.1,155.11,1.68,260.58,485.38,92.4,16.57,72.65,22.63,464.83,20.55,10.1,10.0,3.9,False,0,Fair,0.35,Clear,0.0,0.25,0,None
TRP01299,TRK007,DRV011,Mutare,Beitbridge,Mutare → Beitbridge,630,2025-12-23,21.5,86.7,225.89,1.6,361.42,977.54,154.04,65.88,104.18,35.28,720.8,256.74,15.9,17.6,4.5,True,112,Fair,0.35,Clear,0.0,0.7,1,Beitbridge Border Post
TRP01300,TRK026,DRV033,Gweru,Chirundu,Gweru → Chirundu,610,2026-03-13,25.0,88.7,227.25,1.78,404.5,1037.43,155.29,30.29,119.26,38.73,748.07,289.36,14.4,14.6,4.4,False,0,Good,0.0,Clear,0.0,0.62,1,Chirundu Border Post
TRP01301,TRK035,DRV039,Harare,Chirundu,Harare → Chirundu,335,2026-05-06,17.0,81.3,130.43,1.78,232.17,404.15,81.65,40.88,62.81,20.77,438.28,-34.13,11.0,11.0,5.0,False,0,Good,0.0,Cloudy,0.25,0.45,1,Chirundu Border Post
TRP01302,TRK021,DRV036,Mutare,Gweru,Mutare → Gweru,365,2026-03-07,16.8,72.4,135.16,1.75,236.53,488.2,92.46,6.68,70.35,23.73,429.75,58.45,11.1,11.4,4.9,False,0,Good,0.0,Cloudy,0.25,0.25,0,None
TRP01303,TRK027,DRV041,Mutare,Gweru,Mutare → Gweru,365,2026-04-30,11.7,44.2,103.2,1.54,158.93,422.81,98.22,14.1,70.83,19.89,361.97,60.84,9.0,9.1,2.8,False,0,Fair,0.35,Clear,0.0,0.25,0,None
TRP01304,TRK016,DRV037,Bulawayo,Chirundu,Bulawayo → Chirundu,775,2026-06-28,24.3,92.4,255.57,1.59,406.36,1144.17,183.4,66.78,132.04,43.4,831.98,312.19,17.1,19.0,4.4,True,120,Good,0.0,Clear,0.0,0.72,1,Chirundu Border Post
TRP01305,TRK025,DRV036,Bulawayo,Mutare,Bulawayo → Mutare,500,2026-01-30,16.5,74.3,209.59,1.63,341.63,684.91,134.77,12.9,96.02,33.25,618.57,66.34,13.2,13.1,4.4,False,0,Good,0.0,Cloudy,0.25,0.25,0,None
TRP01306,TRK029,DRV029,Mutare,Gweru,Mutare → Gweru,365,2026-04-13,11.3,48.3,129.54,1.88,243.54,535.89,98.63,7.05,61.06,23.18,433.46,102.43,9.8,9.7,3.4,False,0,Good,0.0,Cloudy,0.25,0.25,0,None
TRP01307,TRK003,DRV019,Harare,Bulawayo,Harare → Bulawayo,440,2026-07-24,18.9,82.2,168.05,1.82,305.85,705.63,106.34,21.35,78.81,24.64,536.99,168.64,11.3,11.3,3.6,False,0,Fair,0.35,Clear,0.0,0.25,0,None
TRP01308,TRK034,DRV009,Harare,Bulawayo,Harare → Bulawayo,440,2026-02-23,16.8,63.2,164.21,1.61,264.38,648.51,115.37,19.26,86.29,25.96,511.26,137.25,10.1,10.0,2.8,False,0,Good,0.0,Clear,0.0,0.25,0,None
TRP01309,TRK020,DRV015,Harare,Bulawayo,Harare → Bulawayo,440,2026-01-09,16.4,60.3,123.42,1.56,192.54,545.13,114.66,23.11,86.53,25.96,442.8,102.33,11.3,11.4,4.7,False,0,Good,0.0,Clear,0.0,0.25,0,None
TRP01310,TRK002,DRV045,Bulawayo,Chirundu,Bulawayo → Chirundu,775,2026-02-10,18.6,79.5,294.69,1.79,527.5,1187.84,194.36,30.29,135.14,48.05,935.34,252.5,15.8,18.6,3.4,True,165,Good,0.0,Cloudy,0.25,0.72,1,Chirundu Border Post
TRP01311,TRK033,DRV036,Gweru,Chirundu,Gweru → Chirundu,610,2026-07-11,14.8,65.8,276.6,1.74,481.28,810.46,148.2,42.82,119.7,40.57,832.57,-22.11,14.6,14.5,3.4,False,0,Poor,0.8,Cloudy,0.25,0.62,1,Chirundu Border Post
TRP01312,TRK010,DRV007,Masvingo,Beitbridge,Masvingo → Beitbridge,215,2025-10-11,14.8,65.8,97.13,1.76,170.95,310.18,62.56,47.97,40.46,13.33,335.27,-25.09,6.5,6.3,2.5,False,0,Poor,0.8,Clear,0.0,0.58,1,Beitbridge Border Post
TRP01313,TRK023,DRV010,Mutare,Chirundu,Mutare → Chirundu,598,2025-12-01,24.1,89.3,203.62,1.62,329.86,975.37,148.48,43.5,115.82,34.38,672.04,303.33,16.6,16.6,4.2,False,0,Poor,0.92,Clear,0.0,0.68,1,Chirundu Border Post
TRP01314,TRK024,DRV038,Bulawayo,Masvingo,Bulawayo → Masvingo,260,2026-01-27,13.2,53.7,82.77,1.74,144.02,330.28,71.17,29.4,50.85,14.17,309.61,20.67,7.1,7.1,2.8,False,0,Fair,0.35,Clear,0.0,0.25,0,None
TRP01315,TRK017,DRV020,Bulawayo,Gweru,Bulawayo → Gweru,165,2025-11-08,13.3,50.6,50.26,1.91,96.0,246.73,56.52,8.78,33.11,8.99,203.4,43.33,5.6,5.8,3.2,False,0,Good,0.0,Clear,0.0,0.25,0,None
TRP01316,TRK026,DRV037,Masvingo,Beitbridge,Masvingo → Beitbridge,215,2026-01-11,22.2,78.7,79.15,1.7,134.56,305.53,60.67,73.29,36.31,13.65,318.48,-12.95,8.8,8.8,4.5,False,0,Fair,0.35,Cloudy,0.25,0.58,1,Beitbridge Border Post
TRP01317,TRK021,DRV031,Harare,Gweru,Harare → Gweru,275,2025-12-19,16.2,69.8,107.73,1.72,185.3,356.89,76.55,9.54,53.57,17.88,342.84,14.05,7.6,7.8,2.8,False,0,Good,0.0,Clear,0.0,0.25,0,None
TRP01318,TRK007,DRV039,Gweru,Masvingo,Gweru → Masvingo,160,2026-08-16,18.1,73.0,57.95,1.76,101.99,243.43,52.1,28.72,30.43,8.96,222.2,21.23,6.4,6.6,3.7,False,0,Fair,0.35,Cloudy,0.25,0.25,0,None
TRP01319,TRK003,DRV037,Bulawayo,Beitbridge,Bulawayo → Beitbridge,270,2026-04-05,21.8,94.8,119.09,1.71,203.64,379.36,76.44,47.64,46.28,15.12,389.12,-9.76,9.1,9.2,3.8,False,0,Fair,0.35,Rain,0.65,0.55,1,Beitbridge Border Post
TRP01320,TRK004,DRV022,Harare,Gweru,Harare → Gweru,275,2026-03-19,20.4,78.8,102.15,1.87,191.02,394.4,72.92,27.72,49.36,16.22,357.24,37.16,10.9,10.8,5.2,False,0,Fair,0.35,Rain,0.65,0.25,0,None
TRP01321,TRK027,DRV008,Mutare,Beitbridge,Mutare → Beitbridge,630,2026-01-16,16.7,63.0,200.37,1.75,350.65,959.5,155.32,30.51,112.56,34.34,683.38,276.12,13.5,13.4,3.7,False,0,Good,0.0,Clear,0.0,0.7,1,Beitbridge Border Post
TRP01322,TRK001,DRV041,Beitbridge,Chirundu,Beitbridge → Chirundu,830,2026-08-11,12.9,61.7,372.26,1.72,640.29,1127.57,198.82,22.78,149.24,56.44,1067.57,60.0,18.0,20.1,3.1,True,130,Fair,0.35,Cloudy,0.25,0.78,1,Chirundu Border Post
TRP01323,TRK004,DRV020,Mutare,Masvingo,Mutare → Masvingo,380,2026-06-17,15.6,60.2,126.81,1.65,209.24,595.84,94.78,6.43,70.58,22.42,403.45,192.39,9.0,9.2,2.6,False,0,Good,0.0,Clear,0.0,0.25,0,None
TRP01324,TRK021,DRV035,Harare,Mutare,Harare → Mutare,263,2026-07-08,15.4,66.4,109.39,1.71,187.06,359.19,69.31,5.82,49.38,17.1,328.67,30.52,8.7,8.4,3.9,False,0,Fair,0.35,Rain,0.65,0.25,0,None
TRP01325,TRK021,DRV033,Harare,Beitbridge,Harare → Beitbridge,582,2026-09-14,10.9,47.0,217.04,1.68,364.63,855.34,144.35,22.55,107.25,37.83,676.61,178.73,13.4,13.5,3.7,False,0,Fair,0.35,Clear,0.0,0.65,1,Beitbridge Border Post
TRP01326,TRK010,DRV004,Bulawayo,Gweru,Bulawayo → Gweru,165,2026-09-01,10.3,45.8,64.35,1.67,107.46,184.41,43.86,6.64,27.88,10.23,196.07,-11.66,6.3,6.4,3.7,False,0,Good,0.0,Clear,0.0,0.25,0,None
TRP01327,TRK029,DRV039,Mutare,Masvingo,Mutare → Masvingo,380,2026-07-13,21.9,93.6,146.72,1.66,243.56,477.94,97.88,17.7,63.04,24.13,446.31,31.63,10.7,10.5,3.9,False,0,Good,0.0,Clear,0.0,0.25,0,None
TRP01328,TRK006,DRV015,Gweru,Beitbridge,Gweru → Beitbridge,375,2026-05-01,25.5,95.1,134.6,1.68,226.13,598.34,89.49,57.27,70.78,23.81,467.48,130.86,12.1,12.7,5.1,True,33,Good,0.0,Cloudy,0.25,0.52,1,Beitbridge Border Post
TRP01329,TRK026,DRV010,Bulawayo,Beitbridge,Bulawayo → Beitbridge,270,2025-11-28,20.0,70.9,101.78,1.68,170.99,403.7,74.35,52.52,47.11,17.14,362.11,41.59,8.6,10.6,3.4,True,114,Poor,0.92,Cloudy,0.25,0.55,1,Beitbridge Border Post
TRP01330,TRK006,DRV031,Bulawayo,Chirundu,Bulawayo → Chirundu,775,2026-07-11,23.1,86.2,281.52,1.7,478.58,965.04,189.32,60.52,144.67,49.21,922.3,42.74,18.3,19.2,4.3,True,53,Fair,0.35,Clear,0.0,0.72,1,Chirundu Border Post
TRP01331,TRK026,DRV017,Harare,Mutare,Harare → Mutare,263,2025-11-04,17.0,60.3,88.24,1.8,158.83,415.3,69.07,8.83,48.66,16.7,302.09,113.21,9.2,9.2,3.9,False,0,Poor,0.92,Clear,0.0,0.25,0,None
TRP01332,TRK033,DRV028,Mutare,Masvingo,Mutare → Masvingo,380,2026-09-14,12.4,55.1,151.57,1.8,272.83,457.36,99.78,9.17,75.72,25.27,482.77,-25.41,9.6,9.7,3.4,False,0,Fair,0.35,Clear,0.0,0.25,0,None
TRP01333,TRK009,DRV031,Harare,Beitbridge,Harare → Beitbridge,582,2026-07-05,19.6,95.1,251.72,1.7,427.92,775.41,143.12,24.02,109.93,36.96,741.95,33.46,15.6,18.5,4.4,True,180,Good,0.0,Cloudy,0.25,0.65,1,Beitbridge Border Post
TRP01334,TRK032,DRV026,Bulawayo,Mutare,Bulawayo → Mutare,500,2026-08-21,16.1,88.0,209.5,1.67,349.87,605.65,126.08,24.45,85.2,31.75,617.35,-11.7,12.3,12.2,4.1,False,0,Fair,0.35,Clear,0.0,0.25,0,None
TRP01335,TRK013,DRV036,Masvingo,Beitbridge,Masvingo → Beitbridge,215,2026-08-03,19.8,86.1,81.34,1.67,135.84,325.14,61.12,74.02,36.43,12.68,320.09,5.05,8.0,8.2,4.3,False,0,Good,0.0,Cloudy,0.25,0.58,1,Beitbridge Border Post
TRP01336,TRK016,DRV016,Gweru,Beitbridge,Gweru → Beitbridge,375,2025-10-28,25.0,95.1,114.19,1.69,192.98,505.41,93.42,43.93,73.16,21.0,424.49,80.92,11.6,11.9,5.1,False,0,Good,0.0,Cloudy,0.25,0.52,1,Beitbridge Border Post
TRP01337,TRK028,DRV021,Bulawayo,Masvingo,Bulawayo → Masvingo,260,2026-09-07,15.7,66.8,102.51,1.63,167.09,359.93,73.14,13.65,43.1,15.73,312.71,47.22,8.5,8.4,3.5,False,0,Good,0.0,Cloudy,0.25,0.25,0,None
TRP01338,TRK006,DRV008,Masvingo,Beitbridge,Masvingo → Beitbridge,215,2026-08-31,14.8,55.2,71.85,1.66,119.27,255.5,66.34,35.94,42.01,13.65,277.21,-21.71,6.3,6.3,2.8,False,0,Good,0.0,Rain,0.65,0.58,1,Beitbridge Border Post
TRP01339,TRK028,DRV024,Mutare,Beitbridge,Mutare → Beitbridge,630,2026-03-19,12.1,51.5,221.52,1.6,354.43,937.39,147.04,32.55,126.49,38.12,698.63,238.76,13.4,13.3,3.3,False,0,Good,0.0,Clear,0.0,0.7,1,Beitbridge Border Post
TRP01340,TRK021,DRV023,Bulawayo,Mutare,Bulawayo → Mutare,500,2026-07-23,14.6,62.9,186.6,1.56,291.1,630.65,126.46,17.37,98.71,32.5,566.14,64.51,12.3,12.1,3.4,False,0,Fair,0.35,Clear,0.0,0.25,0,None
TRP01341,TRK002,DRV020,Beitbridge,Chirundu,Beitbridge → Chirundu,830,2025-12-17,10.7,45.7,294.68,1.73,509.8,1199.94,206.8,60.15,163.51,51.46,991.72,208.22,16.8,16.7,3.7,False,0,Fair,0.35,Clear,0.0,0.78,1,Chirundu Border Post
TRP01342,TRK029,DRV040,Mutare,Gweru,Mutare → Gweru,365,2025-12-05,20.3,86.8,146.75,1.8,264.15,446.69,90.35,9.81,69.81,23.18,457.3,-10.61,10.5,10.5,4.1,False,0,Good,0.0,Clear,0.0,0.25,0,None
TRP01343,TRK003,DRV015,Mutare,Chirundu,Mutare → Chirundu,598,2026-01-02,19.6,85.2,223.88,1.76,394.03,741.18,142.61,33.4,101.97,33.49,705.5,35.68,14.6,14.6,4.5,False,0,Good,0.0,Clear,0.0,0.68,1,Chirundu Border Post
TRP01344,TRK010,DRV006,Mutare,Gweru,Mutare → Gweru,365,2025-11-18,21.4,95.1,162.53,1.73,281.18,591.82,88.48,7.96,73.02,22.63,473.27,118.55,9.1,9.3,3.1,False,0,Good,0.0,Clear,0.0,0.25,0,None
TRP01345,TRK016,DRV040,Harare,Mutare,Harare → Mutare,263,2025-12-06,17.5,66.5,80.26,1.66,133.23,335.57,68.96,10.76,44.13,14.73,271.81,63.76,8.6,8.6,4.0,False,0,Good,0.0,Clear,0.0,0.25,0,None
TRP01346,TRK001,DRV022,Bulawayo,Beitbridge,Bulawayo → Beitbridge,270,2026-09-12,18.6,89.0,126.53,2.0,253.06,416.44,66.53,20.57,50.8,18.36,409.32,7.12,8.0,8.6,3.5,True,29,Fair,0.35,Clear,0.0,0.55,1,Beitbridge Border Post
TRP01347,TRK020,DRV029,Harare,Masvingo,Harare → Masvingo,292,2026-05-21,23.8,87.5,99.41,1.74,172.97,365.25,80.22,23.74,54.98,17.23,349.14,16.11,9.1,9.0,3.8,False,0,Fair,0.35,Clear,0.0,0.25,0,None
TRP01348,TRK022,DRV014,Harare,Bulawayo,Harare → Bulawayo,440,2026-06-24,20.7,86.2,166.85,1.73,288.65,649.12,115.72,28.25,83.48,24.64,540.74,108.38,13.3,13.2,4.5,False,0,Fair,0.35,Rain,0.65,0.25,0,None
TRP01349,TRK014,DRV035,Bulawayo,Mutare,Bulawayo → Mutare,500,2026-06-16,18.8,65.5,182.5,1.7,310.25,664.97,126.21,26.6,83.27,28.75,575.08,89.89,12.4,12.4,3.4,False,0,Good,0.0,Cloudy,0.25,0.25,0,None
TRP01350,TRK031,DRV040,Bulawayo,Masvingo,Bulawayo → Masvingo,260,2025-12-03,20.3,94.4,110.84,1.63,180.67,376.09,74.15,1.63,50.55,16.9,323.9,52.19,8.9,8.9,3.4,False,0,Fair,0.35,Cloudy,0.25,0.25,0,None
TRP01351,TRK025,DRV038,Harare,Bulawayo,Harare → Bulawayo,440,2026-08-27,12.8,57.7,194.69,1.71,332.92,614.44,111.44,15.74,80.56,29.26,569.92,44.52,11.8,11.8,3.5,False,0,Poor,0.8,Clear,0.0,0.25,0,None
TRP01352,TRK003,DRV017,Gweru,Beitbridge,Gweru → Beitbridge,375,2025-12-18,17.2,74.8,146.86,1.8,264.35,458.83,101.79,69.55,62.51,21.0,519.2,-60.37,10.0,9.8,4.2,False,0,Good,0.0,Clear,0.0,0.52,1,Beitbridge Border Post
TRP01353,TRK019,DRV013,Harare,Mutare,Harare → Mutare,263,2026-09-13,8.1,29.2,86.62,1.57,135.99,315.06,75.01,21.54,45.76,15.12,293.42,21.64,7.7,7.7,3.5,False,0,Fair,0.35,Cloudy,0.25,0.25,0,None
TRP01354,TRK018,DRV004,Masvingo,Chirundu,Masvingo → Chirundu,627,2026-05-18,12.2,44.2,214.9,1.6,343.84,907.13,150.72,61.28,104.29,39.81,699.94,207.19,13.8,13.7,3.5,False,0,Good,0.0,Clear,0.0,0.64,1,Chirundu Border Post
TRP01355,TRK001,DRV005,Beitbridge,Chirundu,Beitbridge → Chirundu,830,2026-04-08,18.3,87.6,386.03,1.87,721.88,1062.17,197.66,25.28,154.94,56.44,1156.2,-94.03,16.7,17.6,3.5,True,64,Good,0.0,Clear,0.0,0.78,1,Chirundu Border Post
TRP01356,TRK024,DRV007,Bulawayo,Masvingo,Bulawayo → Masvingo,260,2025-10-01,15.3,62.2,81.15,1.66,134.71,330.53,75.28,28.32,43.1,14.17,295.58,34.95,7.9,7.9,3.5,False,0,Fair,0.35,Cloudy,0.25,0.25,0,None
TRP01357,TRK025,DRV015,Bulawayo,Beitbridge,Bulawayo → Beitbridge,270,2026-04-04,18.7,84.2,109.54,1.74,190.6,362.87,74.52,33.65,49.52,17.96,366.25,-3.38,8.7,8.6,4.2,False,0,Good,0.0,Clear,0.0,0.55,1,Beitbridge Border Post
TRP01358,TRK007,DRV021,Gweru,Beitbridge,Gweru → Beitbridge,375,2026-05-28,13.4,54.0,130.5,1.92,250.56,483.28,101.67,59.07,70.86,21.0,503.16,-19.88,9.0,9.1,2.4,False,0,Good,0.0,Clear,0.0,0.52,1,Beitbridge Border Post
TRP01359,TRK035,DRV006,Masvingo,Chirundu,Masvingo → Chirundu,627,2025-12-26,13.9,66.5,257.11,1.81,465.37,872.73,149.76,53.9,121.96,38.87,829.86,42.87,13.7,15.6,2.4,True,114,Poor,0.92,Cloudy,0.25,0.64,1,Chirundu Border Post
TRP01360,TRK033,DRV030,Bulawayo,Mutare,Bulawayo → Mutare,500,2026-07-06,20.7,92.0,200.96,1.72,345.65,767.65,125.37,9.26,100.62,33.25,614.15,153.5,12.9,13.0,4.1,False,0,Good,0.0,Cloudy,0.25,0.25,0,None
TRP01361,TRK003,DRV016,Harare,Bulawayo,Harare → Bulawayo,440,2026-06-20,13.4,58.3,174.72,1.56,272.56,644.19,111.8,3.03,76.28,24.64,488.31,155.88,10.2,10.1,2.9,False,0,Fair,0.35,Rain,0.65,0.25,0,None
TRP01362,TRK022,DRV032,Bulawayo,Beitbridge,Bulawayo → Beitbridge,270,2026-04-11,17.1,71.2,99.06,1.72,170.38,319.56,71.69,40.96,51.1,15.12,349.25,-29.69,8.6,8.5,3.6,False,0,Fair,0.35,Cloudy,0.25,0.55,1,Beitbridge Border Post
TRP01363,TRK002,DRV023,Harare,Chirundu,Harare → Chirundu,335,2026-09-07,17.7,75.6,112.44,1.64,184.4,427.9,89.55,33.03,61.76,20.77,389.51,38.39,9.2,9.3,3.7,False,0,Good,0.0,Clear,0.0,0.45,1,Chirundu Border Post
TRP01364,TRK023,DRV041,Mutare,Gweru,Mutare → Gweru,365,2026-02-23,17.7,65.6,113.33,1.75,198.33,460.58,101.62,9.14,72.01,20.99,402.09,58.49,8.9,8.8,3.4,False,0,Good,0.0,Clear,0.0,0.25,0,None
TRP01365,TRK033,DRV018,Bulawayo,Gweru,Bulawayo → Gweru,165,2025-10-23,18.0,80.0,63.76,1.78,113.49,239.53,52.54,4.02,32.49,10.97,213.51,26.02,6.6,6.5,3.8,False,0,Fair,0.35,Clear,0.0,0.25,0,None
TRP01366,TRK017,DRV025,Beitbridge,Chirundu,Beitbridge → Chirundu,830,2025-10-07,18.6,70.7,276.56,1.84,508.87,1106.42,197.72,70.83,139.19,45.24,961.85,144.57,19.3,20.0,3.9,True,46,Fair,0.35,Cloudy,0.25,0.78,1,Chirundu Border Post
TRP01367,TRK018,DRV015,Gweru,Chirundu,Gweru → Chirundu,610,2025-12-08,19.3,69.9,242.75,1.68,407.82,810.74,152.45,56.48,104.27,38.73,759.75,50.99,16.3,16.6,4.0,False,0,Poor,0.92,Clear,0.0,0.62,1,Chirundu Border Post
TRP01368,TRK026,DRV043,Bulawayo,Chirundu,Bulawayo → Chirundu,775,2025-12-01,21.6,76.6,287.17,1.66,476.7,1002.54,183.78,61.62,155.56,49.21,926.87,75.67,19.2,19.1,4.2,False,0,Fair,0.35,Rain,0.65,0.72,1,Chirundu Border Post
TRP01369,TRK025,DRV034,Harare,Gweru,Harare → Gweru,275,2026-09-04,9.3,41.9,112.36,1.68,188.76,318.42,70.69,0.46,52.68,18.29,330.88,-12.46,8.6,8.5,3.8,False,0,Fair,0.35,Rain,0.65,0.25,0,None
TRP01370,TRK015,DRV027,Masvingo,Chirundu,Masvingo → Chirundu,627,2026-01-23,22.3,88.8,248.54,1.77,439.92,1029.76,147.08,35.31,125.74,37.93,785.98,243.78,15.2,15.7,4.1,True,30,Good,0.0,Rain,0.65,0.64,1,Chirundu Border Post
TRP01371,TRK010,DRV028,Masvingo,Beitbridge,Masvingo → Beitbridge,215,2026-02-28,20.9,92.9,86.2,1.69,145.68,260.9,55.35,26.98,42.58,13.33,283.92,-23.02,8.1,8.1,4.4,False,0,Good,0.0,Clear,0.0,0.58,1,Beitbridge Border Post
TRP01372,TRK022,DRV029,Masvingo,Chirundu,Masvingo → Chirundu,627,2026-06-26,19.0,79.2,241.78,1.72,415.86,828.39,153.03,78.61,111.85,35.11,794.46,33.93,13.6,13.8,3.7,False,0,Good,0.0,Clear,0.0,0.64,1,Chirundu Border Post
TRP01373,TRK014,DRV042,Harare,Beitbridge,Harare → Beitbridge,582,2025-12-01,22.6,78.7,228.4,1.64,374.58,886.75,155.83,21.06,114.09,33.46,699.02,187.73,15.0,14.6,3.2,False,0,Fair,0.35,Cloudy,0.25,0.65,1,Beitbridge Border Post
TRP01374,TRK035,DRV044,Masvingo,Beitbridge,Masvingo → Beitbridge,215,2026-01-03,14.7,70.3,87.84,1.63,143.18,283.72,61.57,30.23,40.74,13.33,289.05,-5.33,6.8,7.2,3.3,False,0,Good,0.0,Clear,0.0,0.58,1,Beitbridge Border Post
TRP01375,TRK020,DRV045,Harare,Beitbridge,Harare → Beitbridge,582,2026-09-18,15.7,57.7,200.44,1.66,332.73,804.08,142.37,56.58,96.06,34.34,662.08,142.0,14.4,14.5,3.0,False,0,Fair,0.35,Cloudy,0.25,0.65,1,Beitbridge Border Post
TRP01376,TRK009,DRV028,Gweru,Beitbridge,Gweru → Beitbridge,375,2025-12-05,16.5,80.1,168.81,1.68,283.6,478.36,95.14,23.81,71.26,23.81,497.62,-19.26,10.3,10.4,3.6,False,0,Fair,0.35,Clear,0.0,0.52,1,Beitbridge Border Post
TRP01377,TRK011,DRV021,Beitbridge,Chirundu,Beitbridge → Chirundu,830,2025-10-26,12.4,63.9,355.28,1.73,614.63,1222.98,203.9,63.19,165.97,52.7,1100.39,122.59,16.9,19.9,3.2,True,177,Good,0.0,Clear,0.0,0.78,1,Chirundu Border Post
TRP01378,TRK035,DRV008,Gweru,Chirundu,Gweru → Chirundu,610,2025-12-25,14.7,70.3,260.5,1.82,474.11,846.91,148.42,21.17,113.0,37.82,794.52,52.39,14.3,15.8,4.1,True,70,Good,0.0,Rain,0.65,0.62,1,Chirundu Border Post
TRP01379,TRK010,DRV002,Bulawayo,Chirundu,Bulawayo → Chirundu,775,2026-03-04,8.6,38.2,304.55,1.74,529.92,1114.25,182.0,31.35,137.53,48.05,928.85,185.4,18.7,19.9,3.8,True,86,Poor,0.92,Clear,0.0,0.72,1,Chirundu Border Post
TRP01380,TRK027,DRV020,Mutare,Beitbridge,Mutare → Beitbridge,630,2026-05-06,21.9,82.6,192.79,1.72,331.6,886.21,159.48,64.19,122.2,34.34,711.81,174.4,14.2,14.1,3.6,False,0,Good,0.0,Cloudy,0.25,0.7,1,Beitbridge Border Post
TRP01381,TRK018,DRV010,Beitbridge,Chirundu,Beitbridge → Chirundu,830,2025-12-27,16.1,58.3,269.66,1.64,442.24,1304.21,194.73,66.6,150.27,52.7,906.54,397.67,17.0,16.8,3.7,False,0,Good,0.0,Clear,0.0,0.78,1,Chirundu Border Post
TRP01382,TRK009,DRV012,Harare,Masvingo,Harare → Masvingo,292,2025-10-05,15.5,75.2,128.61,1.7,218.64,381.93,74.17,13.02,57.46,18.54,381.83,0.1,8.6,8.7,3.7,False,0,Good,0.0,Cloudy,0.25,0.25,0,None
TRP01383,TRK018,DRV039,Masvingo,Chirundu,Masvingo → Chirundu,627,2026-07-09,12.6,45.7,208.21,1.87,389.35,894.4,152.36,72.64,125.12,39.81,779.28,115.12,14.5,17.0,2.8,True,147,Poor,0.8,Clear,0.0,0.64,1,Chirundu Border Post
TRP01384,TRK015,DRV039,Masvingo,Chirundu,Masvingo → Chirundu,627,2026-01-18,21.1,84.1,223.93,1.77,396.36,844.12,155.13,79.54,124.98,37.93,793.94,50.18,15.8,16.0,4.3,False,0,Good,0.0,Clear,0.0,0.64,1,Chirundu Border Post
TRP01385,TRK002,DRV023,Bulawayo,Gweru,Bulawayo → Gweru,165,2025-11-01,13.8,59.0,55.9,1.7,95.03,193.64,43.11,29.62,29.17,10.23,207.16,-13.52,6.0,6.0,3.4,False,0,Fair,0.35,Clear,0.0,0.25,0,None
TRP01386,TRK009,DRV033,Gweru,Masvingo,Gweru → Masvingo,160,2026-07-28,14.7,71.4,63.89,1.73,110.53,209.69,53.89,6.97,31.94,10.16,213.49,-3.8,6.5,6.6,4.0,False,0,Good,0.0,Clear,0.0,0.25,0,None
TRP01387,TRK024,DRV012,Gweru,Masvingo,Gweru → Masvingo,160,2026-04-08,23.1,93.9,52.24,1.68,87.76,252.65,51.29,12.82,27.75,8.72,188.34,64.31,6.9,6.9,4.0,False,0,Fair,0.35,Cloudy,0.25,0.25,0,None
TRP01388,TRK031,DRV009,Gweru,Masvingo,Gweru → Masvingo,160,2025-12-14,17.4,80.9,68.04,1.76,119.75,211.26,49.76,10.24,30.24,10.4,220.39,-9.13,7.2,7.6,4.6,False,0,Good,0.0,Clear,0.0,0.25,0,None
TRP01389,TRK015,DRV003,Bulawayo,Mutare,Bulawayo → Mutare,500,2026-04-19,16.2,64.5,170.48,1.84,313.68,647.5,118.71,28.46,97.28,30.25,588.38,59.12,12.7,12.7,3.9,False,0,Good,0.0,Clear,0.0,0.25,0,None
TRP01390,TRK018,DRV027,Harare,Bulawayo,Harare → Bulawayo,440,2026-01-13,19.4,70.3,147.24,1.72,253.25,575.5,110.88,28.56,72.31,27.94,492.94,82.56,10.3,10.4,3.4,False,0,Good,0.0,Clear,0.0,0.25,0,None
TRP01391,TRK014,DRV005,Bulawayo,Mutare,Bulawayo → Mutare,500,2025-12-21,26.2,91.3,181.29,1.75,317.26,771.34,121.22,25.88,97.29,28.75,590.4,180.94,12.3,12.1,3.2,False,0,Fair,0.35,Clear,0.0,0.25,0,None
TRP01392,TRK032,DRV045,Mutare,Chirundu,Mutare → Chirundu,598,2026-03-07,14.2,77.6,255.97,1.71,437.71,682.33,144.08,54.62,114.24,37.97,788.62,-106.29,14.3,16.9,3.8,True,160,Fair,0.35,Rain,0.65,0.68,1,Chirundu Border Post
TRP01393,TRK016,DRV028,Mutare,Chirundu,Mutare → Chirundu,598,2026-04-17,19.6,74.5,191.38,1.72,329.17,716.61,147.72,34.8,114.98,33.49,660.16,56.45,15.0,17.7,4.1,True,174,Good,0.0,Cloudy,0.25,0.68,1,Chirundu Border Post
TRP01394,TRK025,DRV021,Harare,Mutare,Harare → Mutare,263,2026-04-11,12.4,55.9,104.12,1.61,167.63,365.51,70.83,3.74,50.45,17.49,310.14,55.37,7.2,7.3,2.8,False,0,Good,0.0,Rain,0.65,0.25,0,None
TRP01395,TRK035,DRV034,Masvingo,Chirundu,Masvingo → Chirundu,627,2026-08-16,19.9,95.2,304.95,1.89,576.36,919.06,151.0,61.73,118.97,38.87,946.93,-27.87,15.9,18.4,3.4,True,152,Poor,0.8,Rain,0.65,0.64,1,Chirundu Border Post
TRP01396,TRK034,DRV007,Harare,Mutare,Harare → Mutare,263,2026-05-11,23.3,87.6,106.76,1.58,168.68,327.36,78.14,21.25,43.49,15.52,327.08,0.28,8.9,9.7,3.7,True,61,Poor,0.8,Cloudy,0.25,0.25,0,None
TRP01397,TRK003,DRV016,Mutare,Chirundu,Mutare → Chirundu,598,2026-06-14,15.6,67.8,219.82,1.66,364.9,934.33,143.83,55.88,108.29,33.49,706.39,227.94,13.0,12.9,3.5,False,0,Good,0.0,Clear,0.0,0.68,1,Chirundu Border Post
TRP01398,TRK026,DRV003,Gweru,Chirundu,Gweru → Chirundu,610,2026-07-04,25.6,90.8,241.24,1.68,405.28,1032.04,145.76,34.7,111.6,38.73,736.07,295.97,13.5,16.7,3.6,True,171,Fair,0.35,Clear,0.0,0.62,1,Chirundu Border Post
TRP01399,TRK034,DRV041,Mutare,Masvingo,Mutare → Masvingo,380,2025-10-17,23.0,86.5,149.93,1.62,242.89,466.68,102.19,21.22,76.54,22.42,465.26,1.42,10.8,10.8,3.4,False,0,Fair,0.35,Clear,0.0,0.25,0,None
TRP01400,TRK019,DRV029,Bulawayo,Mutare,Bulawayo → Mutare,500,2026-04-13,14.1,50.9,180.55,1.68,303.32,777.8,125.09,14.91,99.17,28.75,571.24,206.56,13.3,13.3,4.1,False,0,Good,0.0,Rain,0.65,0.25,0,None
TRP01401,TRK019,DRV030,Bulawayo,Beitbridge,Bulawayo → Beitbridge,270,2025-12-16,16.4,59.2,101.52,1.71,173.6,373.22,68.94,77.67,48.99,15.52,384.72,-11.5,7.4,8.1,2.8,True,38,Poor,0.92,Cloudy,0.25,0.55,1,Beitbridge Border Post
TRP01402,TRK019,DRV040,Mutare,Beitbridge,Mutare → Beitbridge,630,2025-10-19,23.4,84.5,254.57,1.73,440.41,979.01,150.02,78.87,119.77,36.22,825.29,153.72,16.9,17.6,3.8,True,47,Poor,0.8,Rain,0.65,0.7,1,Beitbridge Border Post
TRP01403,TRK010,DRV030,Gweru,Beitbridge,Gweru → Beitbridge,375,2026-08-18,16.7,74.2,166.18,1.91,317.4,467.38,91.46,42.19,65.91,23.25,540.21,-72.83,11.2,13.9,4.3,True,165,Poor,0.8,Clear,0.0,0.52,1,Beitbridge Border Post
TRP01404,TRK006,DRV033,Mutare,Chirundu,Mutare → Chirundu,598,2025-11-18,22.0,82.1,221.43,1.67,369.79,812.95,142.6,49.12,98.63,37.97,698.11,114.84,15.0,17.4,4.2,True,155,Good,0.0,Cloudy,0.25,0.68,1,Chirundu Border Post
TRP01405,TRK035,DRV009,Harare,Chirundu,Harare → Chirundu,335,2026-04-11,18.8,90.0,148.6,1.63,242.22,507.0,85.16,38.76,54.35,20.77,441.26,65.74,9.0,9.3,3.0,False,0,Fair,0.35,Clear,0.0,0.45,1,Chirundu Border Post
TRP01406,TRK021,DRV029,Mutare,Beitbridge,Mutare → Beitbridge,630,2025-10-04,16.9,72.8,242.24,1.58,382.74,817.31,153.76,44.24,126.31,40.95,748.0,69.31,15.2,16.6,4.0,True,91,Fair,0.35,Clear,0.0,0.7,1,Beitbridge Border Post
TRP01407,TRK030,DRV038,Harare,Chirundu,Harare → Chirundu,335,2026-09-21,8.6,42.0,142.92,1.9,271.55,456.07,95.08,74.09,65.43,20.77,526.92,-70.85,7.7,7.7,2.8,False,0,Good,0.0,Cloudy,0.25,0.45,1,Chirundu Border Post
TRP01408,TRK030,DRV006,Bulawayo,Mutare,Bulawayo → Mutare,500,2026-01-28,15.9,77.6,208.06,1.69,351.62,775.14,123.68,8.88,99.85,31.0,615.03,160.11,13.3,13.0,4.2,False,0,Fair,0.35,Clear,0.0,0.25,0,None
TRP01409,TRK011,DRV008,Bulawayo,Chirundu,Bulawayo → Chirundu,775,2025-11-07,14.2,73.2,308.87,1.81,559.05,892.32,182.69,40.28,131.67,49.21,962.9,-70.58,16.7,18.9,3.7,True,137,Good,0.0,Clear,0.0,0.72,1,Chirundu Border Post
TRP01410,TRK029,DRV041,Harare,Masvingo,Harare → Masvingo,292,2026-03-26,17.9,76.5,118.19,1.92,226.92,389.52,75.96,29.86,55.62,18.54,406.9,-17.38,9.5,9.4,4.7,False,0,Good,0.0,Clear,0.0,0.25,0,None
TRP01411,TRK034,DRV025,Harare,Gweru,Harare → Gweru,275,2026-06-10,13.3,50.0,93.67,1.83,171.42,354.09,86.67,13.66,53.58,16.22,341.55,12.54,7.9,8.0,3.5,False,0,Good,0.0,Rain,0.65,0.25,0,None
TRP01412,TRK011,DRV025,Masvingo,Chirundu,Masvingo → Chirundu,627,2026-06-30,13.8,71.1,260.64,1.55,403.99,749.11,149.16,24.42,116.62,39.81,734.0,15.11,14.1,15.2,3.7,True,85,Good,0.0,Cloudy,0.25,0.64,1,Chirundu Border Post
TRP01413,TRK003,DRV011,Mutare,Masvingo,Mutare → Masvingo,380,2026-03-12,13.0,56.5,132.6,1.76,233.38,572.32,93.51,20.6,71.83,21.28,440.6,131.72,9.3,9.5,3.3,False,0,Fair,0.35,Clear,0.0,0.25,0,None
TRP01414,TRK010,DRV011,Masvingo,Beitbridge,Masvingo → Beitbridge,215,2025-12-05,14.2,63.1,87.48,1.57,137.34,298.56,57.69,76.91,36.32,13.33,321.59,-23.03,7.0,9.9,3.2,True,172,Good,0.0,Cloudy,0.25,0.58,1,Beitbridge Border Post
TRP01415,TRK004,DRV027,Harare,Chirundu,Harare → Chirundu,335,2026-02-26,14.8,57.1,106.18,1.75,185.81,419.65,79.87,37.82,57.55,19.77,380.82,38.83,8.1,8.3,3.1,False,0,Good,0.0,Clear,0.0,0.45,1,Chirundu Border Post
TRP01416,TRK029,DRV019,Bulawayo,Beitbridge,Bulawayo → Beitbridge,270,2026-08-08,15.2,65.0,113.55,1.58,179.41,382.65,74.41,64.22,49.11,17.14,384.29,-1.64,8.7,8.5,3.9,False,0,Fair,0.35,Clear,0.0,0.55,1,Beitbridge Border Post
TRP01417,TRK008,DRV009,Harare,Chirundu,Harare → Chirundu,335,2026-01-03,12.1,50.8,130.04,1.77,230.17,453.41,91.02,51.13,61.1,21.78,455.2,-1.79,8.6,8.6,3.3,False,0,Good,0.0,Clear,0.0,0.45,1,Chirundu Border Post
TRP01418,TRK017,DRV001,Harare,Bulawayo,Harare → Bulawayo,440,2026-05-14,12.9,49.0,143.41,1.8,258.14,521.07,105.7,5.5,78.7,23.98,472.02,49.05,10.7,10.8,2.9,False,0,Poor,0.8,Clear,0.0,0.25,0,None
TRP01419,TRK032,DRV035,Gweru,Masvingo,Gweru → Masvingo,160,2025-09-24,17.4,95.1,66.9,1.59,106.37,247.86,44.07,0.44,27.6,10.16,188.64,59.22,9.0,9.1,5.5,False,0,Good,0.0,Rain,0.65,0.25,0,None
TRP01420,TRK032,DRV016,Masvingo,Chirundu,Masvingo → Chirundu,627,2026-01-11,15.1,82.5,274.56,1.71,469.5,841.74,159.07,30.64,105.08,39.81,804.1,37.64,14.4,14.7,4.2,True,29,Good,0.0,Cloudy,0.25,0.64,1,Chirundu Border Post
TRP01421,TRK031,DRV030,Masvingo,Beitbridge,Masvingo → Beitbridge,215,2026-04-19,20.4,94.9,98.05,1.67,163.74,262.35,67.41,36.77,40.49,13.97,322.38,-60.03,7.1,6.9,3.4,False,0,Fair,0.35,Clear,0.0,0.58,1,Beitbridge Border Post
TRP01422,TRK006,DRV039,Mutare,Chirundu,Mutare → Chirundu,598,2026-07-26,16.1,60.1,240.79,1.51,363.59,724.81,147.52,76.19,113.07,37.97,738.34,-13.53,13.8,15.3,3.9,True,94,Poor,0.8,Rain,0.65,0.68,1,Chirundu Border Post
TRP01423,TRK016,DRV036,Harare,Bulawayo,Harare → Bulawayo,440,2026-02-11,23.4,89.0,144.18,1.68,242.22,633.23,110.87,1.3,80.0,24.64,459.03,174.2,11.3,11.1,3.3,False,0,Good,0.0,Clear,0.0,0.25,0,None
TRP01424,TRK014,DRV004,Masvingo,Chirundu,Masvingo → Chirundu,627,2025-12-25,20.8,72.5,214.56,1.65,354.02,817.48,152.33,31.41,119.03,36.05,692.84,124.64,14.2,16.3,3.9,True,127,Good,0.0,Cloudy,0.25,0.64,1,Chirundu Border Post
TRP01425,TRK004,DRV042,Harare,Beitbridge,Harare → Beitbridge,582,2026-03-19,23.5,90.7,216.38,1.71,370.01,967.65,147.17,65.61,115.01,34.34,732.14,235.51,14.8,14.9,4.6,False,0,Good,0.0,Clear,0.0,0.65,1,Beitbridge Border Post
TRP01426,TRK010,DRV003,Harare,Mutare,Harare → Mutare,263,2026-08-29,10.8,48.0,90.13,1.71,154.12,360.74,65.69,18.3,44.08,16.31,298.5,62.24,7.0,7.1,2.6,False,0,Good,0.0,Cloudy,0.25,0.25,0,None
TRP01427,TRK020,DRV022,Masvingo,Beitbridge,Masvingo → Beitbridge,215,2025-11-05,14.3,52.6,70.19,1.7,119.32,315.27,67.41,39.81,35.78,12.68,275.0,40.27,6.7,9.1,3.0,True,149,Poor,0.92,Clear,0.0,0.58,1,Beitbridge Border Post
TRP01428,TRK007,DRV027,Harare,Mutare,Harare → Mutare,263,2025-12-22,16.3,65.7,83.74,1.7,142.36,374.72,70.94,12.98,51.2,14.73,292.21,82.51,7.9,7.9,3.6,False,0,Fair,0.35,Clear,0.0,0.25,0,None
TRP01429,TRK019,DRV040,Harare,Chirundu,Harare → Chirundu,335,2026-08-26,14.4,52.0,109.01,1.78,194.04,439.2,89.19,40.47,61.19,19.26,404.15,35.05,9.2,8.9,3.7,False,0,Good,0.0,Clear,0.0,0.45,1,Chirundu Border Post
TRP01430,TRK012,DRV030,Masvingo,Chirundu,Masvingo → Chirundu,627,2026-07-15,17.4,65.9,207.45,1.75,363.04,847.2,152.91,44.38,108.46,34.17,702.96,144.24,15.5,15.6,4.6,False,0,Good,0.0,Clear,0.0,0.64,1,Chirundu Border Post
TRP01431,TRK003,DRV006,Mutare,Gweru,Mutare → Gweru,365,2026-02-22,19.4,84.3,135.19,1.76,237.93,482.72,93.67,10.49,73.57,20.44,436.1,46.62,10.2,10.2,3.9,False,0,Good,0.0,Cloudy,0.25,0.25,0,None
TRP01432,TRK024,DRV025,Bulawayo,Chirundu,Bulawayo → Chirundu,775,2025-10-26,10.6,43.1,214.78,1.84,395.2,1060.14,192.77,70.66,153.32,42.24,854.19,205.95,18.3,19.9,4.1,True,119,Fair,0.35,Rain,0.65,0.72,1,Chirundu Border Post
TRP01433,TRK005,DRV019,Mutare,Beitbridge,Mutare → Beitbridge,630,2026-05-21,9.2,39.0,235.49,1.69,397.98,912.64,151.5,69.01,115.98,36.22,770.69,141.95,12.7,12.5,2.3,False,0,Fair,0.35,Clear,0.0,0.7,1,Beitbridge Border Post
TRP01434,TRK008,DRV045,Harare,Beitbridge,Harare → Beitbridge,582,2026-02-09,10.7,45.0,224.76,1.76,395.58,822.41,140.64,76.95,106.49,37.83,757.49,64.92,12.6,12.6,3.0,False,0,Fair,0.35,Clear,0.0,0.65,1,Beitbridge Border Post
TRP01435,TRK034,DRV027,Bulawayo,Chirundu,Bulawayo → Chirundu,775,2026-06-17,16.2,60.9,284.75,1.65,469.84,1099.0,182.81,62.69,129.44,45.72,890.5,208.5,15.3,15.4,2.7,False,0,Good,0.0,Clear,0.0,0.72,1,Chirundu Border Post
TRP01436,TRK014,DRV040,Bulawayo,Mutare,Bulawayo → Mutare,500,2025-10-21,21.8,76.0,188.85,1.72,324.82,644.92,116.75,13.81,99.2,28.75,583.33,61.59,15.6,15.5,5.0,False,0,Poor,0.8,Rain,0.65,0.25,0,None
TRP01437,TRK034,DRV006,Harare,Masvingo,Harare → Masvingo,292,2026-05-27,21.7,81.6,108.49,1.68,182.26,437.9,80.97,3.14,48.76,17.23,332.36,105.54,9.5,9.3,4.0,False,0,Good,0.0,Rain,0.65,0.25,0,None
TRP01438,TRK019,DRV028,Masvingo,Chirundu,Masvingo → Chirundu,627,2026-07-30,18.3,66.1,198.23,1.6,317.17,982.11,153.64,40.27,107.89,36.05,655.02,327.09,15.1,17.8,3.8,True,157,Fair,0.35,Cloudy,0.25,0.64,1,Chirundu Border Post
TRP01439,TRK017,DRV034,Bulawayo,Chirundu,Bulawayo → Chirundu,775,2026-07-13,20.6,78.3,246.82,1.64,404.78,1055.05,186.93,42.69,149.56,42.24,826.2,228.85,16.8,17.0,3.8,False,0,Good,0.0,Clear,0.0,0.72,1,Chirundu Border Post
TRP01440,TRK023,DRV009,Masvingo,Chirundu,Masvingo → Chirundu,627,2026-08-02,11.1,41.1,181.24,1.71,309.92,788.56,150.55,69.43,115.63,36.05,681.58,106.98,11.7,11.6,2.4,False,0,Good,0.0,Clear,0.0,0.64,1,Chirundu Border Post
TRP01441,TRK032,DRV034,Masvingo,Beitbridge,Masvingo → Beitbridge,215,2026-08-11,16.4,89.6,102.85,1.53,157.36,291.86,60.36,52.95,40.5,13.65,324.82,-32.96,7.8,10.0,3.9,True,136,Poor,0.8,Clear,0.0,0.58,1,Beitbridge Border Post
TRP01442,TRK032,DRV012,Gweru,Masvingo,Gweru → Masvingo,160,2026-07-31,14.9,81.4,70.11,1.74,121.99,195.08,49.62,21.88,28.75,10.16,232.4,-37.32,6.8,7.1,4.0,False,0,Good,0.0,Clear,0.0,0.25,0,None
TRP01443,TRK019,DRV013,Bulawayo,Gweru,Bulawayo → Gweru,165,2025-09-22,23.0,83.0,63.53,1.8,114.35,226.11,50.32,3.62,30.73,9.49,208.51,17.6,7.8,7.8,4.2,False,0,Poor,0.8,Clear,0.0,0.25,0,None
TRP01444,TRK002,DRV030,Harare,Masvingo,Harare → Masvingo,292,2026-08-08,21.0,89.7,95.93,1.66,159.24,360.38,72.46,15.34,49.59,18.1,314.73,45.65,9.2,9.4,4.4,False,0,Good,0.0,Clear,0.0,0.25,0,None
TRP01445,TRK014,DRV040,Harare,Masvingo,Harare → Masvingo,292,2026-04-22,13.7,47.7,94.34,1.66,156.6,366.94,77.91,12.29,57.5,16.79,321.09,45.85,7.4,7.5,2.5,False,0,Fair,0.35,Cloudy,0.25,0.25,0,None
TRP01446,TRK003,DRV022,Mutare,Beitbridge,Mutare → Beitbridge,630,2026-03-20,14.5,63.0,205.22,1.53,313.99,800.95,148.98,33.16,113.99,35.28,645.4,155.55,15.2,15.0,4.6,False,0,Fair,0.35,Clear,0.0,0.7,1,Beitbridge Border Post
TRP01447,TRK014,DRV001,Gweru,Chirundu,Gweru → Chirundu,610,2026-08-15,27.3,95.1,214.66,1.58,339.16,987.87,143.59,23.97,111.11,35.07,652.9,334.97,14.0,16.5,3.4,True,147,Fair,0.35,Cloudy,0.25,0.62,1,Chirundu Border Post
TRP01448,TRK019,DRV017,Bulawayo,Mutare,Bulawayo → Mutare,500,2025-10-26,14.1,50.9,169.7,1.74,295.28,719.87,126.61,4.51,98.96,28.75,554.11,165.76,12.6,13.7,3.6,True,65,Poor,0.8,Clear,0.0,0.25,0,None
TRP01449,TRK020,DRV033,Bulawayo,Beitbridge,Bulawayo → Beitbridge,270,2026-06-30,23.5,86.4,90.48,1.55,140.24,334.17,77.44,78.87,44.06,15.93,356.54,-22.37,8.4,8.7,3.8,False,0,Good,0.0,Clear,0.0,0.55,1,Beitbridge Border Post
TRP01450,TRK001,DRV008,Bulawayo,Chirundu,Bulawayo → Chirundu,775,2026-09-08,11.8,56.5,311.19,1.73,538.36,936.31,185.93,42.38,135.66,52.7,955.03,-18.72,17.3,17.2,4.8,False,0,Good,0.0,Clear,0.0,0.72,1,Chirundu Border Post
TRP01451,TRK022,DRV026,Bulawayo,Chirundu,Bulawayo → Chirundu,775,2026-07-10,20.7,86.2,313.44,1.62,507.77,970.32,189.75,36.75,126.34,43.4,904.01,66.31,17.4,19.6,4.4,True,133,Fair,0.35,Clear,0.0,0.72,1,Chirundu Border Post
TRP01452,TRK002,DRV012,Masvingo,Chirundu,Masvingo → Chirundu,627,2025-12-30,10.9,46.6,207.0,1.88,389.16,854.73,152.62,57.35,120.92,38.87,758.92,95.81,14.3,14.5,4.1,False,0,Good,0.0,Clear,0.0,0.64,1,Chirundu Border Post
TRP01453,TRK022,DRV044,Bulawayo,Chirundu,Bulawayo → Chirundu,775,2026-05-25,18.4,76.7,274.85,1.68,461.75,1097.13,199.23,21.38,126.01,43.4,851.77,245.36,16.2,16.1,3.2,False,0,Good,0.0,Clear,0.0,0.72,1,Chirundu Border Post
TRP01454,TRK003,DRV042,Gweru,Masvingo,Gweru → Masvingo,160,2025-11-30,14.8,64.3,58.81,1.81,106.45,193.21,52.08,12.93,28.21,8.96,208.63,-15.42,6.2,6.4,3.5,False,0,Good,0.0,Rain,0.65,0.25,0,None
TRP01455,TRK010,DRV041,Gweru,Masvingo,Gweru → Masvingo,160,2026-05-15,21.4,95.1,65.51,1.6,104.82,262.12,51.94,23.54,31.07,9.92,221.29,40.83,7.0,7.3,4.0,False,0,Good,0.0,Clear,0.0,0.25,0,None
TRP01456,TRK022,DRV030,Gweru,Chirundu,Gweru → Chirundu,610,2026-04-21,22.8,95.0,227.41,1.77,402.52,771.03,154.94,34.68,111.16,34.16,737.46,33.57,15.4,15.2,5.1,False,0,Good,0.0,Clear,0.0,0.62,1,Chirundu Border Post
TRP01457,TRK034,DRV020,Harare,Mutare,Harare → Mutare,263,2026-07-08,19.7,74.1,95.85,1.68,161.03,418.76,77.97,11.06,47.99,15.52,313.57,105.19,9.0,8.8,4.5,False,0,Poor,0.8,Cloudy,0.25,0.25,0,None
TRP01458,TRK035,DRV002,Bulawayo,Chirundu,Bulawayo → Chirundu,775,2026-01-06,13.4,64.1,313.04,1.71,535.3,991.76,182.05,77.26,133.85,48.05,976.51,15.25,16.0,16.6,2.7,True,42,Fair,0.35,Clear,0.0,0.72,1,Chirundu Border Post
TRP01459,TRK022,DRV023,Masvingo,Beitbridge,Masvingo → Beitbridge,215,2025-10-25,16.5,68.8,79.39,1.79,142.11,266.15,57.76,67.13,42.8,12.04,321.84,-55.69,6.8,9.0,3.1,True,140,Fair,0.35,Cloudy,0.25,0.58,1,Beitbridge Border Post
TRP01460,TRK018,DRV002,Harare,Beitbridge,Harare → Beitbridge,582,2026-03-14,19.2,69.6,185.74,1.69,313.9,810.08,145.09,52.47,98.07,36.96,646.49,163.59,15.0,14.8,4.3,False,0,Good,0.0,Clear,0.0,0.65,1,Beitbridge Border Post
TRP01461,TRK035,DRV011,Mutare,Masvingo,Mutare → Masvingo,380,2026-07-11,11.2,53.6,151.78,1.9,288.38,519.15,108.73,6.62,71.44,23.56,498.73,20.42,9.1,9.0,2.8,False,0,Fair,0.35,Clear,0.0,0.25,0,None
TRP01462,TRK025,DRV012,Masvingo,Chirundu,Masvingo → Chirundu,627,2026-07-23,15.9,71.6,262.92,1.68,441.71,941.87,161.17,51.9,117.8,41.7,814.28,127.59,15.0,17.7,3.9,True,160,Good,0.0,Cloudy,0.25,0.64,1,Chirundu Border Post
TRP01463,TRK020,DRV021,Harare,Masvingo,Harare → Masvingo,292,2026-09-20,25.8,94.9,99.36,1.69,167.92,463.48,77.88,26.61,54.4,17.23,344.04,119.44,9.6,9.5,4.4,False,0,Poor,0.8,Clear,0.0,0.25,0,None
TRP01464,TRK018,DRV027,Harare,Mutare,Harare → Mutare,263,2025-11-05,16.2,58.7,91.12,1.78,162.19,362.59,78.44,20.26,48.9,16.7,326.49,36.1,7.6,7.4,2.7,False,0,Poor,0.92,Cloudy,0.25,0.25,0,None
TRP01465,TRK016,DRV024,Gweru,Masvingo,Gweru → Masvingo,160,2026-05-11,13.4,51.0,48.72,1.93,94.03,183.69,47.31,29.76,26.72,8.96,206.78,-23.09,5.7,5.8,3.1,False,0,Good,0.0,Cloudy,0.25,0.25,0,None
TRP01466,TRK014,DRV034,Bulawayo,Beitbridge,Bulawayo → Beitbridge,270,2026-02-23,21.2,73.9,96.53,1.87,180.51,385.18,73.33,60.51,48.39,15.52,378.26,6.92,9.0,9.0,4.1,False,0,Fair,0.35,Clear,0.0,0.55,1,Beitbridge Border Post
TRP01467,TRK008,DRV024,Harare,Chirundu,Harare → Chirundu,335,2025-10-11,18.0,75.6,142.07,1.79,254.31,444.02,90.58,64.62,57.49,21.78,488.78,-44.76,9.3,11.5,3.4,True,128,Fair,0.35,Clear,0.0,0.45,1,Chirundu Border Post
TRP01468,TRK006,DRV029,Bulawayo,Mutare,Bulawayo → Mutare,500,2026-06-08,19.6,73.1,178.89,1.8,322.0,691.82,128.52,14.73,89.95,31.75,586.95,104.87,12.9,12.6,4.2,False,0,Good,0.0,Cloudy,0.25,0.25,0,None
TRP01469,TRK031,DRV033,Harare,Bulawayo,Harare → Bulawayo,440,2025-12-09,17.8,82.8,181.29,1.73,313.63,641.95,107.47,27.89,87.59,28.6,565.18,76.77,10.9,11.0,3.2,False,0,Fair,0.35,Cloudy,0.25,0.25,0,None
TRP01470,TRK022,DRV031,Bulawayo,Mutare,Bulawayo → Mutare,500,2026-06-17,22.8,95.0,205.57,1.7,349.47,760.6,121.63,29.93,94.6,28.0,623.63,136.97,13.9,13.8,4.7,False,0,Good,0.0,Rain,0.65,0.25,0,None
TRP01471,TRK021,DRV010,Bulawayo,Beitbridge,Bulawayo → Beitbridge,270,2025-11-11,14.6,62.9,98.03,1.75,171.55,339.95,71.88,27.85,52.55,17.55,341.38,-1.43,8.2,8.0,3.6,False,0,Fair,0.35,Clear,0.0,0.55,1,Beitbridge Border Post
TRP01472,TRK009,DRV014,Gweru,Beitbridge,Gweru → Beitbridge,375,2025-10-10,10.3,50.0,155.36,1.76,273.43,474.05,94.62,59.4,72.84,23.81,524.1,-50.05,11.0,11.0,4.5,False,0,Fair,0.35,Clear,0.0,0.52,1,Beitbridge Border Post
TRP01473,TRK025,DRV034,Mutare,Chirundu,Mutare → Chirundu,598,2025-11-20,16.2,73.0,238.06,1.64,390.42,707.08,146.55,67.72,106.19,39.77,750.65,-43.57,14.2,14.3,3.8,False,0,Good,0.0,Cloudy,0.25,0.68,1,Chirundu Border Post
TRP01474,TRK020,DRV003,Harare,Bulawayo,Harare → Bulawayo,440,2026-09-08,11.5,42.3,131.62,1.62,213.22,509.28,119.54,14.26,78.12,25.96,451.1,58.18,10.5,10.3,3.0,False,0,Fair,0.35,Clear,0.0,0.25,0,None
TRP01475,TRK006,DRV022,Masvingo,Chirundu,Masvingo → Chirundu,627,2026-05-19,13.8,51.5,219.47,1.62,355.54,891.84,146.04,60.2,103.06,39.81,704.65,187.19,13.8,15.7,2.9,True,105,Poor,0.8,Clear,0.0,0.64,1,Chirundu Border Post
TRP01476,TRK007,DRV034,Harare,Mutare,Harare → Mutare,263,2026-08-25,20.8,83.9,104.06,1.81,188.35,347.21,68.28,26.87,43.51,14.73,341.74,5.47,9.2,9.2,5.0,False,0,Fair,0.35,Cloudy,0.25,0.25,0,None
TRP01477,TRK002,DRV037,Bulawayo,Beitbridge,Bulawayo → Beitbridge,270,2026-02-28,14.4,61.5,103.06,1.83,188.6,420.83,71.3,46.08,45.17,16.74,367.89,52.94,8.5,9.3,3.5,True,47,Fair,0.35,Cloudy,0.25,0.55,1,Beitbridge Border Post
TRP01478,TRK014,DRV021,Beitbridge,Chirundu,Beitbridge → Chirundu,830,2026-01-02,20.6,71.8,282.13,1.71,482.44,1163.59,191.3,47.75,146.72,47.72,915.93,247.66,18.1,20.5,3.9,True,144,Fair,0.35,Rain,0.65,0.78,1,Chirundu Border Post
TRP01479,TRK019,DRV018,Bulawayo,Mutare,Bulawayo → Mutare,500,2026-06-21,22.0,79.4,186.98,1.64,306.65,645.09,122.35,24.54,95.59,28.75,577.88,67.21,13.3,15.0,3.8,True,110,Poor,0.8,Cloudy,0.25,0.25,0,None
TRP01480,TRK029,DRV043,Bulawayo,Chirundu,Bulawayo → Chirundu,775,2025-11-21,22.2,94.9,328.34,1.69,554.89,979.98,175.32,51.82,144.38,49.21,975.62,4.36,19.6,20.0,5.4,True,25,Fair,0.35,Clear,0.0,0.72,1,Chirundu Border Post
TRP01481,TRK010,DRV011,Bulawayo,Masvingo,Bulawayo → Masvingo,260,2026-02-09,12.7,56.4,103.16,1.87,192.91,316.46,64.87,28.19,50.83,16.12,352.92,-36.46,7.8,7.6,3.3,False,0,Good,0.0,Clear,0.0,0.25,0,None
TRP01482,TRK001,DRV040,Harare,Masvingo,Harare → Masvingo,292,2026-07-05,13.6,65.1,126.92,1.78,225.92,433.97,79.32,4.27,49.21,19.86,378.58,55.39,8.5,8.7,3.6,False,0,Poor,0.8,Clear,0.0,0.25,0,None
TRP01483,TRK007,DRV014,Gweru,Beitbridge,Gweru → Beitbridge,375,2026-06-26,23.6,95.2,148.34,1.68,249.21,586.22,98.67,43.61,60.94,21.0,473.43,112.79,11.3,13.3,4.6,True,94,Fair,0.35,Cloudy,0.25,0.52,1,Beitbridge Border Post
TRP01484,TRK021,DRV018,Mutare,Gweru,Mutare → Gweru,365,2025-12-03,15.5,66.8,139.1,1.74,242.03,427.15,91.95,24.75,62.09,23.73,444.55,-17.4,10.3,10.3,3.7,False,0,Fair,0.35,Cloudy,0.25,0.25,0,None
TRP01485,TRK016,DRV011,Bulawayo,Beitbridge,Bulawayo → Beitbridge,270,2025-10-28,20.2,76.8,87.7,1.89,165.75,409.41,70.97,39.1,50.86,15.12,341.8,67.61,8.6,11.1,3.3,True,163,Fair,0.35,Rain,0.65,0.55,1,Beitbridge Border Post
TRP01486,TRK022,DRV035,Bulawayo,Beitbridge,Bulawayo → Beitbridge,270,2026-05-07,14.7,61.2,95.39,1.61,153.58,376.46,74.28,31.5,53.97,15.12,328.45,48.01,8.2,8.3,3.8,False,0,Good,0.0,Clear,0.0,0.55,1,Beitbridge Border Post
TRP01487,TRK009,DRV002,Harare,Mutare,Harare → Mutare,263,2026-05-21,13.9,67.5,117.47,1.61,189.13,317.13,77.36,18.71,51.26,16.7,353.16,-36.03,7.9,7.8,3.2,False,0,Fair,0.35,Cloudy,0.25,0.25,0,None
TRP01488,TRK007,DRV025,Harare,Mutare,Harare → Mutare,263,2025-10-19,18.7,75.4,83.07,1.76,146.2,316.69,70.6,3.73,42.75,14.73,278.01,38.68,8.7,8.7,3.7,False,0,Good,0.0,Clear,0.0,0.25,0,None
TRP01489,TRK028,DRV026,Harare,Gweru,Harare → Gweru,275,2025-12-22,18.2,77.4,112.81,1.88,212.08,365.9,75.29,28.92,46.15,16.64,379.08,-13.18,8.4,8.3,3.8,False,0,Good,0.0,Cloudy,0.25,0.25,0,None
TRP01490,TRK029,DRV040,Masvingo,Chirundu,Masvingo → Chirundu,627,2026-03-23,17.4,74.4,250.21,1.67,417.85,760.08,150.27,43.12,101.99,39.81,753.04,7.04,15.0,15.9,2.7,True,64,Poor,0.92,Cloudy,0.25,0.64,1,Chirundu Border Post
TRP01491,TRK022,DRV013,Bulawayo,Beitbridge,Bulawayo → Beitbridge,270,2026-09-22,17.2,71.7,100.13,1.66,166.22,422.73,75.79,46.93,54.25,15.12,358.31,64.42,8.9,8.9,4.0,False,0,Good,0.0,Clear,0.0,0.55,1,Beitbridge Border Post
TRP01492,TRK006,DRV030,Gweru,Chirundu,Gweru → Chirundu,610,2026-07-09,19.8,73.9,208.39,1.72,358.43,733.53,144.51,79.68,104.83,38.73,726.18,7.35,15.5,18.0,4.4,True,133,Fair,0.35,Cloudy,0.25,0.62,1,Chirundu Border Post
TRP01493,TRK006,DRV045,Harare,Beitbridge,Harare → Beitbridge,582,2026-05-19,21.0,78.4,215.05,1.75,376.34,757.28,139.83,41.69,104.04,36.96,698.86,58.42,15.8,15.7,4.2,False,0,Poor,0.8,Clear,0.0,0.65,1,Beitbridge Border Post
TRP01494,TRK030,DRV020,Harare,Masvingo,Harare → Masvingo,292,2026-09-07,11.4,55.6,121.88,1.9,231.57,335.89,81.51,21.57,48.42,18.1,401.17,-65.28,8.2,8.2,3.3,False,0,Fair,0.35,Clear,0.0,0.25,0,None
TRP01495,TRK030,DRV031,Beitbridge,Chirundu,Beitbridge → Chirundu,830,2026-01-18,6.4,31.2,392.08,1.74,682.22,1092.67,191.19,79.29,136.78,51.46,1140.94,-48.27,20.0,19.9,4.0,False,0,Poor,0.92,Cloudy,0.25,0.78,1,Chirundu Border Post
TRP01496,TRK010,DRV040,Bulawayo,Gweru,Bulawayo → Gweru,165,2026-02-01,16.0,71.1,67.78,1.68,113.87,195.62,49.89,8.5,32.12,10.23,214.61,-18.99,5.3,5.5,2.6,False,0,Fair,0.35,Clear,0.0,0.25,0,None
TRP01497,TRK026,DRV012,Mutare,Gweru,Mutare → Gweru,365,2026-09-15,21.4,75.9,128.78,1.79,230.52,601.66,97.75,28.45,63.91,23.18,443.81,157.85,10.7,10.9,4.3,False,0,Good,0.0,Clear,0.0,0.25,0,None
TRP01498,TRK021,DRV030,Bulawayo,Chirundu,Bulawayo → Chirundu,775,2026-05-29,18.9,81.5,322.35,1.65,531.88,1009.24,180.92,59.51,131.37,50.38,954.06,55.18,19.1,19.3,4.0,False,0,Poor,0.8,Clear,0.0,0.72,1,Chirundu Border Post
TRP01499,TRK005,DRV031,Harare,Bulawayo,Harare → Bulawayo,440,2025-11-18,20.3,86.0,143.81,1.76,253.11,688.62,120.52,7.11,73.39,25.3,479.43,209.19,11.5,11.6,3.6,False,0,Good,0.0,Clear,0.0,0.25,0,None
TRP01500,TRK031,DRV030,Mutare,Gweru,Mutare → Gweru,365,2025-12-18,19.8,92.1,165.21,1.59,262.68,582.76,100.12,17.51,70.64,23.73,474.68,108.08,11.3,11.5,5.0,False,0,Poor,0.92,Clear,0.0,0.25,0,None
